{
	"DisplayName": "DEMO MAP",
	"Description": "A DEMO MAP FOR THE ID@XBOX TEAM",
	"WorldBounds": "-30.0 -15.0 60.0 50.0",
	"SpawnPoints": [
		{
			"Position": "-22.0 10.0",
			"Mask": "Player|Team0|FreeForAll|Deathmatch|CaptureTheFlag|Keepaway|Race"
		},
		{
			"Position": "-20.0 1.0",
			"Mask": "Player|Team0|Deathmatch|CaptureTheFlag|Keepaway|Race"
		},
		{
			"Position": "-19.5 -5.5",
			"Mask": "Weapon1"
		},
		{
			"Position": "-28.5 10.5",
			"Mask": "Player|Team0|Deathmatch|CaptureTheFlag|Keepaway|Race"
		},
		{
			"Position": "-24.0 1.0",
			"Mask": "Player|Team0|FreeForAll|Deathmatch|CaptureTheFlag|Keepaway|Race"
		},
		{
			"Position": "-22.0 1.0",
			"Mask": "Objective|Team0|CaptureTheFlag"
		},
		{
			"Position": "-18.25 -10.0",
			"Mask": "Player|Team0|FreeForAll|Deathmatch|CaptureTheFlag|Keepaway|Race"
		},
		{
			"Position": "-16.5 -0.5",
			"Flipped": true,
			"Mask": "Player|Team0"
		},
		{
			"Position": "-14.0 1.0",
			"Mask": "Weapon0"
		},
		{
			"Position": "-26.0 -13.5",
			"Mask": "Weapon2"
		},
		{
			"Position": "-14.0 2.5",
			"Flipped": true,
			"Mask": "Player|Team0|Deathmatch|CaptureTheFlag|Keepaway|Race"
		},
		{
			"Position": "-29.0 17.5",
			"Mask": "Weapon3"
		},
		{
			"Position": "0.0 17.5",
			"Mask": "Weapon5"
		},
		{
			"Position": "-14.0 -4.0",
			"Flipped": true,
			"Mask": "Player|Team0|FreeForAll|Deathmatch|CaptureTheFlag|Keepaway|Race"
		},
		{
			"Position": "-18.0 12.0",
			"Mask": "Weapon1"
		},
		{
			"Position": "-12.0 -8.0",
			"Mask": "Weapon1"
		},
		{
			"Position": "18.0 12.0",
			"Flipped": true,
			"Mask": "Weapon1"
		},
		{
			"Position": "-11.5 1.0",
			"Mask": "Weapon2"
		},
		{
			"Position": "11.5 1.0",
			"Flipped": true,
			"Mask": "Weapon2"
		},
		{
			"Position": "26.0 -13.5",
			"Flipped": true,
			"Mask": "Weapon2"
		},
		{
			"Position": "12.0 -8.0",
			"Mask": "Weapon1"
		},
		{
			"Position": "18.25 -10.0",
			"Flipped": true,
			"Mask": "Player|Team1|FreeForAll|Deathmatch|CaptureTheFlag|Keepaway|Race"
		},
		{
			"Position": "19.5 -6.0",
			"Flipped": true,
			"Mask": "Weapon1"
		},
		{
			"Position": "-21.5 -9.5",
			"Mask": "Player|Team0|FreeForAll|Deathmatch|CaptureTheFlag|Keepaway|Race"
		},
		{
			"Position": "-26.0 3.0",
			"Mask": "Weapon1"
		},
		{
			"Position": "14.0 1.0",
			"Flipped": true,
			"Mask": "Weapon0"
		},
		{
			"Position": "14.0 2.5",
			"Mask": "Player|Team1|Deathmatch|CaptureTheFlag|Keepaway|Race"
		},
		{
			"Position": "20.0 1.0",
			"Flipped": true,
			"Mask": "Player|Team1|Deathmatch|CaptureTheFlag|Keepaway|Race"
		},
		{
			"Position": "22.0 1.0",
			"Mask": "Objective|Team1|CaptureTheFlag"
		},
		{
			"Position": "24.0 1.0",
			"Flipped": true,
			"Mask": "Player|Team1|FreeForAll|Deathmatch|CaptureTheFlag|Keepaway|Race"
		},
		{
			"Position": "26.0 3.0",
			"Flipped": true,
			"Mask": "Weapon1"
		},
		{
			"Position": "29.0 17.5",
			"Flipped": true,
			"Mask": "Weapon3"
		},
		{
			"Position": "21.5 -9.5",
			"Flipped": true,
			"Mask": "Player|Team1|Deathmatch|CaptureTheFlag|Keepaway|Race"
		},
		{
			"Position": "28.5 10.5",
			"Flipped": true,
			"Mask": "Player|Team1|Deathmatch|CaptureTheFlag|Keepaway|Race"
		},
		{
			"Position": "22.0 10.0",
			"Flipped": true,
			"Mask": "Player|Team1|FreeForAll|Deathmatch|CaptureTheFlag|Keepaway|Race"
		},
		{
			"Position": "14.0 -4.0",
			"Mask": "Player|Team1|FreeForAll|Deathmatch|CaptureTheFlag|Keepaway|Race"
		},
		{
			"Position": "16.5 -0.5",
			"Mask": "Player|Team1"
		},
		{
			"Position": "0.0 -5.5",
			"Mask": "Weapon4"
		},
		{
			"Position": "0.0 3.0",
			"Mask": "Objective|FreeForAll|Keepaway"
		},
		{
			"Position": "0.0 13.5",
			"Mask": "Objective|FreeForAll|Keepaway"
		},
		{
			"Position": "0.0 -12.5",
			"Mask": "Objective|FreeForAll|Keepaway"
		}
	],
	"Entities": {
		"Platforms": [
			{
				"Position": "-23.5 5.0",
				"Size": "7.0 4.5",
				"HotZone": true
			},
			{
				"Position": "-30.5 -15.5",
				"Size": "3.5 25.5"
			},
			{
				"Position": "-25.0 -3.5",
				"Size": "6.0 4.0",
				"HotZone": true
			},
			{
				"Position": "-23.0 0.5",
				"Size": "2.0 0.5",
				"OneWay": true
			},
			{
				"Position": "-27.5 2.0",
				"Size": "2.5 0.5",
				"OneWay": true
			},
			{
				"Position": "-15.5 -3.0",
				"Size": "2.5 3.5"
			},
			{
				"Position": "-13.0 3.0",
				"Size": "1.0 6.0"
			},
			{
				"Position": "-15.0 0.5",
				"Size": "2.5 1.5",
				"OneWay": true
			},
			{
				"Position": "-14.5 3.5",
				"Size": "2.0 0.5",
				"OneWay": true
			},
			{
				"Position": "-17.0 5.0",
				"Size": "2.0 0.5",
				"OneWay": true
			},
			{
				"Position": "-14.5 6.5",
				"Size": "2.0 0.5",
				"OneWay": true
			},
			{
				"Position": "-17.0 8.0",
				"Size": "2.0 0.5",
				"OneWay": true
			},
			{
				"Position": "-30.5 15.5",
				"Size": "2.5 1.5"
			},
			{
				"Position": "-21.5 -8.0",
				"Size": "4.0 1.0",
				"OneWay": true
			},
			{
				"Position": "-27.0 -11.5",
				"Size": "2.0 4.5"
			},
			{
				"Position": "-27.0 -15.5",
				"Size": "5.5 1.5"
			},
			{
				"Position": "-25.0 -11.5",
				"Size": "2.0 3.0"
			},
			{
				"Position": "-21.5 -15.5",
				"Size": "6.5 2.0"
			},
			{
				"Position": "-19.5 -13.5",
				"Size": "2.5 1.5",
				"OneWay": true
			},
			{
				"Position": "-19.5 -3.0",
				"Size": "2.5 0.5",
				"OneWay": true
			},
			{
				"Position": "-17.5 -1.5",
				"Size": "2.5 0.5",
				"OneWay": true
			},
			{
				"Position": "-17.0 -5.5",
				"Size": "4.0 1.0"
			},
			{
				"Position": "-27.0 16.0",
				"Size": "2.0 0.5",
				"OneWay": true,
				"Moving": true,
				"Path": [
					{
						"Time": 0.0,
						"Value": {
							"Position": "-27.0 16.0",
							"Action": "Normal"
						}
					},
					{
						"Time": 3.0,
						"Value": {
							"Position": "-27.0 16.0",
							"Action": "Normal"
						}
					},
					{
						"Time": 7.0,
						"Value": {
							"Position": "-18.5 16.0",
							"Action": "Normal"
						}
					},
					{
						"Time": 10.0,
						"Value": {
							"Position": "-18.5 16.0",
							"Action": "Normal"
						}
					},
					{
						"Time": 13.0,
						"Value": {
							"Position": "-27.0 16.0",
							"Action": "Normal"
						}
					}
				]
			},
			{
				"Position": "-7.0 6.5",
				"Size": "4.5 2.0",
				"Conveyance": -1.0
			},
			{
				"Position": "2.5 6.5",
				"Size": "4.5 2.0",
				"Conveyance": 1.0
			},
			{
				"Position": "-15.0 -15.5",
				"Size": "7.5 5.5"
			},
			{
				"Position": "-23.0 -11.5",
				"Size": "3.0 1.5"
			},
			{
				"Position": "-16.5 -11.0",
				"Size": "1.5 2.0"
			},
			{
				"Position": "-19.0 -11.0",
				"Size": "1.5 0.5",
				"OneWay": true
			},
			{
				"Position": "-20.5 -7.0",
				"Size": "2.0 1.0",
				"OneWay": true
			},
			{
				"Position": "-13.5 -10.0",
				"Size": "4.5 1.5",
				"OneWay": true
			},
			{
				"Position": "-6.5 -15.5",
				"Size": "3.0 3.5"
			},
			{
				"Position": "-3.5 -15.5",
				"Size": "2.5 2.0",
				"Impassable": true
			},
			{
				"Position": "-26.5 -6.0",
				"Size": "1.0 0.5",
				"OneWay": true,
				"Moving": true,
				"Path": [
					{
						"Time": 0.0,
						"Value": {
							"Position": "-26.5 -6.0",
							"Action": "Normal"
						}
					},
					{
						"Time": 3.0,
						"Value": {
							"Position": "-26.5 -6.0",
							"Action": "Normal"
						}
					},
					{
						"Time": 7.0,
						"Value": {
							"Position": "-26.5 -0.5",
							"Action": "Normal"
						}
					},
					{
						"Time": 10.0,
						"Value": {
							"Position": "-26.5 -6.0",
							"Action": "Normal"
						}
					},
					{
						"Time": 13.0,
						"Value": {
							"Position": "-26.5 -6.0",
							"Action": "Normal"
						}
					}
				]
			},
			{
				"Position": "-26.0 3.5",
				"Size": "1.5 0.5",
				"OneWay": true,
				"Moving": true,
				"Path": [
					{
						"Time": 0.0,
						"Value": {
							"Position": "-26.0 3.5",
							"Action": "Normal"
						}
					},
					{
						"Time": 3.0,
						"Value": {
							"Position": "-26.0 3.5",
							"Action": "Normal"
						}
					},
					{
						"Time": 6.0,
						"Value": {
							"Position": "-26.0 8.0",
							"Action": "Normal"
						}
					},
					{
						"Time": 9.0,
						"Value": {
							"Position": "-26.0 8.0",
							"Action": "Normal"
						}
					},
					{
						"Time": 12.0,
						"Value": {
							"Position": "-26.0 3.5",
							"Action": "Normal"
						}
					}
				]
			},
			{
				"Position": "-7.5 -15.5",
				"Size": "1.0 6.0"
			},
			{
				"Position": "-12.0 6.5",
				"Size": "1.0 3.0"
			},
			{
				"Position": "-11.5 7.5",
				"Size": "5.0 0.5",
				"OneWay": true
			},
			{
				"Position": "6.5 7.5",
				"Size": "5.0 0.5",
				"OneWay": true
			},
			{
				"Position": "-7.0 -12.0",
				"Size": "2.0 1.0",
				"OneWay": true
			},
			{
				"Position": "27.0 -15.5",
				"Size": "3.5 25.5"
			},
			{
				"Position": "21.5 -15.5",
				"Size": "5.5 1.5"
			},
			{
				"Position": "15.0 -15.5",
				"Size": "6.5 2.0"
			},
			{
				"Position": "7.5 -15.5",
				"Size": "7.5 5.5"
			},
			{
				"Position": "3.5 -15.5",
				"Size": "3.0 3.5"
			},
			{
				"Position": "6.5 -15.5",
				"Size": "1.0 6.0"
			},
			{
				"Position": "5.0 -12.0",
				"Size": "2.0 1.0",
				"OneWay": true
			},
			{
				"Position": "9.0 -10.0",
				"Size": "4.5 1.5",
				"OneWay": true
			},
			{
				"Position": "15.0 -11.0",
				"Size": "1.5 2.0"
			},
			{
				"Position": "25.0 -11.5",
				"Size": "2.0 4.5"
			},
			{
				"Position": "23.0 -11.5",
				"Size": "2.0 2.5"
			},
			{
				"Position": "20.0 -11.5",
				"Size": "3.0 1.5"
			},
			{
				"Position": "17.5 -11.0",
				"Size": "1.5 0.5",
				"OneWay": true
			},
			{
				"Position": "17.0 -13.5",
				"Size": "2.5 1.5",
				"OneWay": true
			},
			{
				"Position": "19.0 -3.5",
				"Size": "6.0 4.0",
				"HotZone": true
			},
			{
				"Position": "-13.0 -5.5",
				"Size": "1.0 8.0",
				"Impassable": true
			},
			{
				"Position": "12.0 -5.5",
				"Size": "1.0 8.0",
				"Impassable": true
			},
			{
				"Position": "12.0 3.0",
				"Size": "1.0 6.0"
			},
			{
				"Position": "11.0 6.5",
				"Size": "1.0 3.0"
			},
			{
				"Position": "13.0 -3.0",
				"Size": "2.5 3.5"
			},
			{
				"Position": "13.0 -5.5",
				"Size": "4.0 1.0"
			},
			{
				"Position": "17.5 -8.5",
				"Size": "4.0 1.0",
				"OneWay": true
			},
			{
				"Position": "18.5 -7.5",
				"Size": "2.0 1.0",
				"OneWay": true
			},
			{
				"Position": "25.5 -6.0",
				"Size": "1.0 0.5",
				"OneWay": true,
				"Moving": true,
				"Path": [
					{
						"Time": 0.0,
						"Value": {
							"Position": "25.5 -6.0",
							"Action": "Normal"
						}
					},
					{
						"Time": 3.0,
						"Value": {
							"Position": "25.5 -6.0",
							"Action": "Normal"
						}
					},
					{
						"Time": 7.0,
						"Value": {
							"Position": "25.5 -0.5",
							"Action": "Normal"
						}
					},
					{
						"Time": 10.0,
						"Value": {
							"Position": "25.5 -6.0",
							"Action": "Normal"
						}
					},
					{
						"Time": 13.0,
						"Value": {
							"Position": "25.5 -6.0",
							"Action": "Normal"
						}
					}
				]
			},
			{
				"Position": "16.5 5.0",
				"Size": "7.0 4.5",
				"HotZone": true
			},
			{
				"Position": "21.0 0.5",
				"Size": "2.0 0.5",
				"OneWay": true
			},
			{
				"Position": "12.5 0.5",
				"Size": "2.5 1.5",
				"OneWay": true
			},
			{
				"Position": "28.0 15.5",
				"Size": "2.5 1.5"
			},
			{
				"Position": "24.5 16.0",
				"Size": "2.0 0.5",
				"OneWay": true,
				"Moving": true,
				"Path": [
					{
						"Time": 0.0,
						"Value": {
							"Position": "24.5 16.0",
							"Action": "Normal"
						}
					},
					{
						"Time": 3.0,
						"Value": {
							"Position": "24.5 16.0",
							"Action": "Normal"
						}
					},
					{
						"Time": 7.0,
						"Value": {
							"Position": "16.5 16.0",
							"Action": "Normal"
						}
					},
					{
						"Time": 10.0,
						"Value": {
							"Position": "16.5 16.0",
							"Action": "Normal"
						}
					},
					{
						"Time": 13.0,
						"Value": {
							"Position": "24.5 16.0",
							"Action": "Normal"
						}
					}
				]
			},
			{
				"Position": "12.5 3.5",
				"Size": "2.0 0.5",
				"OneWay": true
			},
			{
				"Position": "15.0 5.0",
				"Size": "2.0 0.5",
				"OneWay": true
			},
			{
				"Position": "12.5 6.5",
				"Size": "2.0 0.5",
				"OneWay": true
			},
			{
				"Position": "15.0 8.0",
				"Size": "2.0 0.5",
				"OneWay": true
			},
			{
				"Position": "25.0 2.0",
				"Size": "2.5 0.5",
				"OneWay": true
			},
			{
				"Position": "24.5 3.5",
				"Size": "1.5 0.5",
				"OneWay": true,
				"Moving": true,
				"Path": [
					{
						"Time": 0.0,
						"Value": {
							"Position": "24.5 3.5",
							"Action": "Normal"
						}
					},
					{
						"Time": 3.0,
						"Value": {
							"Position": "24.5 3.5",
							"Action": "Normal"
						}
					},
					{
						"Time": 6.0,
						"Value": {
							"Position": "24.5 8.0",
							"Action": "Normal"
						}
					},
					{
						"Time": 9.0,
						"Value": {
							"Position": "24.5 8.0",
							"Action": "Normal"
						}
					},
					{
						"Time": 12.0,
						"Value": {
							"Position": "24.5 3.5",
							"Action": "Normal"
						}
					}
				]
			},
			{
				"Position": "17.0 -3.0",
				"Size": "2.5 0.5",
				"OneWay": true
			},
			{
				"Position": "15.0 -1.5",
				"Size": "2.5 0.5",
				"OneWay": true
			},
			{
				"Position": "-2.0 -13.5",
				"Size": "4.0 3.5",
				"OneWay": true
			},
			{
				"Position": "-2.5 -13.5",
				"Size": "2.0 2.0",
				"OneWay": true
			},
			{
				"Position": "0.5 -13.5",
				"Size": "2.0 2.0",
				"OneWay": true
			},
			{
				"Position": "-1.0 -15.5",
				"Size": "2.0 2.5"
			},
			{
				"Position": "-2.0 0.0",
				"Size": "4.0 0.5",
				"OneWay": true
			},
			{
				"Position": "-6.0 -0.5",
				"Size": "3.5 1.0"
			},
			{
				"Position": "2.5 -0.5",
				"Size": "3.5 1.0"
			},
			{
				"Position": "-2.5 -0.5",
				"Size": "1.0 1.5"
			},
			{
				"Position": "1.5 -0.5",
				"Size": "1.0 1.5"
			},
			{
				"Position": "-5.0 0.5",
				"Size": "1.5 1.5",
				"OneWay": true
			},
			{
				"Position": "3.5 0.5",
				"Size": "1.5 1.5",
				"OneWay": true
			},
			{
				"Position": "6.5 0.5",
				"Size": "4.0 3.5",
				"OneWay": true
			},
			{
				"Position": "6.0 -0.5",
				"Size": "2.5 3.0"
			},
			{
				"Position": "8.5 -0.5",
				"Size": "3.5 1.0"
			},
			{
				"Position": "8.0 0.5",
				"Size": "3.0 1.0",
				"OneWay": true
			},
			{
				"Position": "-8.5 -0.5",
				"Size": "2.5 3.0"
			},
			{
				"Position": "-12.0 -0.5",
				"Size": "3.5 1.0"
			},
			{
				"Position": "-10.5 0.5",
				"Size": "4.0 3.5",
				"OneWay": true
			},
			{
				"Position": "-11.0 0.5",
				"Size": "3.0 1.0",
				"OneWay": true
			},
			{
				"Position": "-1.0 2.0",
				"Size": "2.0 0.5",
				"OneWay": true
			},
			{
				"Position": "-3.0 -3.5",
				"Size": "6.0 1.0",
				"HotZone": true
			},
			{
				"Position": "-7.0 -5.5",
				"Size": "4.5 1.0",
				"OneWay": true
			},
			{
				"Position": "2.5 -5.5",
				"Size": "4.5 1.0",
				"OneWay": true
			},
			{
				"Position": "-2.0 -7.5",
				"Size": "1.5 1.0"
			},
			{
				"Position": "0.5 -7.5",
				"Size": "1.5 1.0"
			},
			{
				"Position": "2.0 -7.5",
				"Size": "1.0 4.0"
			},
			{
				"Position": "-3.0 -7.5",
				"Size": "1.0 4.0"
			},
			{
				"Position": "-1.0 -6.5",
				"Size": "2.0 0.5",
				"OneWay": true
			},
			{
				"Position": "8.0 -10.0",
				"Size": "2.0 3.5",
				"OneWay": true
			},
			{
				"Position": "-10.0 -10.0",
				"Size": "2.0 3.5",
				"OneWay": true
			},
			{
				"Position": "-2.5 4.5",
				"Size": "1.0 1.0"
			},
			{
				"Position": "-3.5 4.5",
				"Size": "1.0 2.0"
			},
			{
				"Position": "2.5 4.5",
				"Size": "1.0 2.0"
			},
			{
				"Position": "1.5 4.5",
				"Size": "1.0 1.0"
			},
			{
				"Position": "-0.5 4.0",
				"Size": "1.0 0.5",
				"OneWay": true
			},
			{
				"Position": "-19.0 9.5",
				"Size": "2.0 2.0",
				"OneWay": true
			},
			{
				"Position": "-16.0 13.0",
				"Size": "2.5 0.5",
				"OneWay": true
			},
			{
				"Position": "17.0 9.5",
				"Size": "2.0 2.0",
				"OneWay": true
			},
			{
				"Position": "13.5 13.0",
				"Size": "2.5 0.5",
				"OneWay": true
			},
			{
				"Position": "-15.5 13.5",
				"Size": "1.5 2.0",
				"OneWay": true
			},
			{
				"Position": "14.0 13.5",
				"Size": "1.5 2.0",
				"OneWay": true
			},
			{
				"Position": "-2.5 11.0",
				"Size": "5.0 2.0",
				"OneWay": true,
				"HotZone": true
			},
			{
				"Position": "-1.5 13.0",
				"Size": "3.0 2.0",
				"OneWay": true
			},
			{
				"Position": "-0.5 15.0",
				"Size": "1.0 2.0",
				"OneWay": true
			},
			{
				"Name": "Thing",
				"Position": "-12.5 12.0",
				"Size": "2.0 0.5",
				"OneWay": true,
				"Moving": true,
				"Path": [
					{
						"Time": 0.0,
						"Value": {
							"Position": "-12.5 12.0",
							"Action": "Normal"
						}
					},
					{
						"Time": 3.0,
						"Value": {
							"Position": "-12.5 12.0",
							"Action": "Normal"
						}
					},
					{
						"Time": 7.0,
						"Value": {
							"Position": "-5.5 12.0",
							"Action": "Normal"
						}
					},
					{
						"Time": 10.0,
						"Value": {
							"Position": "-5.5 12.0",
							"Action": "Normal"
						}
					},
					{
						"Time": 13.0,
						"Value": {
							"Position": "-12.5 12.0",
							"Action": "Normal"
						}
					}
				]
			},
			{
				"Position": "10.5 12.0",
				"Size": "2.0 0.5",
				"OneWay": true,
				"Moving": true,
				"Path": [
					{
						"Time": 0.0,
						"Value": {
							"Position": "10.5 12.0",
							"Action": "Normal"
						}
					},
					{
						"Time": 3.0,
						"Value": {
							"Position": "10.5 12.0",
							"Action": "Normal"
						}
					},
					{
						"Time": 7.0,
						"Value": {
							"Position": "3.5 12.0",
							"Action": "Normal"
						}
					},
					{
						"Time": 10.0,
						"Value": {
							"Position": "3.5 12.0",
							"Action": "Normal"
						}
					},
					{
						"Time": 13.0,
						"Value": {
							"Position": "10.5 12.0",
							"Action": "Normal"
						}
					}
				]
			},
			{
				"Position": "-0.5 -10.0",
				"Size": "1.0 2.0",
				"OneWay": true
			},
			{
				"Position": "-1.0 -2.5",
				"Size": "2.0 1.5",
				"OneWay": true
			},
			{
				"Position": "1.0 -15.5",
				"Size": "2.5 2.0",
				"Impassable": true
			}
		],
		"Hazards": [
			{
				"Position": "-3.5 -13.526322",
				"Size": "2.5 0.5",
				"Data": "Gap"
			},
			{
				"Position": "1.0 -13.53",
				"Size": "2.5 0.5",
				"Data": "Gap"
			},
			{
				"Position": "-2.5 5.5",
				"Size": "1.0 3.0",
				"Data": "Wind",
				"WindDirection": "0.0 1.0"
			},
			{
				"Position": "1.5 5.5",
				"Size": "1.0 3.0",
				"Data": "Wind",
				"WindDirection": "0.0 1.0"
			}
		]
	},
	"Backgrounds": []
}