{
	"DataType": "Arms",
	"DisplayName": "ARM BONES",
	"Description": "THE ARM BONES CONNECTED THE LOWER RESPAWN TIME, THE LOWER RESPAWN TIME'S CONNECTED TO THE LIVING LONGER.",
	"Classification": "Dull",
	"Modifiers": {
		"RespawnSpeed": -0.5
	},
	"LeftHumerus": {
		"Name": "LeftHumerus",
		"Position": "0.3005 0.7102",
		"Size": "0.1737 0.0916",
		"Offset": "0.1621 0.5",
		"Shape": [
			"0.086667 0.177778",
			"0.076667 0.791282",
			"0.903333 0.905128",
			"0.916667 0.120855"
		]
	},
	"LeftRadius": {
		"Name": "LeftRadius",
		"Position": "1.0232 0.4994",
		"Size": "0.2723 0.1503",
		"Offset": "0.0991 0.2813",
		"Shape": [
			"0.046667 0.432083",
			"0.92 0.939583",
			"0.96 0.154167",
			"0.043333 0.111875"
		]
	},
	"LeftElbow": {
		"Name": "LeftElbow",
		"UseFallbackTexture": false
	},
	"LeftHand": {
		"Name": "LeftHand"
	},
	"RightHumerus": {
		"Name": "RightHumerus",
		"Position": "0.3005 0.710201",
		"Size": "0.1737 0.0916",
		"Offset": "0.1621 0.5",
		"Shape": [
			"0.086667 0.177778",
			"0.076667 0.791282",
			"0.903333 0.905128",
			"0.916667 0.120855"
		]
	},
	"RightRadius": {
		"Name": "RightRadius",
		"Position": "1.023199 0.499402",
		"Size": "0.2723 0.1503",
		"Offset": "0.0991 0.28125",
		"Shape": [
			"0.046667 0.432083",
			"0.92 0.939583",
			"0.96 0.154167",
			"0.043333 0.111875"
		]
	},
	"RightElbow": {
		"Name": "RightElbow",
		"UseFallbackTexture": false
	},
	"RightHand": {
		"Name": "RightHand"
	}
}