{
	"DataType": "Booster",
	"DisplayName": "BOOSTER",
	"Description": "GET A SMALL BOOST IN THE DIRECITON OF YOUR CHOOSING. INCLUDING, BUT NOT LIMITED TOO, \"UP\"",
	"Classification": "Cool",
	"HasAbility": true,
	"EnergyRequirement": 1000,
	"EnergyDischargeAmount": 1000,
	"EnergyDischargeTime": 0.0,
	"EnergyRechargeTime": 2.0,
	"EnergyRechargeTimeout": 1.0,
	"LeftHumerus": {
		"Name": "LeftHumerus",
		"LeftOrder": 20,
		"RightOrder": 5,
		"Position": "0.3005 0.7102",
		"Size": "0.2324 0.115",
		"Offset": "0.21 0.5",
		"Shape": [
			"0.036667 0.631059",
			"0.246667 0.930824",
			"0.843333 0.900078",
			"0.983333 0.492706",
			"0.813333 0.100706",
			"0.143333 0.131451"
		]
	},
	"LeftRadius": {
		"Name": "LeftRadius",
		"LeftOrder": 10,
		"RightOrder": 15,
		"Position": "0.7632 0.6054",
		"Size": "0.2935 0.1784",
		"Offset": "0.0752 0.4701",
		"Shape": [
			"0.723333 0.951129",
			"0.976667 0.846404",
			"0.833333 0.350709",
			"0.12 0.120315",
			"0.026667 0.692808"
		],
		"Children": [
			{
				"Name": "LeftBooster",
				"LeftOrder": 5,
				"RightOrder": 20,
				"Position": "0.26 0.355999",
				"Size": "0.0974 0.0693",
				"Offset": "0.5 0.5",
				"Shape": [
					"0.196667 0.859322",
					"0.886667 0.990621",
					"1.0 0.155932",
					"0.363333 0.0",
					"0.083333 0.10904",
					"0.016667 0.652994"
				]
			}
		]
	},
	"LeftElbow": {
		"Name": "LeftElbow",
		"UseFallbackTexture": false
	},
	"RightHumerus": {
		"Name": "RightHumerus",
		"LeftOrder": 115,
		"RightOrder": 95,
		"Position": "0.3005 0.7102",
		"Size": "0.2324 0.115",
		"Offset": "0.21 0.5",
		"Shape": [
			"0.013333 0.538823",
			"0.253333 0.946196",
			"0.853333 0.892392",
			"0.993333 0.508078",
			"0.86 0.108392",
			"0.22 0.100706"
		]
	},
	"RightRadius": {
		"Name": "RightRadius",
		"LeftOrder": 105,
		"RightOrder": 110,
		"Position": "0.763201 0.6054",
		"Size": "0.2935 0.1784",
		"Offset": "0.0905 0.4118",
		"Shape": [
			"0.056667 0.136322",
			"0.7 0.100759",
			"0.953333 0.258253",
			"0.966667 0.913632",
			"0.7 0.969517",
			"0.07 0.624046"
		],
		"Children": [
			{
				"Name": "RightBooster",
				"LeftOrder": 110,
				"RightOrder": 115,
				"Position": "0.26 0.355999",
				"Size": "0.0974 0.0693",
				"Offset": "0.5 0.5",
				"Shape": [
					"0.196667 0.859322",
					"0.886667 0.990621",
					"1.0 0.155932",
					"0.363333 0.0",
					"0.083333 0.10904",
					"0.016667 0.652994"
				],
				"Children": [
					{
						"Name": "BoosterEmission",
						"Position": "0.04 0.4",
						"Size": "0.1 0.1",
						"Offset": "0.5 0.5"
					}
				]
			}
		]
	},
	"RightElbow": {
		"Name": "RightElbow",
		"UseFallbackTexture": false
	},
	"Thrust": 7.5,
	"Noise": 0.5
}