{
	"DataType": "Arms",
	"DisplayName": "FIRST AID KIT",
	"Description": "INCREASES HEALTH REGENERATION WHILE IMPROVING GENERAL EMERGENCY PREPAREDNESS",
	"Classification": "Cool",
	"Modifiers": {
		"HealthRegeneration": 10.0
	},
	"LeftHumerus": {
		"Name": "LeftHumerus"
	},
	"LeftRadius": {
		"Name": "LeftRadius"
	},
	"LeftElbow": {
		"Name": "LeftElbow"
	},
	"LeftHand": {
		"Name": "LeftHand",
		"Size": "0.2841 0.2712",
		"Offset": "0.079 0.492",
		"Shape": [
			"0.026667 0.158413",
			"0.026667 0.832381",
			"0.31 0.979048",
			"0.963333 0.98254",
			"0.97 0.022222",
			"0.333333 0.022222"
		]
	},
	"RightHumerus": {
		"Name": "RightHumerus"
	},
	"RightRadius": {
		"Name": "RightRadius"
	},
	"RightElbow": {
		"Name": "RightElbow"
	},
	"RightHand": {
		"Name": "RightHand"
	}
}