{
	"DataType": "Hook",
	"DisplayName": "HOOK",
	"Description": "PLUNDER YE MATEY'S STOWED WEAPON ARRR. THEY WEREN'T USING THEM ANYWAY.",
	"Classification": "Cool",
	"HasAbility": true,
	"HasTimer": true,
	"LeftHumerus": {
		"Name": "LeftHumerus",
		"LeftOrder": 20,
		"RightOrder": 5,
		"Size": "0.2301 0.0998",
		"Shape": [
			"0.036667 0.631059",
			"0.246667 0.930824",
			"0.843333 0.900078",
			"0.983333 0.492706",
			"0.813333 0.100706",
			"0.143333 0.131451"
		]
	},
	"LeftRadius": {
		"Name": "LeftRadius",
		"LeftOrder": 10,
		"RightOrder": 15,
		"Position": "0.7632 0.6054",
		"Size": "0.3123 0.1491",
		"Offset": "0.0752 0.4701",
		"Shape": [
			"0.723333 0.951129",
			"0.976667 0.846404",
			"0.833333 0.350709",
			"0.12 0.120315",
			"0.026667 0.692808"
		]
	},
	"LeftElbow": {
		"Name": "LeftElbow",
		"UseFallbackTexture": false
	},
	"LeftHand": {
		"Name": "LeftHand",
		"Size": "0.2841 0.2712",
		"Offset": "0.079 0.492",
		"Shape": [
			"0.026667 0.158413",
			"0.026667 0.832381",
			"0.31 0.979048",
			"0.963333 0.98254",
			"0.97 0.022222",
			"0.333333 0.022222"
		]
	},
	"RightHumerus": {
		"Name": "RightHumerus",
		"LeftOrder": 115,
		"RightOrder": 95,
		"Size": "0.2301 0.0998",
		"Shape": [
			"0.013333 0.538823",
			"0.253333 0.946196",
			"0.853333 0.892392",
			"0.993333 0.508078",
			"0.86 0.108392",
			"0.22 0.100706"
		]
	},
	"RightRadius": {
		"Name": "RightRadius",
		"LeftOrder": 105,
		"RightOrder": 110,
		"Position": "0.763201 0.6054",
		"Size": "0.2594 0.1702",
		"Offset": "0.0905 0.4118",
		"Shape": [
			"0.056667 0.136322",
			"0.7 0.100759",
			"0.953333 0.258253",
			"0.966667 0.913632",
			"0.7 0.969517",
			"0.07 0.624046"
		]
	},
	"RightElbow": {
		"Name": "RightElbow",
		"UseFallbackTexture": false
	},
	"RightHand": {
		"Name": "RightHand"
	}
}