{
	"DataType": "LaserPointer",
	"DisplayName": "LASER POINTER",
	"Description": "ADD A LASER TO YOUR AIM AND MAKE CATS GO BERSERK",
	"Classification": "Okay",
	"HasAbility": true,
	"LeftHumerus": {
		"Name": "LeftHumerus"
	},
	"LeftRadius": {
		"Name": "LeftRadius"
	},
	"LeftElbow": {
		"Name": "LeftElbow"
	},
	"LeftHand": {
		"Name": "LeftHand",
		"Size": "0.0411 0.209",
		"Offset": "0.645998 0.48",
		"Shape": [
			"0.257143 0.02809",
			"0.2 0.955056",
			"0.785714 0.957865",
			"0.728571 0.025281"
		],
		"Children": [
			{
				"Name": "Pointer",
				"LeftOrder": 3,
				"RightOrder": 23,
				"Position": "0.5 0.936001",
				"Size": "0.2207 0.0646",
				"Offset": "0.5 0.5",
				"Shape": [
					"0.076667 0.863273",
					"0.88 0.908848",
					"0.903333 0.122667",
					"0.083333 0.065697"
				],
				"Children": [
					{
						"Name": "PointerEmission",
						"Position": "0.9 0.5"
					}
				]
			}
		]
	},
	"RightHumerus": {
		"Name": "RightHumerus"
	},
	"RightRadius": {
		"Name": "RightRadius"
	},
	"RightElbow": {
		"Name": "RightElbow"
	},
	"RightHand": {
		"Name": "RightHand"
	},
	"LaserLength": 20.0,
	"LaserWidth": 0.05
}