{
	"DataType": "Arms",
	"DisplayName": "MAGNIFYING GLASS",
	"Description": "KEEP YOUR FRIENDS CLOSE, AND OTHER PLAYERS CLOSER... TO YOUR BULLETS (WEAPON ZOOM)",
	"Classification": "Okay",
	"ZoomLevels": [ "1.0,0.0" ],
	"LeftHumerus": {
		"Name": "LeftHumerus",
		"LeftOrder": 20,
		"RightOrder": 5,
		"Position": "0.3005 0.7282",
		"Size": "0.2301 0.0998",
		"Offset": "0.19 0.5",
		"Shape": [
			"0.2 0.884706",
			"0.826667 0.892392",
			"0.98 0.446588",
			"0.756667 0.062274",
			"0.183333 0.131451",
			"0.016667 0.54651"
		]
	},
	"LeftRadius": {
		"Name": "LeftRadius",
		"LeftOrder": 10,
		"RightOrder": 15,
		"Position": "0.8351 0.515401",
		"Size": "0.2723 0.1761",
		"Offset": "0.1 0.3",
		"Shape": [
			"0.09 0.094386",
			"0.93 0.221579",
			"0.91 0.908421",
			"0.09 0.592982"
		]
	},
	"LeftElbow": {
		"Name": "LeftElbow",
		"UseFallbackTexture": false
	},
	"LeftHand": {
		"Name": "LeftHand",
		"LeftOrder": 15,
		"RightOrder": 20,
		"Size": "0.1409 0.3158",
		"Offset": "0.623998 0.279003",
		"Shape": [
			"0.453333 0.037918",
			"0.053333 0.805204",
			"0.483333 0.989591",
			"0.973333 0.7829",
			"0.713333 0.026022"
		]
	},
	"RightHumerus": {
		"Name": "RightHumerus",
		"LeftOrder": 115,
		"RightOrder": 95,
		"Position": "0.3005 0.728201",
		"Size": "0.2301 0.0998",
		"Offset": "0.19 0.5",
		"Shape": [
			"0.013333 0.538823",
			"0.253333 0.946196",
			"0.853333 0.892392",
			"0.993333 0.508078",
			"0.86 0.108392",
			"0.22 0.100706"
		]
	},
	"RightRadius": {
		"Name": "RightRadius",
		"LeftOrder": 105,
		"RightOrder": 110,
		"Position": "0.835099 0.5154",
		"Size": "0.2723 0.1761",
		"Offset": "0.1 0.3",
		"Shape": [
			"0.1 0.101261",
			"0.94 0.268468",
			"0.9 0.937297",
			"0.066667 0.581982"
		]
	},
	"RightElbow": {
		"Name": "RightElbow",
		"UseFallbackTexture": false
	},
	"RightHand": {
		"Name": "RightHand"
	}
}