{
	"DataType": "Arms",
	"DisplayName": "MAGNET",
	"Description": "INCREASES THE DISTANCE AT WHICH ITEMS CAN BE PICKED UP (REACH), EVEN IF THAT ITEM ISN'T MADE OF METAL BECAUSE REASONS",
	"Classification": "Okay",
	"Modifiers": {
		"Reach": 2.5
	},
	"LeftHumerus": {
		"Name": "LeftHumerus"
	},
	"LeftRadius": {
		"Name": "LeftRadius"
	},
	"LeftElbow": {
		"Name": "LeftElbow"
	},
	"LeftHand": {
		"Name": "LeftHand",
		"Size": "0.2266 0.2395",
		"Offset": "0.265 0.477",
		"Shape": [
			"0.043333 0.277827",
			"0.036667 0.700408",
			"0.296667 0.971618",
			"0.97 0.971618",
			"0.973333 0.031846",
			"0.283333 0.031846"
		]
	},
	"RightHumerus": {
		"Name": "RightHumerus"
	},
	"RightRadius": {
		"Name": "RightRadius"
	},
	"RightElbow": {
		"Name": "RightElbow"
	},
	"RightHand": {
		"Name": "RightHand"
	}
}