{
	"DataType": "ParabolicMicrophone",
	"DisplayName": "PARABOLIC MICROPHONE",
	"Description": "CATCH PLAYERS ON A HOT MIC - SEE INDICATORS FOR ANY PLAYER WHEN YOU'RE AIMING IN THEIR GENERAL DIRECTION",
	"Classification": "Okay",
	"LaserWidth": 0.1,
	"LaserLength": 20.0,
	"LeftHumerus": {
		"Name": "LeftHumerus"
	},
	"LeftRadius": {
		"Name": "LeftRadius"
	},
	"LeftElbow": {
		"Name": "LeftElbow"
	},
	"LeftHand": {
		"Name": "LeftHand",
		"Size": "0.0411 0.209",
		"Offset": "0.645998 0.48",
		"Shape": [
			"0.257143 0.02809",
			"0.2 0.955056",
			"0.785714 0.957865",
			"0.728571 0.025281"
		],
		"Children": [
			{
				"Name": "Microphone",
				"Position": "0.4867 0.9045",
				"Size": "0.1186 0.2207",
				"Offset": "0.0792 0.5",
				"LeftOrder": 3,
				"RightOrder": 23,
				"Shape": [
					"0.403333 0.050693",
					"0.033333 0.42297",
					"0.483333 0.931749",
					"0.966667 0.447789",
					"0.62 0.044488"
				]
			}
		]
	},
	"RightHumerus": {
		"Name": "RightHumerus"
	},
	"RightRadius": {
		"Name": "RightRadius"
	},
	"RightElbow": {
		"Name": "RightElbow"
	},
	"RightHand": {
		"Name": "RightHand"
	}
}