{
	"DataType": "Arms",
	"DisplayName": "RECEIVER GLOVES",
	"Description": "\"YOU MISS 100% OF THE SHOTS YOU DON'T TAKE BUT IF SOMEONE SHOOTS YOU THESE GLOVES WILL NULLIFY 10% OF THEIR BULLETS\" - WAYNE GRORTZSKY",
	"Classification": "Cool",
	"Abilities": [
		"CatchBullets"
	],
	"LeftHumerus": {
		"Name": "LeftHumerus",
		"LeftOrder": 20,
		"RightOrder": 5,
		"Position": "0.3005 0.7102",
		"Size": "0.2547 0.1808",
		"Offset": "0.21 0.5",
		"Shape": [
			"0.11 0.041818",
			"0.036667 0.502121",
			"0.276667 0.962424",
			"0.926667 0.58197",
			"0.916667 0.281364"
		]
	},
	"LeftRadius": {
		"Name": "LeftRadius",
		"LeftOrder": 10,
		"RightOrder": 15,
		"Position": "0.7632 0.4834",
		"Size": "0.2929 0.1767",
		"Offset": "0.0752 0.4701",
		"Shape": [
			"0.043333 0.067619",
			"0.916667 0.177619",
			"0.93 0.937143",
			"0.643333 0.947619",
			"0.123333 0.675238"
		]
	},
	"LeftElbow": {
		"Name": "LeftElbow",
		"UseFallbackTexture": false
	},
	"LeftHand": {
		"Name": "LeftHand"
	},
	"RightHumerus": {
		"Name": "RightHumerus",
		"LeftOrder": 115,
		"RightOrder": 95,
		"Position": "0.3005 0.7102",
		"Size": "0.2547 0.1808",
		"Offset": "0.21 0.5",
		"Shape": [
			"0.093333 0.032424",
			"0.036667 0.530303",
			"0.286667 0.962424",
			"0.92 0.58197",
			"0.906667 0.276667"
		]
	},
	"RightRadius": {
		"Name": "RightRadius",
		"LeftOrder": 105,
		"RightOrder": 110,
		"Position": "0.7632 0.483402",
		"Size": "0.2929 0.1767",
		"Offset": "0.0905 0.4118",
		"Shape": [
			"0.056667 0.136322",
			"0.7 0.100759",
			"0.953333 0.258253",
			"0.966667 0.913632",
			"0.7 0.969517",
			"0.07 0.624046"
		]
	},
	"RightElbow": {
		"Name": "RightElbow",
		"UseFallbackTexture": false
	},
	"RightHand": {
		"Name": "RightHand"
	}
}