{
	"DataType": "Arms",
	"DisplayName": "SILENCER",
	"Description": "THE ORIGINAL SILENCER TO DAMPEN THE SOUND FROM NOISY WEAPONS. MADE OF MEMORY FOAM SO IT REMEMBERS TO STAY QUIET EVERY TIME YOU USE IT.",
	"Classification": "Cool",
	"Modifiers": {
		"Noisiness": -0.75
	},
	"LeftHumerus": {
		"Name": "LeftHumerus"
	},
	"LeftRadius": {
		"Name": "LeftRadius"
	},
	"LeftElbow": {
		"Name": "LeftElbow"
	},
	"LeftHand": {
		"Name": "LeftHand",
		"Size": "0.2195 0.3216",
		"Offset": "0.793996 0.559",
		"Shape": [
			"0.24 0.06045",
			"0.07 0.895353",
			"0.77 0.979526",
			"0.933333 0.158273"
		]
	},
	"RightHumerus": {
		"Name": "RightHumerus"
	},
	"RightRadius": {
		"Name": "RightRadius"
	},
	"RightElbow": {
		"Name": "RightElbow"
	},
	"RightHand": {
		"Name": "RightHand"
	}
}