{
	"DataType": "Arms",
	"DisplayName": "SLEIGHT OF HANDS",
	"Description": "INCREASES SPEED OF RELOADING AND SWAPPING WEAPONS (DEXTERITY). PROBABLY HELPS WITH CARD TRICKS TOO.",
	"Classification": "Cool",
	"Modifiers": {
		"Dexterity": 0.5
	},
	"LeftHumerus": {
		"Name": "LeftHumerus"
	},
	"LeftRadius": {
		"Name": "LeftRadius"
	},
	"LeftElbow": {
		"Name": "LeftElbow"
	},
	"LeftHand": {
		"Name": "LeftHand",
		"LeftOrder": 3,
		"RightOrder": 7,
		"Size": "0.1855 0.1643",
		"Offset": "0.672998 0.508",
		"Shape": [
			"0.063333 0.650143",
			"0.463333 0.90219",
			"0.9 0.928524",
			"0.9 0.134762",
			"0.116667 0.03319"
		]
	},
	"RightHumerus": {
		"Name": "RightHumerus"
	},
	"RightRadius": {
		"Name": "RightRadius"
	},
	"RightElbow": {
		"Name": "RightElbow"
	},
	"RightHand": {
		"Name": "RightHand",
		"LeftOrder": 110,
		"RightOrder": 113,
		"Size": "0.1855 0.1643",
		"Offset": "0.673 0.508",
		"Shape": [
			"0.063333 0.650143",
			"0.463333 0.90219",
			"0.9 0.928524",
			"0.9 0.134762",
			"0.116667 0.03319"
		]
	}
}