{
	"DataType": "Mine",
	"DisplayName": "TIMED MINES",
	"Description": "PLANT A TIMED MINE AND WATCH IT EXPLODE EXACTLY WHEN YOU EXPECT IT",
	"Classification": "Okay",
	"HasAbility": true,
	"HasTimer": true,
	"LeftHumerus": {
		"Name": "LeftHumerus"
	},
	"LeftRadius": {
		"Name": "LeftRadius"
	},
	"LeftElbow": {
		"Name": "LeftElbow"
	},
	"LeftHand": {
		"Name": "LeftHand",
		"Position": "0.537 0.437001",
		"Size": "0.1608 0.1808",
		"Offset": "0.56 0.5",
		"Shape": [
			"0.856667 0.875455",
			"0.94 0.178593",
			"0.456667 0.018463",
			"0.096667 0.267554",
			"0.093333 0.750909",
			"0.42 0.955519"
		]
	},
	"RightHumerus": {
		"Name": "RightHumerus"
	},
	"RightRadius": {
		"Name": "RightRadius"
	},
	"RightElbow": {
		"Name": "RightElbow"
	},
	"RightHand": {
		"Name": "RightHand"
	},
	"Mine": {
		"Projectile": "TimedMine",
		"ContactDamage": 0.0,
		"Knockback": 0.0,
		"Speed": 7.5,
		"Gravity": 20.0,
		"Lifetime": 10.0,
		"BounceLifetime": 3.0,
		"InnerExplosionRadius": 0.5,
		"OuterExplosionRadius": 1.0,
		"ExplosionDamage": 100.0,
		"ExplosionImpulse": 10.0,
		"RateOfFire": 1.0,
		"MaxAmmo": 3
	}
}