{
	"DataType": "Core",
	"DisplayName": "AMMO BELT",
	"Description": "AUTOMATICALLY RELOADS WEAPONS LIKE SOME KIND OF UBER-DEXTROUS BULLET BUTLER",
	"Classification": "Awesome",
	"Abilities": [
		"FillClip"
	],
	"Size": "0.26 0.3",
	"Spine": {
		"Name": "Spine",
		"LeftOrder": 55,
		"Children": [
			{
				"Name": "AmmoBelt",
				"LeftOrder": 53,
				"RightOrder": 63,
				"Position": "0.5 0.25",
				"Size": "0.1855 0.3545",
				"Offset": "0.526999 0.256",
				"Shape": [
					"0.256667 0.068742",
					"0.986667 0.05479",
					"0.9 0.642494",
					"0.186667 0.987792",
					"0.05 0.926755"
				]
			}
		]
	}
}