{
	"DataType": "Core",
	"DisplayName": "BASKETBALL JERSEY",
	"Description": "THE RED JERSEY WORN BY THE GOAT",
	"Classification": "Okay",
	"Modifiers": {
		"Agility": 0.6,
		"Maneuverability": 0.6
	},
	"Size": "0.26 0.3",
	"Spine": {
		"Name": "Spine",
		"UseFallbackTexture": false,
		"Children": [
			{
				"Name": "Jersey",
				"LeftOrder": 55,
				"RightOrder": 60,
				"Size": "0.2583 0.358",
				"Shape": [
					"0.713333 0.877377",
					"0.886667 0.076721",
					"0.193333 0.059891",
					"0.156667 0.908634"
				]
			}
		]
	}
}