{
	"DataType": "Core",
	"DisplayName": "FUEL TANK",
	"Description": "INCREASES HOW LONG ACTIVE ABILIIES CAN BE USED (ENERGY DISCHARGE). YOU'D BE A FUEL TO TURN THIS PART DOWN. GET IT?",
	"Classification": "Okay",
	"Modifiers": {
		"ExplosionModifier": 0.5,
		"EnergyDischarge": 0.5
	},
	"Size": "0.26 0.3",
	"Spine": {
		"Name": "Spine",
		"Children": [
			{
				"Name": "FuelTank",
				"LeftOrder": 53,
				"RightOrder": 63,
				"Position": "0.0 0.28",
				"Size": "0.3545 0.277",
				"Offset": "0.5 0.0",
				"Shape": [
					"0.606667 0.854972",
					"0.55 0.091441",
					"0.466667 0.014661",
					"0.08 0.091441",
					"0.026667 0.236469",
					"0.1 0.889096"
				]
			}
		]
	}
}