{
	"DataType": "Jetpack",
	"DisplayName": "JETPACK",
	"Description": "GIVE YOURSELF A BOOST UPWARD WITH THIS PERSONAL FLOATATION DEVICE (NON-WATER VARIETY)",
	"Classification": "Awesome",
	"HasAbility": true,
	"EnergyRequirement": 100,
	"EnergyDischargeAmount": 0,
	"EnergyDischargeTime": 2.0,
	"EnergyRechargeTime": 2.0,
	"EnergyRechargeTimeout": 1.0,
	"Size": "0.26 0.3",
	"Spine": {
		"Name": "Spine",
		"LeftOrder": 55,
		"Children": [
			{
				"Name": "Jetpack",
				"LeftOrder": 53,
				"RightOrder": 63,
				"Position": "0.0 0.5",
				"Size": "0.2911 0.2759",
				"Offset": "0.417001 0.427998",
				"Shape": [
					"0.136667 0.08539",
					"0.04 0.894468",
					"0.43 0.978894",
					"0.55 0.810043",
					"0.466667 0.043177"
				],
				"Children": [
					{
						"Name": "JetpackEmission",
						"Position": "0.3 0.03"
					}
				]
			}
		]
	},
	"Thrust": 1.15,
	"Noise": 0.5
}