{
	"DataType": "Core",
	"DisplayName": "KEVLAR VEST",
	"Description": "TALK LESS DAMAGE TO PLACES THAT AREN'T YOUR FACE OR LIMBS (BODYSHOT DAMAGE) THANKS TO THIS FABULOUS INVENTION BY TWO GUYS NAMED KEVIN AND LARRY",
	"Classification": "Okay",
	"Size": "0.26 0.3",
	"Spine": {
		"Name": "Spine",
		"LeftOrder": 55,
		"Children": [
			{
				"Name": "KevlarVest",
				"LeftOrder": 53,
				"RightOrder": 63,
				"Position": "0.5 0.5",
				"Size": "0.2653 0.3087",
				"Offset": "0.49 0.490997",
				"Shape": [
					"0.266667 0.979949",
					"0.863333 0.742205",
					"0.976667 0.318276",
					"0.826667 0.023245",
					"0.316667 0.02038",
					"0.016667 0.538834"
				]
			}
		]
	}
}