{
	"DataType": "Core",
	"DisplayName": "LEAD VEST",
	"Description": "BE HEAVY (WEIGHT), FALL FAST (MAX FALL SPEED), AND LEAVE A LEAD POISONED CORPSE",
	"Classification": "Okay",
	"Modifiers": {
		"Hops": 0.5,
		"Weight": 0.5
	},
	"Size": "0.26 0.3",
	"Spine": {
		"Name": "Spine",
		"Children": [
			{
				"Name": "Vest",
				"LeftOrder": 28,
				"RightOrder": 87,
				"Size": "0.2618 0.3815",
				"Offset": "0.0 0.107",
				"Shape": [
					"0.293333 0.988475",
					"0.78 0.835323",
					"0.983333 0.489959",
					"0.83 0.053066",
					"0.6 0.043463",
					"0.083333 0.441928",
					"0.026667 0.752985"
				]
			}
		]
	}
}