{
	"DataType": "Core",
	"DisplayName": "NITROUS BOOSTER",
	"Description": "BOOSTS THE EFFECTIVENESS OF OTHER PARTS.",
	"Classification": "Awesome",
	"Abilities": [
		"NitrousBoost",
		"NitrousBoost"
	],
	"Size": "0.26 0.3",
	"Spine": {
		"Name": "Spine",
		"Children": [
			{
				"Name": "Nitrous",
				"LeftOrder": 14,
				"RightOrder": 16,
				"Position": "0.0 0.5",
				"Size": "0.2911 0.2759",
				"Offset": "0.417001 0.25",
				"Shape": [
					"0.136667 0.08539",
					"0.04 0.894468",
					"0.43 0.978894",
					"0.55 0.810043",
					"0.466667 0.043177"
				]
			}
		]
	}
}
