{
	"DataType": "OnyxNecklace",
	"DisplayName": "ONYX NECKLACE",
	"Description": "ABSORB DAMAGE AND RELEASE IT IN AN EXPLOSION. THIS IS AN ORIGINAL IDEA THAT HAS NEVER BEEN USED IN ANY OTHER GAME, MOVIE, OR CARTOON.",
	"Classification": "Awesome",
	"Size": "0.26 0.3",
	"HasAbility": true,
	"Spine": {
		"Name": "Spine",
		"Children": [
			{
				"Name": "OnyxNecklace",
				"LeftOrder": 14,
				"RightOrder": 16,
				"Position": "0.5 0.25",
				"Size": "0.1855 0.3545",
				"Offset": "0.540999 0.044",
				"Shape": [
					"0.116 0.813333",
					"0.916 0.806667",
					"0.936 0.46",
					"0.5 0.153333",
					"0.104 0.426667"
				]
			}
		]
	}
}