{
	"DataType": "Core",
	"DisplayName": "OXYGEN TANK",
	"Description": "INCREASES HOW LONG ACTIVE ABILITIES CAN BE USED (ENERGY DISCHARGE), EXPLOSIONS HURT MORE (EXPLOSION DAMAGE), AND WOULD TOTALLY LET YOU BREATH UNDERWATER IF THIS GAME HAD WATER.",
	"Classification": "Okay",
	"Modifiers": {
		"EnergyDischarge": 0.5,
		"ExplosionModifier": 0.5
	},
	"Size": "0.26 0.3",
	"Spine": {
		"Name": "Spine",
		"UseFallbackTexture": false,
		"Children": [
			{
				"Name": "Suit",
				"LeftOrder": 55,
				"RightOrder": 60,
				"Size": "0.2888 0.3263",
				"Offset": "0.051 0.0",
				"Shape": [
					"0.206667 0.988201",
					"0.686667 0.952806",
					"0.923333 0.740432",
					"0.986667 0.495611",
					"0.756667 0.070863",
					"0.28 0.073813",
					"0.026667 0.666691"
				]
			},
			{
				"Name": "OxygenTank",
				"LeftOrder": 53,
				"RightOrder": 63,
				"Position": "0.0 0.15",
				"Size": "0.1655 0.2841",
				"Offset": "0.713 0.0",
				"Shape": [
					"0.27 0.094959",
					"0.053333 0.528058",
					"0.136667 0.893182",
					"0.643333 0.982521",
					"0.96 0.850455",
					"0.953333 0.077479"
				]
			}
		]
	}
}