{
	"DataType": "Core",
	"DisplayName": "PIRATE COAT",
	"Description": "PICKED UP WEAPONS ARE ALWAYS CHOCK FULL OF DELICIOUS, DELICIOUS AMMO.",
	"Classification": "Okay",
	"Abilities": [
		"ExtraAmmo"
	],
	"Size": "0.26 0.3",
	"Spine": {
		"Name": "Spine",
		"UseFallbackTexture": false,
		"Children": [
			{
				"Name": "Coat",
				"LeftOrder": 28,
				"RightOrder": 87,
				"Size": "0.2676 0.4684",
				"Offset": "0.057 0.187",
				"Shape": [
					"0.013333 0.118095",
					"0.093333 0.784762",
					"0.356667 0.980952",
					"0.903333 0.813333",
					"0.966667 0.137143",
					"0.436667 0.011429"
				]
			}
		]
	}
}
