{
	"DataType": "ReformedGrinch",
	"DisplayName": "REFORMED GRINCH",
	"Description": "GROWS HEART A FEW SIZES (MAX HEALTH) IN A NON-MEDICALLY DISCONCERTING KIND OF WAY",
	"Classification": "Okay",
	"Modifiers": {
		"MaximumHealth": 0.25
	},
	"Size": "0.26 0.3",
	"Spine": {
		"Name": "Spine",
		"Children": [
			{
				"Name": "Heart",
				"LeftOrder": 53,
				"RightOrder": 63,
				"Position": "0.55 0.55",
				"Offset": "0.5 0.5",
				"Size": "0.15 0.15",
				"Shape": [
					"0.506667 0.002406",
					"0.023333 0.630812",
					"0.196667 0.98429",
					"0.796667 0.972507",
					"0.98 0.638667"
				]
			}
		]
	},
	"BigSize": "0.15 0.15",
	"SmallSize": "0.1 0.1",
	"AnimationTime": 3.0
}
