{
	"DataType": "Core",
	"DisplayName": "RIB CAGE",
	"Description": "DECREASES THE EFFECTS OF WIND ON YOU BOD (MANEUVERABILITY) THE OLD-FASIONED WAY - BY GETTING RID OF THE PESKY ORGANS AND TISSUES",
	"Classification": "Okay",
	"Modifiers": {
		"Maneuverability": 1.0
	},
	"Size": "0.26 0.3",
	"Spine": {
		"Name": "Spine",
		"UseFallbackTexture": false,
		"Children": [
			{
				"Name": "RibCage",
				"LeftOrder": 55,
				"RightOrder": 60,
				"Size": "0.25 0.3205",
				"Shape": [
					"0.323333 0.04293",
					"0.04 0.628095",
					"0.14 0.945385",
					"0.436667 0.986996",
					"0.776667 0.828352",
					"0.976667 0.43304",
					"0.546667 0.037729"
				]
			}
		]
	}
}