{
	"DataType": "Core",
	"DisplayName": "SHOULDER PADS",
	"Description": "SHOULD A HEAVIER LOAD OF BULLETS AND OTHER WEAPONRY TO YOUR TORSO REGION (BODYSHOT DAMAGE) AND DON'T CATCH AS MANY FOOTBALLS (REACH)",
	"Classification": "Okay",
	"Modifiers": {
		"BodyshotModifier": -0.25,
		"Reach": -0.5
	},
	"Size": "0.26 0.3",
	"Spine": {
		"Name": "Spine",
		"UseFallbackTexture": false,
		"Children": [
			{
				"Name": "Jersey",
				"LeftOrder": 55,
				"RightOrder": 60,
				"Size": "0.2653 0.3393",
				"Offset": "-0.012 -0.034",
				"Shape": [
					"0.283333 0.061592",
					"0.023333 0.512549",
					"0.25 0.973933",
					"0.716667 0.880092",
					"0.993333 0.366574",
					"0.79 0.035525"
				]
			}
		]
	}
}