{
	"DataType": "Core",
	"DisplayName": "SOLAR SUIT",
	"Description": "INCREASE YOUR HEALTH REGENERATION AND THE RATE AT WHICH ACTIVE ABILITIES RECHARGE WHILE DECREASING YOUR CARBON FOOTPRINT",
	"Classification": "Okay",
	"Modifiers": {
		"HealthRegeneration": 5.0,
		"EnergyRecharge": 1.0
	},
	"Size": "0.26 0.3",
	"Spine": {
		"Name": "Spine",
		"UseFallbackTexture": false,
		"Children": [
			{
				"Name": "Suit",
				"LeftOrder": 28,
				"RightOrder": 87,
				"Position": "0.012 0.0",
				"Size": "0.2453 0.4977",
				"Offset": "0.0 0.229",
				"Shape": [
					"0.173333 0.986855",
					"0.07 0.04044",
					"0.993333 0.035511",
					"0.91 0.873483"
				]
			}
		]
	}
}