{
	"DataType": "Core",
	"DisplayName": "SPOILER",
	"Description": "SPOILER ALERT: THIS INCREASES YOUR MAX SPEED",
	"Classification": "Okay",
	"Modifiers": {
		"Agility": -0.2,
		"Maneuverability": -0.2,
		"MaximumForwardSpeed": 0.35,
		"MaximumBackwardSpeed": -0.1
	},
	"Size": "0.26 0.3",
	"Spine": {
		"Name": "Spine",
		"Children": [
			{
				"Name": "Spoiler",
				"LeftOrder": 53,
				"RightOrder": 63,
				"Position": "0.0 0.425001",
				"Size": "0.1796 0.3052",
				"Offset": "0.823999 0.0",
				"Shape": [
					"0.926667 0.029038",
					"0.14 0.454692",
					"0.036667 0.980385",
					"0.686667 0.690077",
					"0.963333 0.423308"
				]
			}
		]
	}
}