{
	"DataType": "Core",
	"DisplayName": "TWEED COAT",
	"Description": "INCREASE THE DISTANCE AT WHICH ITEMS CAN BE PICKED UP (REACH), WHILST LOOKING SMUGLY PROFESSIONAL",
	"Classification": "Okay",
	"Modifiers": {
		"Reach": 2.0
	},
	"Size": "0.26 0.3",
	"Spine": {
		"Name": "Spine",
		"UseFallbackTexture": false,
		"Children": [
			{
				"Name": "Coat",
				"LeftOrder": 28,
				"RightOrder": 87,
				"Size": "0.27 0.5095",
				"Offset": "0.0 0.25",
				"Shape": [
					"0.073333 0.054916",
					"0.02 0.616667",
					"0.206667 0.985868",
					"0.883333 0.853379",
					"0.973333 0.097312",
					"0.473333 0.008986"
				]
			}
		]
	}
}