{
	"DataType": "Weapon",
	"DisplayName": "ROCKET LAUNCHER",
	"Description": "SHOOT ROCKET, THINGS GO BOOM",
	"AutoRateOfFire": 4.0,
	"SemiRateOfFire": 2.0,
	"MaxAmmo": 4,
	"ClipSize": 2,
	"DefaultAmmo": 2,
	"BulletCount": 1,
	"ReloadTime": 2.5,
	"PutAwayTime": 0.2,
	"TakeOutTime": 0.2,
	"ZoomLevels": [ 2.0
	],
	"Spread": 1.0,
	"Recoil": 5.0,
	"FireNoise": 150.0,
	"AimRadius": 0.25,
	"Size": "0.8 0.2",
	"StowedSize": "0.5 0.125",
	"Offset": "0.625 0.131",
	"MuzzleOffset": "0.962 0.692",
	"OptimalDistance": 2.0,
	"MaxDistance": 6.0,
	"Shape": [
		"0.16375 0.171429",
		"0.0375 0.492857",
		"0.035 0.835714",
		"0.94625 0.903571",
		"0.95 0.407143",
		"0.60875 0.107143"
	],
	"ContactDamage": 100.0,
	"Knockback": 0.0,
	"Speed": 10.0,
	"SpeedVariance": 5.0,
	"Gravity": 0.0,
	"Lifetime": 5.0,
	"InnerExplosionRadius": 0.5,
	"OuterExplosionRadius": 2.0,
	"ExplosionDamage": 100.0,
	"ExplosionImpulse": 10.0,
	"Projectile": "Rocket"
}