{
	"DataType": "Jetpack",
	"DisplayName": "JETPACK",
	"Description": "BOOST THROUGH THE AIR FOR A LIMITED TIME",
	"Classification": "Awesome",
	"HasAbility": true,
	"EnergyRequirement": 100,
	"EnergyDischargeAmount": 0,
	"EnergyDischargeTime": 3.0,
	"EnergyRechargeTime": 2.0,
	"EnergyRechargeTimeout": 3.0,
	"Size": "0.26 0.3",
	"Spine": {
		"Name": "Spine",
		"Children": [
			{
				"Name": "Jetpack",
				"LeftOrder": 14,
				"RightOrder": 16,
				"Position": "0.2 0.52",
				"Size": "0.5 0.5",
				"Offset": "0.85 0.400001",
				"Shape": [
					"0.08 0.122857",
					"0.556 0.925714",
					"0.868 0.88",
					"0.868 0.088571"
				],
				"Children": [
					{
						"Name": "EmissionPoint",
						"Position": "0.7 0.06",
						"Rotation": "Degrees(0.0)",
						"Size": "0.1 0.1",
						"Offset": "0.5 0.5"
					}
				]
			}
		]
	},
	"Thrust": 1.5
}