{
	"DataType": "AmmoBelt",
	"DisplayName": "AMMO BELT",
	"Description": "FILLS YOUR CLIP INSTANTLY, AUTOMATICALLY, ALWAYS",
	"Classification": "Awesome",
	"Size": "0.26 0.3",
	"Spine": {
		"Name": "Spine",
		"Children": [
			{
				"Name": "Belt",
				"LeftOrder": 14,
				"RightOrder": 16,
				"Position": "0.55 0.28",
				"Size": "0.18 0.13",
				"Offset": "0.5 0.5",
				"Shape": [
					"0.116 0.813333",
					"0.916 0.806667",
					"0.936 0.46",
					"0.5 0.153333",
					"0.104 0.426667"
				]
			}
		]
	}
}