{
	"DisplayName": "GRASS",
	"Description": "TRANQUIL GRASS THEME",
	"Backgrounds": [
		{
			"Texture": "Stars",
			"Bottom": 0.0,
			"Depth": 1.0,
			"ScrollX": true,
			"ScrollY": true
		},
		{
			"BottomColor": "White",
			"TopColor": "#47A9D6FF",
			"Bottom": 0.0,
			"Top": 11.0,
			"Depth": 0.5,
			"PinLeft": true,
			"PinRight": true
		},
		{
			"BottomColor": "#47A9D6FF",
			"TopColor": "#47A9D600",
			"Bottom": 11.0,
			"Top": 30.0,
			"Depth": 0.5,
			"PinLeft": true,
			"PinRight": true,
			"PinTop": true
		},
		{
			"Texture": "Mountains",
			"Bottom": 1.0,
			"Top": 11.0,
			"Depth": 0.5,
			"ScrollX": true
		},
		{
			"Texture": "Hills",
			"Bottom": -2.0,
			"Top": 8.0,
			"Depth": 0.4,
			"ScrollX": true
		}
	],
	"DataMap": {
		"Gap": "Spikes",
		"Benefit1": "Healing",
		"Detriment1": "Muck",
		"PlatformSwitch": "Lever",
		"DoorSwitch": "Button"
	}
}