{
	"DataType": "Weapon",
	"DisplayName": "MACHINE GUN",
	"Description": "A SPORATIC AUTOMATIC",
	"AutoRateOfFire": 0.2,
	"SemiRateOfFire": 0.2,
	"MaxAmmo": 200,
	"ClipSize": 30,
	"DefaultAmmo": 100,
	"BulletCount": 1,
	"ReloadTime": 1.5,
	"PutAwayTime": 0.15,
	"TakeOutTime": 0.15,
	"ZoomLevels": [ 1.0
	],
	"Spread": 7.5,
	"Recoil": 0.0,
	"FireNoise": 150.0,
	"AimRadius": 0.28,
	"Size": "0.5 0.25",
	"StowedSize": "0.4 0.2",
	"Offset": "0.2 0.2",
	"MuzzleOffset": "0.95 0.7",
	"OptimalDistance": 2.0,
	"MaxDistance": 6.0,
	"Shape": [
		"0.25 0.86",
		"0.065625 0.74",
		"0.046875 0.373333",
		"0.240625 0.113333",
		"0.56875 0.12",
		"0.95625 0.693333",
		"0.890625 0.893333"
	],
	"ContactDamage": 15.0,
	"Knockback": 0.0,
	"Speed": 20.0,
	"SpeedVariance": 0.0,
	"Gravity": 0.0,
	"Lifetime": 5.0,
	"Modifiers": {
		"CameraZoom": -0.2
	},
	"Projectile": "Basic"
}