{
	"DisplayName": "THE DEFAULT MAP",
	"Description": "THE DEFAULT MAP THAT HAS A LONGER DESCRIPTION THAN THIS THAT\nNOW HAS A NEW LINE IN IT",
	"WorldBounds": "-100.0 -50.0 200.0 100.0",
	"SpawnPoints": [
		{
			"Position": "1.0 1.0",
			"Mask": "Weapon0"
		},
		{
			"Position": "2.0 1.0",
			"Mask": "Weapon1"
		},
		{
			"Position": "-2.0 1.0",
			"Mask": "Weapon2"
		},
		{
			"Position": "-1.0 0.0",
			"Mask": "Team0|Player"
		},
		{
			"Position": "1.0 0.0",
			"Mask": "Team1|Player"
		},
		{
			"Position": "2.0 0.0",
			"Mask": "Team0|TeamObjective"
		},
		{
			"Position": "3.0 0.0",
			"Mask": "Team1|TeamObjective"
		}
	],
	"Entities": {
		"Platforms": [
			{
				"Position": "-2.5 -3.0",
				"Size": "4.0 1.5"
			},
			{
				"Position": "-4.0 -4.0",
				"Size": "8.0 1.0"
			},
			{
				"Position": "-3.5 0.0",
				"Size": "1.7 2.5"
			},
			{
				"Position": "2.5 -1.5",
				"Size": "3.0 1.0"
			},
			{
				"Position": "5.5 0.0",
				"Size": "5.5 1.0"
			},
			{
				"Position": "-6.0 -2.5",
				"Size": "2.0 1.0",
				"Conveyance": 1.0,
				"OneWay": true
			},
			{
				"Position": "-6.0 0.0",
				"Size": "2.0 0.5",
				"OneWay": true
			},
			{
				"Position": "-1.0 -1.0",
				"Size": "5.0 1.0",
				"OneWay": true
			},
			{
				"Position": "4.5 -0.5",
				"Size": "1.0 2.0"
			}
		]
	},
	"Hazards": [
		{
			"Id": "Wind",
			"Texture": "Wind",
			"WindImpulse": "0.5 0.0",
			"WindVelocity": "3.0 0.0"
		}
	]
}