{
	"DisplayName": "BASIC CHARACTER",
	"Description": "THE DEFAULT AND ONLY CHARACTER... FOR NOW",
	"Attributes": {
		"MaximumHealth": 100.0,
		"HealthRegeneration": 0.0,
		"Hops": 1.85,
		"HangAmount": 0.4,
		"HangTime": 0.32,
		"Agility": 0.28,
		"Maneuverability": 12.0,
		"Weight": 3.0,
		"Aerodynamics": 0.5,
		"MaximumForwardSpeed": 4.15,
		"MaximumBackwardSpeed": 3.15,
		"MaximumFallingSpeed": 15.0,
		"HeadshotModifier": 1.25,
		"BodyshotModifier": 1.0,
		"LimbshotModifier": 0.75,
		"ExplosionModifier": 1.0,
		"Recoil": 1.0,
		"RateOfFire": 1.0,
		"Accuracy": 1.0,
		"Dexterity": 1.0,
		"CameraZoom": 0.85,
		"Reach": 0.5,
		"RespawnSpeed": 1.0,
		"InvincibilityFrames": 2.0,
		"Noisiness": 0.0,
		"Awareness": 1.0,
		"EnergyDischarge": 1.0,
		"EnergyRecharge": 1.0
	},
	"Skeleton": {
		"LeftPickup": {
			"Name": "LeftPickup",
			"LeftOrder": 25,
			"RightOrder": 25,
			"Position": "0.0 0.0"
		},
		"RightPickup": {
			"Name": "RightPickup",
			"LeftOrder": 95,
			"RightOrder": 100,
			"Position": "0.0 0.0"
		},
		"Root": {
			"Name": "Root",
			"Position": "0.0 0.0",
			"Size": "0.5 1.0",
			"Offset": "0.5 0.0",
			"Children": [
				{
					"Name": "LeftHandTarget",
					"Position": "0.0 0.0"
				},
				{
					"Name": "RightHandTarget",
					"Position": "0.0 0.0"
				},
				{
					"Name": "Weapon",
					"LeftOrder": 95,
					"RightOrder": 100,
					"Position": "0.788998 0.440002",
					"Children": [
						{
							"Name": "Muzzle",
							"Position": "0.0 0.0"
						}
					]
				},
				{
					"Name": "Spine",
					"LeftOrder": 55,
					"RightOrder": 60,
					"Position": "0.5 0.36",
					"Size": "0.25 0.369",
					"Offset": "0.534 -0.0446",
					"Shape": [
						"0.343333 0.05258",
						"0.023333 0.477675",
						"0.22 0.932166",
						"0.733333 0.864331",
						"0.986667 0.357834",
						"0.803738 0.040404"
					],
					"Children": [
						{
							"Name": "Reload",
							"Position": "1.0 0.650002",
							"Rotation": "Degrees(90.0)"
						},
						{
							"Name": "Holster",
							"LeftOrder": 90,
							"RightOrder": 90,
							"Position": "0.440001 0.24",
							"Rotation": "Degrees(270.0)"
						},
						{
							"Name": "Item",
							"LeftOrder": 25,
							"RightOrder": 25,
							"Position": "0.2 0.5"
						},
						{
							"Name": "Neck",
							"LeftOrder": 60,
							"RightOrder": 55,
							"Position": "0.5077 0.813701",
							"Size": "0.1209 0.128",
							"Offset": "0.4285 0.0",
							"Shape": [
								"0.06 0.284985",
								"0.08 0.773211",
								"0.476667 0.959052",
								"0.87 0.666116",
								"0.893333 0.064495"
							],
							"Children": [
								{
									"Name": "Skull",
									"LeftOrder": 50,
									"RightOrder": 65,
									"Position": "0.400701 0.342999",
									"Size": "0.2876 0.338",
									"Offset": "0.4285 0.1458",
									"Shape": [
										"0.113333 0.291088",
										"0.026923 0.658703",
										"0.165385 0.945392",
										"0.903846 0.931741",
										"0.992308 0.365188",
										"0.85 0.027373",
										"0.6 0.01603"
									]
								}
							]
						},
						{
							"Name": "LeftHumerus",
							"LeftOrder": 20,
							"RightOrder": 15,
							"Position": "0.3005 0.7912",
							"Rotation": "Degrees(330.0)",
							"Size": "0.2183 0.1068",
							"Offset": "0.1613 0.5",
							"Shape": [
								"0.901099 0.058252",
								"0.082418 0.271845",
								"0.016484 0.495146",
								"0.087912 0.747573",
								"0.901099 0.932039",
								"0.972527 0.786408",
								"0.978022 0.174757"
							],
							"Children": [
								{
									"Name": "LeftRadius",
									"LeftOrder": 10,
									"RightOrder": 5,
									"Position": "0.8602 0.6154",
									"Size": "0.2594 0.1596",
									"Offset": "0.0905 0.4118",
									"Shape": [
										"0.088542 0.536765",
										"0.5625 0.941176",
										"0.947917 0.875",
										"0.927083 0.213235",
										"0.463542 0.044118",
										"0.078125 0.088235"
									],
									"Children": [
										{
											"Name": "LeftHand",
											"LeftOrder": 15,
											"RightOrder": 10,
											"Position": "0.7692 0.5",
											"Shape": [
												"0.290137 0.239297",
												"0.284052 0.700285",
												"0.7386 0.731781",
												"0.744685 0.29012"
											]
										}
									]
								},
								{
									"Name": "LeftElbow",
									"LeftOrder": 5,
									"RightOrder": 20,
									"Position": "0.7796 0.5",
									"Size": "0.0904 0.1279",
									"Offset": "0.2857 0.5",
									"Shape": [
										"0.0 0.0",
										"1.0 0.0",
										"1.0 1.0",
										"0.0 1.0"
									]
								}
							]
						},
						{
							"Name": "RightHumerus",
							"LeftOrder": 105,
							"RightOrder": 95,
							"Position": "0.3005 0.7912",
							"Rotation": "Degrees(300.0)",
							"Size": "0.2183 0.1068",
							"Offset": "0.1613 0.5",
							"Shape": [
								"0.895604 0.048544",
								"0.131868 0.252427",
								"0.021978 0.504854",
								"0.093407 0.737864",
								"0.912088 0.941748",
								"0.978022 0.805825",
								"0.972527 0.165049"
							],
							"Children": [
								{
									"Name": "RightRadius",
									"LeftOrder": 115,
									"RightOrder": 110,
									"Position": "0.8602 0.6154",
									"Rotation": "Degrees(30.000002)",
									"Size": "0.2594 0.1596",
									"Offset": "0.0905 0.4118",
									"Shape": [
										"0.088542 0.558824",
										"0.552083 0.933824",
										"0.953125 0.838235",
										"0.927083 0.198529",
										"0.609375 0.029412",
										"0.088542 0.095588"
									],
									"Children": [
										{
											"Name": "RightHand",
											"LeftOrder": 110,
											"RightOrder": 105,
											"Position": "0.7692 0.5",
											"Shape": [
												"0.290137 0.239297",
												"0.284052 0.700285",
												"0.7386 0.731781",
												"0.744685 0.29012"
											]
										}
									]
								},
								{
									"Name": "RightElbow",
									"LeftOrder": 100,
									"RightOrder": 115,
									"Position": "0.7796 0.5",
									"Rotation": "Degrees(15.000001)",
									"Size": "0.0904 0.1279",
									"Offset": "0.2857 0.5",
									"Shape": [
										"0.0 0.0",
										"1.0 0.0",
										"1.0 1.0",
										"0.0 1.0"
									]
								}
							]
						},
						{
							"Name": "Pelvis",
							"LeftOrder": 65,
							"RightOrder": 50,
							"Position": "0.508 0.0",
							"Size": "0.1667 0.1456",
							"Offset": "0.477 0.755",
							"Shape": [
								"0.236667 0.133495",
								"0.033333 0.522849",
								"0.2 0.958011",
								"0.89 0.893118",
								"0.883333 0.19457"
							]
						},
						{
							"Name": "LeftFemur",
							"LeftOrder": 35,
							"RightOrder": 40,
							"Position": "0.5986 -0.137",
							"Rotation": "Degrees(345.0)",
							"Size": "0.1221 0.2019",
							"Offset": "0.5024 0.7151",
							"Shape": [
								"0.410714 0.078313",
								"0.053571 0.777108",
								"0.4375 0.963855",
								"0.973214 0.680723",
								"0.803571 0.078313"
							],
							"Children": [
								{
									"Name": "LeftTibia",
									"LeftOrder": 30,
									"RightOrder": 45,
									"Position": "0.4417 0.2101",
									"Rotation": "Degrees(345.0)",
									"Size": "0.068075 0.147887",
									"Offset": "0.4148 0.8889",
									"Shape": [
										"0.068966 0.243243",
										"0.275862 0.927928",
										"0.87931 0.873874",
										"0.948276 0.045045"
									],
									"Children": [
										{
											"Name": "LeftAnkle",
											"LeftOrder": 45,
											"RightOrder": 30,
											"Position": "0.5862 0.1746",
											"Size": "0.0704 0.0826",
											"Offset": "0.5 0.9286",
											"Shape": [
												"0.0 0.0",
												"1.0 0.0",
												"1.0 1.0",
												"0.0 1.0"
											],
											"Children": [
												{
													"Name": "LeftFoot",
													"LeftOrder": 40,
													"RightOrder": 35,
													"Position": "0.5 0.4143",
													"Size": "0.1655 0.0904",
													"Offset": "0.2553 0.9351",
													"Shape": [
														"0.0 0.0",
														"1.0 0.0",
														"1.0 1.0",
														"0.0 1.0"
													]
												}
											]
										}
									]
								}
							]
						},
						{
							"Name": "RightFemur",
							"LeftOrder": 75,
							"RightOrder": 80,
							"Position": "0.505 -0.137",
							"Rotation": "Degrees(25.0)",
							"Size": "0.1221 0.2019",
							"Offset": "0.5024 0.7151",
							"Shape": [
								"0.410714 0.090361",
								"0.071429 0.795181",
								"0.446429 0.975904",
								"0.955357 0.698795",
								"0.8125 0.096386"
							],
							"Children": [
								{
									"Name": "RightTibia",
									"LeftOrder": 70,
									"RightOrder": 85,
									"Position": "0.4417 0.2101",
									"Rotation": "Degrees(340.0)",
									"Size": "0.068075 0.147887",
									"Offset": "0.4148 0.8889",
									"Shape": [
										"0.051724 0.279279",
										"0.293103 0.954955",
										"0.948276 0.828829",
										"0.931035 0.054054"
									],
									"Children": [
										{
											"Name": "RightAnkle",
											"LeftOrder": 85,
											"RightOrder": 70,
											"Position": "0.5862 0.1746",
											"Size": "0.0704 0.0826",
											"Offset": "0.5 0.9286",
											"Shape": [
												"0.0 0.0",
												"1.0 0.0",
												"1.0 1.0",
												"0.0 1.0"
											],
											"Children": [
												{
													"Name": "RightFoot",
													"LeftOrder": 80,
													"RightOrder": 75,
													"Position": "0.5 0.4143",
													"Size": "0.1655 0.0904",
													"Offset": "0.2553 0.9351",
													"Shape": [
														"0.0 0.0",
														"1.0 0.0",
														"1.0 1.0",
														"0.0 1.0"
													]
												}
											]
										}
									]
								}
							]
						}
					]
				}
			]
		}
	}
}