{
	"DataType": "Legs",
	"DisplayName": "AIR GORDANS",
	"Description": "SHOES THAT GIVE YOU ALL THE GUMPING ABILITY OF THE GOAT",
	"Classification": "Cool",
	"Modifiers": {
		"Hops": 0.1,
		"HangAmount": 0.05,
		"HangTime": 0.1
	},
	"Size": "0.15 0.4",
	"Pelvis": {
		"Name": "Pelvis",
		"Size": "0.1679 0.1761",
		"Offset": "0.412001 0.787",
		"Shape": [
			"0.906667 0.945978",
			"0.98 0.450244",
			"0.606667 0.040311",
			"0.096667 0.278644",
			"0.09 0.961867"
		]
	},
	"LeftFemur": {
		"Name": "LeftFemur",
		"LeftOrder": 30,
		"RightOrder": 45,
		"Position": "0.59 -0.152",
		"Size": "0.155 0.162",
		"Offset": "0.5 0.9565",
		"Shape": [
			"0.056667 0.933043",
			"0.883333 0.853333",
			"0.96 0.116812",
			"0.11 0.097681"
		]
	},
	"LeftTibia": {
		"Name": "LeftTibia",
		"LeftOrder": 35,
		"RightOrder": 40,
		"Shape": [
			"0.846667 0.929418",
			"0.733333 0.045608",
			"0.22 0.083968",
			"0.163333 0.83582"
		]
	},
	"LeftAnkle": {
		"Name": "LeftAnkle",
		"Size": "0.0716 0.0751",
		"Offset": "0.56 1.0",
		"Shape": [
			"0.706667 0.911042",
			"0.79 0.205729",
			"0.206667 0.170781",
			"0.186667 0.907865"
		]
	},
	"LeftFoot": {
		"Name": "LeftFoot",
		"Size": "0.2007 0.1068",
		"Offset": "0.3105 0.8",
		"Shape": [
			"0.443333 0.918095",
			"0.923333 0.376264",
			"0.93 0.117949",
			"0.153333 0.080147",
			"0.19 0.810989"
		]
	},
	"RightFemur": {
		"Name": "RightFemur",
		"LeftOrder": 70,
		"RightOrder": 85,
		"Position": "0.589999 -0.152",
		"Size": "0.155 0.162",
		"Offset": "0.5 0.9565",
		"Shape": [
			"0.88 0.85971",
			"0.96 0.126377",
			"0.11 0.10087",
			"0.05 0.917101"
		]
	},
	"RightTibia": {
		"Name": "RightTibia",
		"LeftOrder": 75,
		"RightOrder": 80,
		"Shape": [
			"0.836667 0.927884",
			"0.73 0.037937",
			"0.203333 0.090106",
			"0.156667 0.834286"
		]
	},
	"RightAnkle": {
		"Name": "RightAnkle",
		"Size": "0.0716 0.0751",
		"Offset": "0.56 1.0",
		"Shape": [
			"0.706667 0.920573",
			"0.803333 0.193021",
			"0.21 0.16125",
			"0.2 0.920573"
		]
	},
	"RightFoot": {
		"Name": "RightFoot",
		"Size": "0.2007 0.1068",
		"Offset": "0.31045 0.8",
		"Shape": [
			"0.46 0.911795",
			"0.94 0.382564",
			"0.943333 0.117949",
			"0.153333 0.067546",
			"0.146667 0.848791"
		]
	}
}