{
	"DataType": "BonusHitops",
	"DisplayName": "BONUS HITOPS",
	"Description": "PRESENT YOU WITH A BURST OF ALIEN LIKE SPEED",
	"Classification": "Cool",
	"HasAbility": true,
	"EnergyRequirement": 100,
	"EnergyDischargeAmount": 50,
	"EnergyDischargeTime": 2.0,
	"EnergyRechargeTime": 1.0,
	"EnergyRechargeTimeout": 1.0,
	"Size": "0.15 0.4",
	"Pelvis": {
		"Name": "Pelvis"
	},
	"LeftFemur": {
		"Name": "LeftFemur"
	},
	"LeftTibia": {
		"Name": "LeftTibia"
	},
	"LeftAnkle": {
		"Name": "LeftAnkle",
		"Size": "0.0467 0.0563",
		"Offset": "0.599999 1.0"
	},
	"LeftFoot": {
		"Name": "LeftFoot",
		"Size": "0.17022 0.1115",
		"Offset": "0.2069 0.7579"
	},
	"RightFemur": {
		"Name": "RightFemur"
	},
	"RightTibia": {
		"Name": "RightTibia"
	},
	"RightAnkle": {
		"Name": "RightAnkle",
		"Size": "0.0467 0.0563",
		"Offset": "0.6 1.0"
	},
	"RightFoot": {
		"Name": "RightFoot",
		"Size": "0.1702 0.1115",
		"Offset": "0.2069 0.7579"
	},
	"SpeedBoost": 0.5,
	"OxygenMaskRechargeBoost": 1.5
}