{
	"DataType": "Legs",
	"DisplayName": "CARGO SHORTS",
	"Description": "NEVER RUN OUT OF AMMO, OR JOKES DIRECTED AT YOUR FASION SENSE.",
	"Classification": "Dull",
	"Abilities": [
		"UnlimitedAmmo"
	],
	"Size": "0.15 0.4",
	"Pelvis": {
		"Name": "Pelvis",
		"Size": "0.1667 0.1925",
		"Offset": "0.437001 0.791999",
		"Shape": [
			"0.936667 0.907642",
			"0.636667 0.047561",
			"0.113333 0.197642",
			"0.12 0.948049"
		]
	},
	"LeftFemur": {
		"Name": "LeftFemur",
		"LeftOrder": 30,
		"RightOrder": 45,
		"Position": "0.565 -0.196",
		"Size": "0.1585 0.1608",
		"Offset": "0.5 0.9635",
		"Shape": [
			"0.806667 0.85219",
			"0.97 0.142701",
			"0.073333 0.175547",
			"0.06 0.911314"
		]
	},
	"LeftTibia": {
		"Name": "LeftTibia",
		"LeftOrder": 35,
		"RightOrder": 40,
		"Shape": [
			"0.833333 0.935556",
			"0.71 0.04254",
			"0.223333 0.094709",
			"0.17 0.829683"
		]
	},
	"LeftAnkle": {
		"Name": "LeftAnkle"
	},
	"LeftFoot": {
		"Name": "LeftFoot"
	},
	"RightFemur": {
		"Name": "RightFemur",
		"LeftOrder": 70,
		"RightOrder": 85,
		"Position": "0.564999 -0.196",
		"Size": "0.1585 0.1608",
		"Offset": "0.5 0.9635",
		"Shape": [
			"0.813333 0.85219",
			"0.976667 0.145985",
			"0.043333 0.191971",
			"0.06 0.908029"
		]
	},
	"RightTibia": {
		"Name": "RightTibia",
		"LeftOrder": 75,
		"RightOrder": 80,
		"Shape": [
			"0.843333 0.926349",
			"0.703333 0.045608",
			"0.216667 0.085503",
			"0.176667 0.834286"
		]
	},
	"RightAnkle": {
		"Name": "RightAnkle"
	},
	"RightFoot": {
		"Name": "RightFoot"
	}
}