{
	"DataType": "Legs",
	"DisplayName": "CLEATS",
	"Description": "CUT FAST (AGILITY) AND PROTECT YOUR PRECIOUS EXTREMITIES (REDUCE LIMB DAMAGE) AND MAYBE DATE THE HEAD CHEERLEADER.",
	"Classification": "Cool",
	"Modifiers": {
		"Agility": 1.0,
		"LimbshotModifier": -0.15
	},
	"Size": "0.15 0.4",
	"Pelvis": {
		"Name": "Pelvis",
		"Size": "0.2512 0.1702",
		"Offset": "0.465 0.700001",
		"Shape": [
			"0.276667 0.926207",
			"0.796667 0.89177",
			"0.756667 0.178437",
			"0.5 0.001333",
			"0.276667 0.173517"
		]
	},
	"LeftFemur": {
		"Name": "LeftFemur",
		"Position": "0.54 -0.121",
		"Size": "0.1444 0.1643",
		"Offset": "0.5 0.9643",
		"Shape": [
			"0.046667 0.868214",
			"0.906667 0.850643",
			"0.806667 0.1595",
			"0.636667 0.045286",
			"0.433333 0.100929"
		]
	},
	"LeftTibia": {
		"Name": "LeftTibia",
		"Position": "0.624 0.142",
		"Size": "0.0845 0.1608",
		"Offset": "0.5 0.829",
		"Shape": [
			"0.126667 0.76",
			"0.57 0.966715",
			"0.896667 0.858102",
			"0.806667 0.038248",
			"0.276667 0.036496"
		]
	},
	"LeftAnkle": {
		"Name": "LeftAnkle",
		"Position": "0.175 0.0",
		"Size": "0.0657 0.0563",
		"Offset": "0.0 0.75",
		"Shape": [
			"0.103333 0.898889",
			"0.806667 0.898889",
			"0.906667 0.443889",
			"0.546667 0.105556",
			"0.163333 0.284444"
		]
	},
	"LeftFoot": {
		"Name": "LeftFoot",
		"Size": "0.1643 0.0833",
		"Offset": "0.27 0.815",
		"Shape": [
			"0.09 0.888263",
			"0.456667 0.855399",
			"0.97 0.447887",
			"0.916667 0.230986",
			"0.063333 0.323005"
		]
	},
	"RightFemur": {
		"Name": "RightFemur",
		"Position": "0.54 -0.121",
		"Size": "0.1444 0.1643",
		"Offset": "0.5 0.9643",
		"Shape": [
			"0.056667 0.879929",
			"0.906667 0.8565",
			"0.813333 0.177071",
			"0.67 0.048214",
			"0.446667 0.089214"
		]
	},
	"RightTibia": {
		"Name": "RightTibia",
		"Position": "0.623998 0.142",
		"Size": "0.0845 0.1608",
		"Offset": "0.5 0.829001",
		"Shape": [
			"0.106667 0.717956",
			"0.503333 0.966715",
			"0.903333 0.870365",
			"0.816667 0.04",
			"0.266667 0.036496"
		]
	},
	"RightAnkle": {
		"Name": "RightAnkle",
		"Position": "0.175 0.0",
		"Size": "0.0657 0.0563",
		"Offset": "0.0 0.75",
		"Shape": [
			"0.113333 0.898889",
			"0.8 0.898889",
			"0.78 0.167778",
			"0.166667 0.284444"
		]
	},
	"RightFoot": {
		"Name": "RightFoot",
		"Size": "0.1643 0.0833",
		"Offset": "0.27 0.815",
		"Shape": [
			"0.07 0.349296",
			"0.116667 0.914554",
			"0.443333 0.875117",
			"0.97 0.461033",
			"0.89 0.198122"
		]
	}
}