{
	"DataType": "Legs",
	"DisplayName": "FAIRY BOOTS",
	"Description": "WHEN YOU GROW UP IN THE FOREST YOU CAN WALK BACKWARDS FASTER FOR SOME REASON (MAX BACKWARD SPEED)",
	"Classification": "Okay",
	"Modifiers": {
		"MaximumForwardSpeed": -0.2,
		"MaximumBackwardSpeed": 1.2
	},
	"Size": "0.15 0.4",
	"LeftFemur": {
		"Name": "LeftFemur",
		"LeftOrder": 45,
		"RightOrder": 30
	},
	"LeftTibia": {
		"Name": "LeftTibia",
		"LeftOrder": 40,
		"RightOrder": 35
	},
	"LeftAnkle": {
		"Name": "LeftAnkle",
		"LeftOrder": 30,
		"RightOrder": 45,
		"Size": "0.10095 0.161995",
		"Offset": "0.519999 0.440001",
		"Shape": [
			"0.136667 0.937681",
			"0.186667 0.073527",
			"0.93 0.198164",
			"0.883333 0.941836"
		]
	},
	"LeftFoot": {
		"Name": "LeftFoot",
		"LeftOrder": 35,
		"RightOrder": 40,
		"Position": "0.52 0.03",
		"Size": "0.153778 0.116214",
		"Offset": "0.2137 0.5455",
		"Shape": [
			"0.053333 0.576566",
			"0.07 0.078148",
			"0.95 0.056094",
			"0.943333 0.360438",
			"0.29 0.951481"
		]
	},
	"RightFemur": {
		"Name": "RightFemur",
		"LeftOrder": 85,
		"RightOrder": 70
	},
	"RightTibia": {
		"Name": "RightTibia",
		"LeftOrder": 80,
		"RightOrder": 75
	},
	"RightAnkle": {
		"Name": "RightAnkle",
		"LeftOrder": 70,
		"RightOrder": 85,
		"Size": "0.10095 0.161995",
		"Offset": "0.52 0.44",
		"Shape": [
			"0.113333 0.92314",
			"0.18 0.056908",
			"0.923333 0.198164",
			"0.88 0.950145"
		]
	},
	"RightFoot": {
		"Name": "RightFoot",
		"LeftOrder": 75,
		"RightOrder": 80,
		"Position": "0.52 0.03",
		"Size": "0.153778 0.116214",
		"Offset": "0.21374 0.5455",
		"Shape": [
			"0.05 0.60303",
			"0.06 0.064916",
			"0.953333 0.060505",
			"0.953333 0.364848",
			"0.27 0.960303"
		]
	}
}
