{
	"DataType": "Legs",
	"DisplayName": "GROUND BOLTS",
	"Description": "STRAP ON THESE BAD BOYS AND YOU'LL BE ABLE TO RUN USAINLY FAST (MAX FORWARD SPEED)",
	"Classification": "Cool",
	"Modifiers": {
		"Agility": 0.25,
		"MaximumForwardSpeed": 0.25,
		"MaximumBackwardSpeed": 0.25
	},
	"Size": "0.15 0.4",
	"Pelvis": {
		"Name": "Pelvis",
		"Size": "0.1679 0.1761",
		"Offset": "0.412 0.787",
		"Shape": [
			"0.9 0.958689",
			"0.946667 0.405756",
			"0.6 0.046667",
			"0.166667 0.205555",
			"0.106667 0.933267"
		]
	},
	"LeftFemur": {
		"Name": "LeftFemur",
		"LeftOrder": 30,
		"RightOrder": 45,
		"Position": "0.59 -0.152",
		"Size": "0.155 0.162",
		"Offset": "0.5 0.9565",
		"Shape": [
			"0.86 0.862899",
			"0.97 0.113623",
			"0.116667 0.068985",
			"0.05 0.907536"
		]
	},
	"LeftTibia": {
		"Name": "LeftTibia",
		"LeftOrder": 35,
		"RightOrder": 40
	},
	"LeftAnkle": {
		"Name": "LeftAnkle",
		"Position": "0.075 0.0",
		"Size": "0.054 0.0481",
		"Offset": "0.0 0.5",
		"Shape": [
			"0.12 0.887805",
			"0.206667 0.188455",
			"0.753333 0.192195",
			"0.83 0.850407"
		]
	},
	"LeftFoot": {
		"Name": "LeftFoot",
		"Size": "0.2054 0.1115",
		"Offset": "0.3261 0.7579",
		"Shape": [
			"0.456667 0.871053",
			"0.973333 0.177193",
			"0.213333 0.078947",
			"0.196667 0.834211"
		]
	},
	"RightFemur": {
		"Name": "RightFemur",
		"LeftOrder": 70,
		"RightOrder": 85,
		"Position": "0.59 -0.152",
		"Size": "0.155 0.162",
		"Offset": "0.5 0.9565",
		"Shape": [
			"0.863333 0.85971",
			"0.973333 0.104058",
			"0.1 0.081739",
			"0.043333 0.897971"
		]
	},
	"RightTibia": {
		"Name": "RightTibia",
		"LeftOrder": 75,
		"RightOrder": 80
	},
	"RightAnkle": {
		"Name": "RightAnkle",
		"Position": "0.075 0.0",
		"Size": "0.054 0.04813",
		"Offset": "0.0 0.5",
		"Shape": [
			"0.123333 0.850407",
			"0.226667 0.184715",
			"0.746667 0.184715",
			"0.82 0.872846"
		]
	},
	"RightFoot": {
		"Name": "RightFoot",
		"Size": "0.2054 0.1115",
		"Offset": "0.3261 0.7597",
		"Shape": [
			"0.44 0.834211",
			"0.966667 0.183333",
			"0.24 0.066667",
			"0.196667 0.82807"
		]
	}
}