{
	"DataType": "Legs",
	"DisplayName": "HERMES SANDALS",
	"Description": "WHAT GOES UP, MUST STAY UP FOR LONGER THAN USUAL",
	"Classification": "Cool",
	"Modifiers": {
		"Hops": -0.35,
		"HangAmount": 0.25,
		"HangTime": 1.0,
		"Maneuverability": 1.0,
		"MaximumFallingSpeed": -0.5
	},
	"Size": "0.15 0.4",
	"Pelvis": {
		"Name": "Pelvis",
		"Size": "0.1679 0.1761",
		"Offset": "0.412 0.787",
		"Shape": [
			"0.89 0.961867",
			"0.88 0.202378",
			"0.216667 0.148356",
			"0.116667 0.945978"
		]
	},
	"LeftFemur": {
		"Name": "LeftFemur",
		"LeftOrder": 30,
		"RightOrder": 45,
		"Position": "0.59 -0.152",
		"Size": "0.155 0.162",
		"Offset": "0.5 0.9586",
		"Shape": [
			"0.866667 0.862899",
			"0.953333 0.123188",
			"0.116667 0.110435",
			"0.056667 0.917101"
		]
	},
	"LeftTibia": {
		"Name": "LeftTibia",
		"LeftOrder": 45,
		"RightOrder": 30,
		"Shape": [
			"0.176667 0.832751",
			"0.843333 0.924815",
			"0.72 0.037937",
			"0.206667 0.087037"
		]
	},
	"LeftAnkle": {
		"Name": "LeftAnkle",
		"LeftOrder": 40,
		"RightOrder": 35,
		"Size": "0.0786 0.1056",
		"Offset": "0.57 0.75",
		"Shape": [
			"0.733333 0.706296",
			"0.843333 0.166333",
			"0.19 0.112111",
			"0.223333 0.710815"
		]
	},
	"LeftFoot": {
		"Name": "LeftFoot",
		"LeftOrder": 35,
		"RightOrder": 40,
		"Position": "0.49 0.355",
		"Size": "0.2054 0.1902",
		"Offset": "0.34 0.445",
		"Shape": [
			"0.186667 0.420268",
			"0.486667 0.438272",
			"0.96 0.085391",
			"0.133333 0.045782"
		]
	},
	"RightFemur": {
		"Name": "RightFemur",
		"LeftOrder": 70,
		"RightOrder": 85,
		"Position": "0.59 -0.152",
		"Size": "0.155 0.162",
		"Offset": "0.5 0.95865",
		"Shape": [
			"0.046667 0.929855",
			"0.89 0.85971",
			"0.963333 0.126377",
			"0.113333 0.094493"
		]
	},
	"RightTibia": {
		"Name": "RightTibia",
		"LeftOrder": 85,
		"RightOrder": 70,
		"Shape": [
			"0.846667 0.927884",
			"0.71 0.041005",
			"0.216667 0.088571",
			"0.166667 0.83582"
		]
	},
	"RightAnkle": {
		"Name": "RightAnkle",
		"LeftOrder": 80,
		"RightOrder": 75,
		"Size": "0.0786 0.1056",
		"Offset": "0.569999 0.75",
		"Shape": [
			"0.643333 0.735667",
			"0.836667 0.166333",
			"0.14 0.130185",
			"0.206667 0.72663"
		]
	},
	"RightFoot": {
		"Name": "RightFoot",
		"LeftOrder": 75,
		"RightOrder": 80,
		"Position": "0.49 0.355002",
		"Size": "0.2054 0.1902",
		"Offset": "0.34 0.445",
		"Shape": [
			"0.203333 0.441872",
			"0.503333 0.449074",
			"0.95 0.070988",
			"0.12 0.049383"
		]
	}
}