{
	"DataType": "Legs",
	"DisplayName": "ICE SKATES",
	"Description": "IMPROVE YOUR MAX SPEED AND REDUCE YOUR AGILITY WITH THIS ACCIDENT WAITING TO HAPPEN",
	"Classification": "Okay",
	"Modifiers": {
		"Agility": -0.5,
		"Maneuverability": -0.5,
		"MaximumForwardSpeed": 0.5
	},
	"Size": "0.15 0.4",
	"Pelvis": {
		"Name": "Pelvis"
	},
	"LeftFemur": {
		"Name": "LeftFemur"
	},
	"LeftTibia": {
		"Name": "LeftTibia"
	},
	"LeftAnkle": {
		"Name": "LeftAnkle",
		"Size": "0.0704 0.0845",
		"Shape": [
			"0.686667 0.913889",
			"0.86 0.197222",
			"0.196667 0.15",
			"0.13 0.827778"
		]
	},
	"LeftFoot": {
		"Name": "LeftFoot",
		"Position": "0.482 0.445",
		"Size": "0.1843 0.115",
		"Offset": "0.32 0.949",
		"Shape": [
			"0.963333 0.465986",
			"0.856667 0.054796",
			"0.05 0.081497",
			"0.176667 0.925238",
			"0.476667 0.925238"
		]
	},
	"RightFemur": {
		"Name": "RightFemur"
	},
	"RightTibia": {
		"Name": "RightTibia"
	},
	"RightAnkle": {
		"Name": "RightAnkle",
		"Size": "0.0704 0.0845",
		"Shape": [
			"0.696667 0.905556",
			"0.85 0.216667",
			"0.216667 0.141667",
			"0.17 0.85"
		]
	},
	"RightFoot": {
		"Name": "RightFoot",
		"Position": "0.482 0.444997",
		"Size": "0.1843 0.115",
		"Offset": "0.32 0.949",
		"Shape": [
			"0.48 0.914558",
			"0.956667 0.465986",
			"0.84 0.049456",
			"0.04 0.076156",
			"0.173333 0.935918"
		]
	}
}