{
	"DataType": "Kilt",
	"DisplayName": "KILT",
	"Description": "FIRE BULLETS FROM YOU GUN LEG LIKE SOME KIND OF TRASH TALKING FUTURE SCOTSMAN",
	"Classification": "Cool",
	"HasTimer": true,
	"HasAbility": true,
	"Size": "0.15 0.4",
	"Pelvis": {
		"Name": "Pelvis",
		"LeftOrder": 29,
		"RightOrder": 86,
		"Size": "0.3029 0.27",
		"Offset": "0.459001 0.813999",
		"Shape": [
			"0.333333 0.962609",
			"0.73 0.961",
			"0.963333 0.226",
			"0.523333 0.007",
			"0.026667 0.207304"
		]
	},
	"LeftFemur": {
		"Name": "LeftFemur",
		"UseFallbackTexture": false
	},
	"LeftTibia": {
		"Name": "LeftTibia",
		"Size": "0.11 0.28",
		"Shape": [
			"0.363333 0.963312",
			"0.82 0.984277",
			"0.856667 0.015985",
			"0.703333 0.013365",
			"0.036667 0.441824",
			"0.136667 0.765461"
		],
		"Children": [
			{
				"Name": "KiltMuzzle",
				"Position": "0.752 0.016"
			}
		]
	},
	"LeftAnkle": {
		"Name": "LeftAnkle",
		"UseFallbackTexture": false
	},
	"LeftFoot": {
		"Name": "LeftFoot",
		"UseFallbackTexture": false
	},
	"RightFemur": {
		"Name": "RightFemur",
		"UseFallbackTexture": false
	},
	"RightTibia": {
		"Name": "RightTibia"
	},
	"RightAnkle": {
		"Name": "RightAnkle"
	},
	"RightFoot": {
		"Name": "RightFoot"
	}
}