{
	"DataType": "Legs",
	"DisplayName": "LEG BONES",
	"Description": "YOU CAN'T HURT WHAT'S ALREAD DEAD; PICK THIS BONE FOR LONGER INVINCIBILITY TIME AFTER RESPAWNING.",
	"Classification": "Cool",
	"Modifiers": {
		"InvincibilityFrames": 1.0
	},
	"Size": "0.15 0.4",
	"Pelvis": {
		"Name": "Pelvis",
		"Position": "0.506 -0.009",
		"Size": "0.1679 0.1503",
		"Offset": "0.539999 0.789",
		"Shape": [
			"0.656667 0.035495",
			"0.23 0.217969",
			"0.05 0.698359",
			"0.486667 0.947865",
			"0.98 0.437682"
		]
	},
	"LeftFemur": {
		"Name": "LeftFemur",
		"Position": "0.5986 -0.195",
		"Size": "0.0822 0.1808",
		"Offset": "0.3857 0.8117",
		"Shape": [
			"0.27 0.062121",
			"0.073333 0.90303",
			"0.536667 0.94697",
			"0.926667 0.09697"
		]
	},
	"LeftTibia": {
		"Name": "LeftTibia",
		"Position": "0.4417 0.2101",
		"Size": "0.0845 0.1972",
		"Offset": "0.3 0.8378",
		"Shape": [
			"0.208333 0.029762",
			"0.263889 0.863095",
			"0.819444 0.97619",
			"0.861111 0.190476"
		]
	},
	"LeftAnkle": {
		"Name": "LeftAnkle",
		"UseFallbackTexture": false
	},
	"LeftFoot": {
		"Name": "LeftFoot",
		"Position": "0.554 0.851",
		"Size": "0.1643 0.0869",
		"Offset": "0.3 0.8378",
		"Shape": [
			"0.064286 0.135135",
			"0.192857 0.837838",
			"0.364286 0.932432",
			"0.964286 0.189189"
		]
	},
	"RightFemur": {
		"Name": "RightFemur",
		"Position": "0.423001 -0.195",
		"Size": "0.0822 0.1808",
		"Offset": "0.3857 0.8117",
		"Shape": [
			"0.27 0.062121",
			"0.073333 0.90303",
			"0.536667 0.94697",
			"0.926667 0.09697"
		]
	},
	"RightTibia": {
		"Name": "RightTibia",
		"Position": "0.4147 0.2121",
		"Size": "0.0845 0.1972",
		"Offset": "0.3 0.8378",
		"Shape": [
			"0.208333 0.029762",
			"0.263889 0.863095",
			"0.819444 0.97619",
			"0.861111 0.190476"
		]
	},
	"RightAnkle": {
		"Name": "RightAnkle",
		"UseFallbackTexture": false
	},
	"RightFoot": {
		"Name": "RightFoot",
		"Position": "0.553999 0.850999",
		"Size": "0.1643 0.0869",
		"Offset": "0.3 0.8378",
		"Shape": [
			"0.064286 0.135135",
			"0.192857 0.837838",
			"0.364286 0.932432",
			"0.964286 0.189189"
		]
	}
}