{
	"DataType": "Legs",
	"DisplayName": "LOAFERS",
	"Description": "GENTRIFY YOUR FEET WHILE MAINTAINING A LOW PROFILE (NOISINESS)",
	"Classification": "Cool",
	"Modifiers": {
		"Noisiness": -0.5
	},
	"Size": "0.15 0.4",
	"Pelvis": {
		"Name": "Pelvis"
	},
	"LeftFemur": {
		"Name": "LeftFemur",
		"LeftOrder": 45,
		"RightOrder": 30,
		"Position": "0.5 -0.092",
		"Size": "0.1162 0.162",
		"Offset": "0.46 0.94",
		"Shape": [
			"0.136667 0.146304",
			"0.71 0.050652",
			"0.943333 0.846956",
			"0.11 0.725"
		]
	},
	"LeftTibia": {
		"Name": "LeftTibia",
		"LeftOrder": 40,
		"RightOrder": 35,
		"Position": "0.1547 0.2411",
		"Size": "0.0867 0.2618",
		"Offset": "0.13 0.72",
		"Shape": [
			"0.549296 0.954802",
			"0.957747 0.751412",
			"0.905405 0.049327",
			"0.094595 0.035874"
		]
	},
	"LeftAnkle": {
		"Name": "LeftAnkle",
		"LeftOrder": 35,
		"RightOrder": 40,
		"Position": "0.058 0.0",
		"Size": "0.0751 0.0563",
		"Offset": "0.0 0.5",
		"Shape": [
			"0.11 0.764444",
			"0.876667 0.893333",
			"0.913333 0.444444",
			"0.57 0.102222",
			"0.173333 0.284444"
		]
	},
	"LeftFoot": {
		"Name": "LeftFoot",
		"LeftOrder": 30,
		"RightOrder": 45,
		"Position": "0.378 0.659",
		"Size": "0.1679 0.0916",
		"Offset": "0.1917 0.7742"
	},
	"RightFemur": {
		"Name": "RightFemur",
		"LeftOrder": 70,
		"RightOrder": 85,
		"Position": "0.508 -0.092",
		"Size": "0.1162 0.162",
		"Offset": "0.46 0.94",
		"Shape": [
			"0.08 0.725",
			"0.946667 0.868478",
			"0.716667 0.050652",
			"0.16 0.091304"
		]
	},
	"RightTibia": {
		"Name": "RightTibia",
		"LeftOrder": 75,
		"RightOrder": 80,
		"Position": "0.154702 0.2411",
		"Size": "0.0867 0.2618",
		"Offset": "0.13 0.72",
		"Shape": [
			"0.48715 0.968555",
			"0.901507 0.750683",
			"0.891892 0.058296",
			"0.094595 0.026906"
		]
	},
	"RightAnkle": {
		"Name": "RightAnkle",
		"LeftOrder": 85,
		"RightOrder": 70,
		"Position": "0.058 0.0",
		"Size": "0.0751 0.0563",
		"Offset": "0.0 0.5",
		"Shape": [
			"0.106667 0.777778",
			"0.9 0.884444",
			"0.86 0.297778",
			"0.49 0.115556",
			"0.12 0.391111"
		]
	},
	"RightFoot": {
		"Name": "RightFoot",
		"LeftOrder": 80,
		"RightOrder": 75,
		"Position": "0.378001 0.658998",
		"Size": "0.1679 0.0916",
		"Offset": "0.1917 0.7742"
	}
}