{
	"DataType": "Legs",
	"DisplayName": "PEG LEG",
	"Description": "WOOD YOU LIKE TO TAKE LESS LIMB DAMAGE? BECAUSE I PEGGED YOU AS THAT TYPE OF PERSON",
	"Classification": "Cool",
	"Modifiers": {
		"LimbshotModifier": 0.5
	},
	"Size": "0.15 0.4",
	"Pelvis": {
		"Name": "Pelvis"
	},
	"LeftFemur": {
		"Name": "LeftFemur",
		"LeftOrder": 40,
		"RightOrder": 35,
		"Position": "0.5 -0.092",
		"Size": "0.1162 0.162",
		"Offset": "0.46 0.94",
		"Shape": [
			"0.136667 0.146304",
			"0.71 0.050652",
			"0.943333 0.846956",
			"0.11 0.725"
		]
	},
	"LeftTibia": {
		"Name": "LeftTibia",
		"LeftOrder": 45,
		"RightOrder": 30,
		"Position": "0.1547 0.2411",
		"Size": "0.0833 0.2078",
		"Offset": "0.0704 0.6554",
		"Shape": [
			"0.549296 0.954802",
			"0.957747 0.751412",
			"0.873239 0.028249",
			"0.126761 0.163842"
		]
	},
	"LeftAnkle": {
		"Name": "LeftAnkle",
		"LeftOrder": 35,
		"RightOrder": 40,
		"Position": "0.0 0.0",
		"Size": "0.1092 0.1373",
		"Offset": "0.127 0.356002"
	},
	"LeftFoot": {
		"Name": "LeftFoot",
		"LeftOrder": 30,
		"RightOrder": 45,
		"Position": "0.487 0.301003",
		"Size": "0.1679 0.0916",
		"Offset": "0.2553 0.9084",
		"Shape": [
			"0.06 0.902222",
			"0.063333 0.132222",
			"0.93 0.071111",
			"0.946667 0.388889",
			"0.483333 0.914444"
		]
	},
	"RightFemur": {
		"Name": "RightFemur",
		"LeftOrder": 80,
		"RightOrder": 75,
		"Position": "0.508 -0.092",
		"Size": "0.1162 0.162",
		"Offset": "0.46 0.94",
		"Shape": [
			"0.08 0.725",
			"0.946667 0.868478",
			"0.716667 0.050652",
			"0.16 0.091304"
		]
	},
	"RightTibia": {
		"Name": "RightTibia",
		"LeftOrder": 85,
		"RightOrder": 70,
		"Position": "0.154702 0.2411",
		"Size": "0.0833 0.2078",
		"Offset": "0.0704 0.6554",
		"Shape": [
			"0.48715 0.968555",
			"0.901507 0.750683",
			"0.839914 0.02744",
			"0.111989 0.150975"
		]
	},
	"RightAnkle": {
		"Name": "RightAnkle",
		"LeftOrder": 75,
		"RightOrder": 80,
		"Position": "0.0 0.0",
		"Size": "0.1092 0.1784",
		"Offset": "0.097 0.5",
		"Shape": [
			"0.116667 0.942895",
			"0.796667 0.936776",
			"0.95 0.700197",
			"0.586667 0.037368",
			"0.41 0.035329",
			"0.063333 0.677763"
		]
	},
	"RightFoot": {
		"Name": "RightFoot",
		"UseFallbackTexture": false
	}
}