{
	"DataType": "SpaceBoots",
	"DisplayName": "SPACE BOOTS",
	"Description": "GET TWO JUMPS FOR THE PRICE OF ONE (DOUBLE JUMP)!",
	"Classification": "Cool",
	"HasAbility": true,
	"Size": "0.15 0.4",
	"Pelvis": {
		"Name": "Pelvis",
		"LeftOrder": 65,
		"Size": "0.169 0.142"
	},
	"LeftFemur": {
		"Name": "LeftFemur",
		"LeftOrder": 45,
		"RightOrder": 30,
		"Position": "0.536 -0.066",
		"Size": "0.1538 0.2125",
		"Offset": "0.5802 0.9123",
		"Shape": [
			"0.483333 0.078416",
			"0.786667 0.076004",
			"0.92 0.756335",
			"0.153333 0.782873"
		]
	},
	"LeftTibia": {
		"Name": "LeftTibia",
		"LeftOrder": 40,
		"RightOrder": 35,
		"Position": "0.5747 0.1441",
		"Size": "0.0892 0.1843",
		"Offset": "0.5 0.8",
		"Shape": [
			"0.113333 0.87414",
			"0.833333 0.966115",
			"0.683333 0.059278",
			"0.323333 0.059278"
		]
	},
	"LeftAnkle": {
		"Name": "LeftAnkle",
		"LeftOrder": 35,
		"RightOrder": 40,
		"Position": "0.307 0.4",
		"Size": "0.1174 0.1667",
		"Offset": "0.462 0.55",
		"Shape": [
			"0.933333 0.906103",
			"0.88 0.140845",
			"0.633333 0.032864",
			"0.37 0.140845",
			"0.056667 0.948357"
		]
	},
	"LeftFoot": {
		"Name": "LeftFoot",
		"LeftOrder": 30,
		"RightOrder": 45,
		"Position": "0.62 0.2254",
		"Size": "0.1665 0.0903",
		"Offset": "0.2553 0.935"
	},
	"RightFemur": {
		"Name": "RightFemur",
		"LeftOrder": 85,
		"RightOrder": 70,
		"Position": "0.536 -0.066",
		"Size": "0.1538 0.2125",
		"Offset": "0.5802 0.9123",
		"Shape": [
			"0.926667 0.758748",
			"0.783333 0.059116",
			"0.503333 0.063941",
			"0.17 0.787698"
		]
	},
	"RightTibia": {
		"Name": "RightTibia",
		"LeftOrder": 80,
		"RightOrder": 75,
		"Position": "0.5747 0.1441",
		"Size": "0.0892 0.1843",
		"Offset": "0.5 0.8",
		"Shape": [
			"0.080183 0.878011",
			"0.899198 0.969503",
			"0.681557 0.068445",
			"0.292096 0.076762"
		]
	},
	"RightAnkle": {
		"Name": "RightAnkle",
		"LeftOrder": 75,
		"RightOrder": 80,
		"Position": "0.307002 0.4",
		"Size": "0.1174 0.1667",
		"Offset": "0.461999 0.55",
		"Shape": [
			"0.933333 0.910798",
			"0.906667 0.171362",
			"0.636667 0.025822",
			"0.34 0.180751",
			"0.066667 0.950704"
		]
	},
	"RightFoot": {
		"Name": "RightFoot",
		"LeftOrder": 70,
		"RightOrder": 85,
		"Position": "0.619998 0.2254",
		"Size": "0.1655 0.0904",
		"Offset": "0.2553 0.935"
	},
	"JumpImpulse": 16.0
}