{
	"DataType": "SpringShoes",
	"DisplayName": "SPRING SHOES",
	"Description": "SPRING TO NEW HEIGHTS WITH THESE EXTRA HIGH JUMPING SHOES",
	"Classification": "Cool",
	"HasAbility": true,
	"Size": "0.15 0.4",
	"Pelvis": {
		"Name": "Pelvis"
	},
	"LeftFemur": {
		"Name": "LeftFemur"
	},
	"LeftTibia": {
		"Name": "LeftTibia"
	},
	"LeftAnkle": {
		"Name": "LeftAnkle",
		"Size": "0.0599 0.0798",
		"Offset": "0.635 0.85",
		"Shape": [
			"0.193333 0.165",
			"0.126667 0.915",
			"0.903333 0.91",
			"0.87 0.17"
		]
	},
	"LeftFoot": {
		"Name": "LeftFoot",
		"Size": "0.1761 0.1432",
		"CellCountX": 2,
		"CellCountY": 2,
		"FrameCount": 4
	},
	"RightFemur": {
		"Name": "RightFemur"
	},
	"RightTibia": {
		"Name": "RightTibia"
	},
	"RightAnkle": {
		"Name": "RightAnkle",
		"Size": "0.0599 0.0798",
		"Offset": "0.634998 0.849999",
		"Shape": [
			"0.2 0.17",
			"0.11 0.905",
			"0.89 0.9225",
			"0.886667 0.1725"
		]
	},
	"RightFoot": {
		"Name": "RightFoot",
		"Size": "0.1761 0.1432",
		"CellCountX": 2,
		"CellCountY": 2,
		"FrameCount": 4
	},
	"FrameRate": 20.0,
	"SpringImpulse": 30.0
}