{
	"DataType": "GrenadeLauncher",
	"DisplayName": "GRENADE LAUNCHER",
	"Description": "EXPLOSIVE BALLISTIC PROJECTILES",
	"AutoRateOfFire": 4.0,
	"SemiRateOfFire": 2.0,
	"MaxAmmo": 18,
	"ClipSize": 6,
	"DefaultAmmo": 6,
	"BulletCount": 1,
	"ReloadTime": 2.5,
	"PutAwayTime": 0.2,
	"TakeOutTime": 0.2,
	"ZoomLevels": [ 1.0
	],
	"Spread": 0.0,
	"Recoil": 5.0,
	"FireNoise": 100.0,
	"AimRadius": 0.27,
	"Size": "0.8 0.4",
	"StowedSize": "0.4 0.2",
	"Offset": "0.13 0.3",
	"MuzzleOffset": "0.97 0.7",
	"OptimalDistance": 2.0,
	"MaxDistance": 6.0,
	"Shape": [
		"0.263158 0.9",
		"0.063158 0.613333",
		"0.039474 0.18",
		"0.094737 0.093333",
		"0.763158 0.326667",
		"0.963158 0.64",
		"0.963158 0.74",
		"0.471053 0.9"
	],
	"ContactDamage": 0.0,
	"Knockback": 0.0,
	"Speed": 10.0,
	"SpeedVariance": 0.0,
	"Gravity": 0.2,
	"Lifetime": 4.0,
	"BounceLifetime": 1.0,
	"InnerExplosionRadius": 0.5,
	"OuterExplosionRadius": 2.0,
	"ExplosionDamage": 100.0,
	"ExplosionImpulse": 10.0,
	"Projectile": "Grenade",
	"MinimumSpeed": 5.0,
	"MaximumSpeed": 15.0,
	"ChargeRate": 2.0
}