{
	"DataType": "Weapon",
	"DisplayName": "SHOTGUN",
	"Description": "BIG POWER, SMALL RANGE",
	"AutoRateOfFire": 2.0,
	"SemiRateOfFire": 2.0,
	"MaxAmmo": 12,
	"ClipSize": 6,
	"DefaultAmmo": 6,
	"BulletCount": 12,
	"ReloadTime": 2.0,
	"PutAwayTime": 0.15,
	"TakeOutTime": 0.15,
	"ZoomLevels": [ 0.2
	],
	"Spread": 15.0,
	"Recoil": 8.0,
	"FireNoise": 150.0,
	"AimRadius": 0.25,
	"Size": "0.6 0.3",
	"StowedSize": "0.4 0.2",
	"Offset": "0.15 0.25",
	"MuzzleOffset": "0.95 0.75",
	"OptimalDistance": 2.0,
	"MaxDistance": 6.0,
	"Shape": [
		"0.05625 0.205",
		"0.08125 0.71",
		"0.247917 0.875",
		"0.947917 0.83",
		"0.879167 0.695",
		"0.145833 0.135"
	],
	"ContactDamage": 10.0,
	"Knockback": 0.08,
	"Speed": 12.0,
	"SpeedVariance": 2.0,
	"Gravity": 0.0,
	"Lifetime": 0.5,
	"Modifiers": {
		"CameraZoom": -0.35
	},
	"Projectile": "Basic"
}