{
	"DisplayName": "TARGET PRACTICE",
	"Description": "THE MAP FOR THE TARGET PRACTICE CHALLENGE",
	"WorldBounds": "-38.5 -3.0 76.5 25.0",
	"SpawnPoints": [
		{
			"Position": "-37.0 1.5",
			"Mask": "Player|FreeForAll|Race"
		},
		{
			"Position": "-30.25 1.5",
			"Mask": "Weapon0"
		},
		{
			"Position": "-27.75 1.5",
			"Mask": "Weapon1"
		},
		{
			"Position": "-9.5 2.0",
			"Mask": "Objective|FreeForAll|Race"
		},
		{
			"Position": "-6.25 2.5",
			"Mask": "Weapon2"
		},
		{
			"Position": "10.5 9.0",
			"Mask": "Objective|FreeForAll|Race"
		},
		{
			"Position": "13.75 9.5",
			"Mask": "Weapon3"
		},
		{
			"Position": "32.75 10.5",
			"Mask": "Objective|FreeForAll|Race"
		}
	],
	"Entities": {
		"Platforms": [
			{
				"Position": "-11.0 -13.0",
				"Size": "8.5 15.0"
			},
			{
				"Position": "-39.0 -13.0",
				"Size": "15.0 14.0"
			},
			{
				"Name": "Short",
				"Position": "-22.5 0.5",
				"Size": "1.5 1.0",
				"OneWay": true,
				"Moving": true,
				"Path": [
					{
						"Time": 0.0,
						"Value": {
							"Position": "-22.5 0.5",
							"Action": "Stopped"
						}
					},
					{
						"Time": 2.0,
						"Value": {
							"Position": "-18.0 0.5",
							"Action": "Normal"
						}
					},
					{
						"Time": 4.0,
						"Value": {
							"Position": "-13.5 0.5",
							"Action": "Normal"
						}
					},
					{
						"Time": 6.0,
						"Value": {
							"Position": "-18.0 0.5",
							"Action": "Normal"
						}
					},
					{
						"Time": 8.0,
						"Value": {
							"Position": "-22.5 0.5",
							"Action": "Normal"
						}
					}
				]
			},
			{
				"Position": "-14.5 3.0",
				"Size": "1.0 3.5"
			},
			{
				"Position": "-28.5 1.0",
				"Size": "1.5 0.5",
				"OneWay": true
			},
			{
				"Position": "-31.0 1.0",
				"Size": "1.5 0.5",
				"OneWay": true
			},
			{
				"Position": "-25.5 5.5",
				"Size": "11.0 1.0"
			},
			{
				"Position": "-24.0 -13.0",
				"Size": "1.0 15.0"
			},
			{
				"Position": "-23.0 -13.0",
				"Size": "12.0 13.5"
			},
			{
				"Position": "-7.0 1.5",
				"Size": "1.5 1.0",
				"OneWay": true
			},
			{
				"Position": "-2.5 -13.0",
				"Size": "1.0 15.5"
			},
			{
				"Position": "-2.5 3.0",
				"Size": "1.0 6.0"
			},
			{
				"Position": "-1.5 -13.0",
				"Size": "16.5 13.5"
			},
			{
				"Position": "-1.5 8.0",
				"Size": "16.5 1.0"
			},
			{
				"Position": "15.0 -13.0",
				"Size": "23.5 22.0"
			},
			{
				"Position": "13.0 9.0",
				"Size": "1.5 0.5",
				"OneWay": true
			},
			{
				"Position": "17.5 10.0",
				"Size": "2.0 4.0"
			},
			{
				"Position": "19.5 10.5",
				"Size": "2.0 1.0"
			},
			{
				"Position": "21.5 10.0",
				"Size": "2.0 4.0"
			},
			{
				"Position": "31.5 9.0",
				"Size": "2.5 1.0",
				"OneWay": true
			},
			{
				"Position": "32.0 9.5",
				"Size": "1.5 1.0",
				"OneWay": true
			},
			{
				"Name": "Door",
				"Position": "18.0 9.5",
				"Size": "1.0 1.0",
				"Moving": true,
				"Path": [
					{
						"Time": 0.0,
						"Value": {
							"Position": "18.0 9.5",
							"Action": "Stopped"
						}
					},
					{
						"Time": 1.0,
						"Value": {
							"Position": "18.0 11.0",
							"Action": "Finished"
						}
					}
				]
			},
			{
				"Name": "Long",
				"Position": "-4.5 8.5",
				"Size": "1.5 0.5",
				"OneWay": true,
				"Moving": true,
				"Path": [
					{
						"Time": 0.0,
						"Value": {
							"Position": "-4.5 8.5",
							"Action": "Stopped"
						}
					},
					{
						"Time": 3.0,
						"Value": {
							"Position": "-4.5 3.0",
							"Action": "Normal"
						}
					},
					{
						"Time": 5.0,
						"Value": {
							"Position": "-4.5 3.0",
							"Action": "Normal"
						}
					},
					{
						"Time": 8.0,
						"Value": {
							"Position": "-4.5 8.5",
							"Action": "Normal"
						}
					}
				]
			}
		],
		"Hazards": [
			{
				"Position": "-1.5 0.47",
				"Size": "16.5 0.5",
				"Data": "Gap"
			},
			{
				"Position": "-23.0 0.47",
				"Size": "12.0 0.5",
				"Data": "Gap"
			}
		],
		"Interactions": [
			{
				"Position": "-14.77 4.0",
				"Size": "0.3 1.0",
				"Data": "Target",
				"Hit": {
					"Action": "PathStartAction",
					"Platform": "Short"
				}
			},
			{
				"Position": "20.0 11.82",
				"Size": "0.3 1.0",
				"Rotation": "Degrees(270.0)",
				"Data": "Target",
				"Hit": {
					"Action": "PathStartAction",
					"Platform": "Door"
				}
			},
			{
				"Position": "14.73 2.5",
				"Size": "0.3 1.0",
				"Data": "Target",
				"Hit": {
					"Action": "PathStartAction",
					"Platform": "Long"
				}
			}
		]
	},
	"Backgrounds": []
}