{
	"DataType": "Weapon",
	"DisplayName": "PISTOL",
	"Description": "THE SEMI-AUTO STAPLE OF EVERY ARSENAL",
	"AutoRateOfFire": 0.666667,
	"SemiRateOfFire": 0.5,
	"MaxAmmo": 50,
	"ClipSize": 12,
	"DefaultAmmo": 30,
	"BulletCount": 1,
	"ReloadTime": 1.0,
	"PutAwayTime": 0.1,
	"TakeOutTime": 0.1,
	"ZoomLevels": [ 1.0
	],
	"Spread": 1.0,
	"Recoil": 0.0,
	"FireNoise": 150.0,
	"AimRadius": 0.28,
	"Size": "0.5 0.25",
	"StowedSize": "0.25 0.125",
	"Offset": "0.15 0.21",
	"MuzzleOffset": "0.92 0.75",
	"OptimalDistance": 3.0,
	"MaxDistance": 7.0,
	"Shape": [
		"0.097222 0.104762",
		"0.052778 0.4",
		"0.144444 0.795238",
		"0.908333 0.895238",
		"0.941667 0.690476",
		"0.247222 0.185714"
	],
	"ContactDamage": 30.0,
	"Knockback": 0.0,
	"Speed": 30.0,
	"SpeedVariance": 0.0,
	"Gravity": 0.0,
	"Lifetime": 5.0,
	"Projectile": "Basic"
}