{
	"Name": "BASIC TRAINING",
	"Description": "LEARN TO PLAY THE ART OF WAR - PLATFORM AND SHOOT YOUR WAY TO SUCCESS",
	"Map": "BasicTrainingMap",
	"Theme": "Grass",
	"GameType": "Conquest",
	"TeamDistribution": "PlayersVsBots",
	"Game": {
		"Lives": 5,
		"ForceFirstSpawn": true
	},
	"Loadout": {
		"Head": "BasicHead",
		"Core": "BasicCore",
		"Arms": "BasicArms",
		"Legs": "BasicLegs"
	},
	"Weapons": {
		"SpawnedWeapons": [
			"Pistol"
		]
	},
	"Bots": [
		{
			"Name": "FRIDA RENOIR",
			"Difficulty": "Kindergartener",
			"Personality": 1,
			"Lives": 1,
			"RequestedTeam": 1,
			"Loadout": {
				"Head": "BasicHead",
				"Core": "BasicCore",
				"Arms": "BasicArms",
				"Legs": "BasicLegs",
				"PrimaryWeapon": "MachineGun"
			}
		},
		{
			"Name": "NORMAN DURER",
			"Difficulty": "Kindergartener",
			"Personality": 1,
			"Lives": 1,
			"RequestedTeam": 1,
			"Loadout": {
				"Head": "BasicHead",
				"Core": "BasicCore",
				"Arms": "BasicArms",
				"Legs": "BasicLegs",
				"PrimaryWeapon": "MachineGun"
			}
		}
	],
	"Rewards": {
		"Packs": 1
	}
}
