{
	"Name": "LOADOUT TRAINING",
	"Description": "LEARN TO USE THE PARTS IN YOUR LOADOUT TO CUSTOMIZE YOUR CHARACTER AND ACQUIRE NEW ABILITIES",
	"Map": "LoadoutTrainingMap",
	"Theme": "Cavern",
	"GameType": "Conquest",
	"TeamDistribution": "PlayersVsBots",
	"Game": {
		"Lives": 10
	},
	"Loadout": {
		"Head": "HelicopterHat",
		"Core": "Jetpack",
		"Arms": "TimedMines",
		"Legs": "SpringShoes"
	},
	"Weapons": {
		"SpawnedWeapons": []
	},
	"Bots": [
		{
			"Name": "GEORGIA BUONARROTI",
			"Difficulty": "Kindergartener",
			"Personality": 1,
			"Lives": 1,
			"RequestedTeam": 1,
			"Loadout": {
				"Head": "BasicHead",
				"Core": "BasicCore",
				"Arms": "BasicArms",
				"Legs": "BasicLegs",
				"PrimaryWeapon": "MachineGun"
			}
		}
	],
	"Rewards": {
		"Packs": 1
	},
	"Attributes": {
		"ExplosionModifier": 5.0
	}
}
