{
	"Name": "WEAPONS TRAINING",
	"Description": "LEARN SOME MORE ADVANCED WEAPON SKILLS",
	"Rewards": {
		"Packs": 1
	},
	"Map": "WeaponsTrainingMap",
	"Theme": "Grass",
	"GameType": "Conquest",
	"TeamDistribution": "PlayersVsBots",
	"Game": {
		"RespawnTime": 1,
		"Lives": 5
	},
	"Loadout": {
		"Head": "BasicHead",
		"Core": "BasicCore",
		"Arms": "BasicArms",
		"Legs": "BasicLegs"
	},
	"Weapons": {
		"SpawnedWeapons": [
			"Pistol",
			"MachineGun",
			"Shotgun",
			"GrenadeLauncher",
			"SniperRifle"
		]
	},
	"Bots": [
		{
			"Name": "EDOUARD ESCHER",
			"Difficulty": "Amateur",
			"Personality": 1,
			"Lives": 1,
			"RequestedTeam": 1,
			"Loadout": {
				"Head": "BasicHead",
				"Core": "BasicCore",
				"Arms": "BasicArms",
				"Legs": "BasicLegs"
			}
		},
		{
			"Name": "SANDRO WARHOL",
			"Difficulty": "Amateur",
			"Personality": 1,
			"Lives": 1,
			"RequestedTeam": 1,
			"Loadout": {
				"Head": "BasicHead",
				"Core": "BasicCore",
				"Arms": "BasicArms",
				"Legs": "BasicLegs"
			}
		},
		{
			"Name": "REMBRANDT DE GOYA",
			"Difficulty": "Kindergartener",
			"Personality": 1,
			"Lives": 1,
			"RequestedTeam": 1,
			"Loadout": {
				"Head": "BasicHead",
				"Core": "BasicCore",
				"Arms": "BasicArms",
				"Legs": "BasicLegs"
			}
		},
		{
			"Name": "ANDY PICASSO",
			"Difficulty": "Kindergartener",
			"Personality": 1,
			"Lives": 1,
			"RequestedTeam": 1,
			"Loadout": {
				"Head": "BasicHead",
				"Core": "BasicCore",
				"Arms": "BasicArms",
				"Legs": "BasicLegs"
			}
		},
		{
			"Name": "VINCENT GRECO",
			"Difficulty": "Kindergartener",
			"Personality": 1,
			"Lives": 1,
			"RequestedTeam": 1,
			"Loadout": {
				"Head": "BasicHead",
				"Core": "BasicCore",
				"Arms": "BasicArms",
				"Legs": "BasicLegs"
			}
		}
	]
}
