{
	"DataType": "Head",
	"DisplayName": "GLASSES",
	"Description": "20/20 VISION MAKES YOUR GUNS MORE ACCURATE",
	"Classification": "Okay",
	"Modifiers": {
		"Accuracy": 1.0
	},
	"Size": "0.26 0.3",
	"Skull": {
		"Name": "Skull",
		"Children": [
			{
				"Name": "Glasses",
				"LeftOrder": 14,
				"RightOrder": 18,
				"Position": "0.41 0.83",
				"Rotation": "Degrees(0.0)",
				"Size": "0.3 0.17",
				"Offset": "0.4 1.2",
				"Shape": [
					"0.154545 0.582857",
					"0.056364 0.394286",
					"0.209091 0.114286",
					"0.856364 0.32",
					"0.930909 0.608571",
					"0.823636 0.88"
				]
			}
		]
	}
}