{
	"DataType": "SniperRifle",
	"DisplayName": "SNIPER RIFLE",
	"Description": "POWERFUL LONG RANGE WITH A SCOPE",
	"AutoRateOfFire": 2.0,
	"SemiRateOfFire": 2.0,
	"MaxAmmo": 10,
	"ClipSize": 5,
	"DefaultAmmo": 5,
	"BulletCount": 1,
	"ReloadTime": 2.5,
	"PutAwayTime": 0.2,
	"TakeOutTime": 0.2,
	"ZoomLevels": [ 3.0, 5.0, 10.0
	],
	"Spread": 0.0,
	"Recoil": 8.0,
	"FireNoise": 200.0,
	"AimRadius": 0.26,
	"Size": "0.8 0.24",
	"StowedSize": "0.5 0.15",
	"Offset": "0.25 0.1",
	"MuzzleOffset": "0.971 0.6",
	"OptimalDistance": 2.0,
	"MaxDistance": 6.0,
	"Shape": [
		"0.045 0.222222",
		"0.043333 0.5",
		"0.236667 0.85",
		"0.463333 0.883333",
		"0.963333 0.611111",
		"0.36 0.133333",
		"0.195 0.138889"
	],
	"ContactDamage": 82.0,
	"Knockback": 0.1,
	"Speed": 75.0,
	"SpeedVariance": 0.0,
	"Gravity": 0.0,
	"Lifetime": 5.0,
	"Modifiers": {
		"CameraZoom": 0.25
	},
	"Projectile": "Sniper",
	"LaserLength": 30.0,
	"LaserWidth": 0.05
}