{
	"DataType": "Head",
	"DisplayName": "FOOTBALL HELMET",
	"Description": "PROTECTS FROM HEADSHOTS BUT MAYBE NOT CONCUSSIONS",
	"Classification": "Okay",
	"Modifiers": {
		"HeadshotModifier": -0.25
	},
	"Size": "0.26 0.3",
	"Skull": {
		"Name": "Skull",
		"Children": [
			{
				"Name": "Helmet",
				"LeftOrder": 14,
				"RightOrder": 18,
				"Position": "0.56 1.04",
				"Rotation": "Degrees(0.0)",
				"Size": "0.400001 0.39",
				"Offset": "0.5 0.95",
				"Shape": [
					"0.965251 0.262097",
					"0.72973 0.858871",
					"0.320463 0.971774",
					"0.027027 0.592742",
					"0.127413 0.197581",
					"0.895753 0.032258"
				]
			}
		]
	}
}