{
	"DisplayName": "BASIC CHARACTER",
	"Description": "THE DEFAULT AND ONLY CHARACTER... FOR NOW",
	"Attributes": {
		"MaximumHealth": 100.0,
		"HealthRegeneration": 0.0,
		"Hops": 9.0,
		"HangAmount": 0.5,
		"HangTime": 0.25,
		"Agility": 0.4,
		"Maneuverability": 18.0,
		"Weight": 4.0,
		"Aerodynamics": 0.5,
		"MaximumForwardSpeed": 5.5,
		"MaximumBackwardSpeed": 3.5,
		"MaximumFallingSpeed": 20.0,
		"HeadshotModifier": 1.25,
		"BodyshotModifier": 1.0,
		"LimbshotModifier": 0.75,
		"Accuracy": 1.0,
		"Dexterity": 1.0,
		"CameraZoom": 1.0,
		"Reach": 0.5,
		"RespawnSpeed": 1.0,
		"Noisiness": 0.0,
		"Awareness": 50.0,
		"EnergyDischarge": 1.0,
		"EnergyRecharge": 1.0
	},
	"Skeleton": {
		"LeftPickup": {
			"Name": "LeftPickup",
			"LeftOrder": 6,
			"RightOrder": 6,
			"Position": "0.0 0.0"
		},
		"RightPickup": {
			"Name": "RightPickup",
			"LeftOrder": 25,
			"RightOrder": 25,
			"Position": "0.0 0.0"
		},
		"Root": {
			"Name": "Root",
			"Position": "0.0 0.0",
			"Size": "0.5 1.0",
			"Offset": "0.5 0.0",
			"Children": [
				{
					"Name": "AimOrigin",
					"Position": "0.369002 0.6065"
				},
				{
					"Name": "LeftHandTarget",
					"Position": "0.0 0.0"
				},
				{
					"Name": "RightHandTarget",
					"Position": "0.0 0.0"
				},
				{
					"Name": "ItemTarget",
					"Position": "0.0 0.0"
				},
				{
					"Name": "Weapon",
					"LeftOrder": 24,
					"RightOrder": 24,
					"Position": "0.788998 0.440002",
					"Children": [
						{
							"Name": "Muzzle",
							"Position": "0.0 0.0"
						}
					]
				},
				{
					"Name": "Spine",
					"LeftOrder": 15,
					"RightOrder": 15,
					"Position": "0.5 0.41",
					"Size": "0.24824 0.45936",
					"Offset": "0.534 0.273",
					"Shape": [
						"0.219626 0.04798",
						"0.018692 0.585859",
						"0.313084 0.982323",
						"0.794393 0.863636",
						"0.990654 0.49495",
						"0.803738 0.040404"
					],
					"Children": [
						{
							"Name": "Reload",
							"Position": "1.0 0.650002",
							"Rotation": "Degrees(90.0)"
						},
						{
							"Name": "Holster",
							"LeftOrder": 13,
							"RightOrder": 17,
							"Position": "0.440001 0.24",
							"Rotation": "Degrees(270.0)"
						},
						{
							"Name": "Skull",
							"LeftOrder": 14,
							"RightOrder": 16,
							"Position": "0.51 0.94",
							"Size": "0.3016 0.33988",
							"Offset": "0.412001 0.141",
							"Shape": [
								"0.3 0.068259",
								"0.026923 0.658703",
								"0.165385 0.945392",
								"0.903846 0.931741",
								"0.992308 0.365188",
								"0.819231 0.017065"
							]
						},
						{
							"Name": "LeftHumerus",
							"LeftOrder": 5,
							"RightOrder": 5,
							"Position": "0.27 0.745",
							"Rotation": "Degrees(330.000031)",
							"Size": "0.21112 0.11948",
							"Offset": "0.233 0.5",
							"Shape": [
								"0.901099 0.058252",
								"0.082418 0.271845",
								"0.016484 0.495146",
								"0.087912 0.747573",
								"0.901099 0.932039",
								"0.972527 0.786408",
								"0.978022 0.174757"
							],
							"Children": [
								{
									"Name": "LeftRadius",
									"LeftOrder": 4,
									"RightOrder": 4,
									"Position": "0.988 0.721",
									"Size": "0.22272 0.15776",
									"Offset": "0.112 0.5",
									"Shape": [
										"0.088542 0.536765",
										"0.5625 0.941176",
										"0.947917 0.875",
										"0.927083 0.213235",
										"0.463542 0.044118",
										"0.078125 0.088235"
									],
									"Children": [
										{
											"Name": "LeftHand",
											"LeftOrder": 3,
											"RightOrder": 3,
											"Position": "0.669 0.5",
											"Shape": [
												"0.290137 0.239297",
												"0.284052 0.700285",
												"0.7386 0.731781",
												"0.744685 0.29012"
											],
											"Children": [
												{
													"Name": "Item",
													"LeftOrder": 6,
													"RightOrder": 6,
													"Position": "0.0 0.0"
												}
											]
										}
									]
								}
							]
						},
						{
							"Name": "RightHumerus",
							"LeftOrder": 26,
							"RightOrder": 27,
							"Position": "0.27 0.745",
							"Rotation": "Degrees(300.000031)",
							"Size": "0.21112 0.11948",
							"Offset": "0.233 0.5",
							"Shape": [
								"0.895604 0.048544",
								"0.131868 0.252427",
								"0.021978 0.504854",
								"0.093407 0.737864",
								"0.912088 0.941748",
								"0.978022 0.805825",
								"0.972527 0.165049"
							],
							"Children": [
								{
									"Name": "RightRadius",
									"LeftOrder": 27,
									"RightOrder": 26,
									"Position": "0.988 0.721",
									"Rotation": "Degrees(30.000002)",
									"Size": "0.22272 0.15776",
									"Offset": "0.112 0.5",
									"Shape": [
										"0.088542 0.558824",
										"0.552083 0.933824",
										"0.953125 0.838235",
										"0.927083 0.198529",
										"0.609375 0.029412",
										"0.088542 0.095588"
									],
									"Children": [
										{
											"Name": "RightHand",
											"LeftOrder": 25,
											"RightOrder": 25,
											"Position": "0.669 0.5",
											"Shape": [
												"0.290137 0.239297",
												"0.284052 0.700285",
												"0.7386 0.731781",
												"0.744685 0.29012"
											]
										}
									]
								}
							]
						},
						{
							"Name": "LeftFemur",
							"LeftOrder": 18,
							"RightOrder": 10,
							"Position": "0.492 0.097",
							"Rotation": "Degrees(30.000029)",
							"Size": "0.12992 0.19256",
							"Offset": "0.499 0.738",
							"Shape": [
								"0.410714 0.078313",
								"0.053571 0.777108",
								"0.4375 0.963855",
								"0.973214 0.680723",
								"0.803571 0.078313"
							],
							"Children": [
								{
									"Name": "LeftTibia",
									"LeftOrder": 19,
									"RightOrder": 9,
									"Position": "0.686 0.045",
									"Rotation": "Degrees(345.000031)",
									"Size": "0.06728 0.12876",
									"Offset": "0.805 0.798",
									"Shape": [
										"0.068966 0.243243",
										"0.275862 0.927928",
										"0.87931 0.873874",
										"0.948276 0.045045"
									],
									"Children": [
										{
											"Name": "LeftFoot",
											"LeftOrder": 20,
											"RightOrder": 8,
											"Position": "0.5 0.0",
											"Size": "0.16588 0.13224",
											"Offset": "0.255 0.807",
											"Shape": [
												"0.048951 0.122807",
												"0.132867 0.95614",
												"0.398601 0.868421",
												"0.972028 0.184211",
												"0.909091 0.035088"
											]
										}
									]
								}
							]
						},
						{
							"Name": "RightFemur",
							"LeftOrder": 21,
							"RightOrder": 14,
							"Position": "0.492 0.097",
							"Rotation": "Degrees(345.000031)",
							"Size": "0.12992 0.19256",
							"Offset": "0.499 0.738",
							"Shape": [
								"0.410714 0.090361",
								"0.071429 0.795181",
								"0.446429 0.975904",
								"0.955357 0.698795",
								"0.8125 0.096386"
							],
							"Children": [
								{
									"Name": "RightTibia",
									"LeftOrder": 22,
									"RightOrder": 13,
									"Position": "0.686 0.045",
									"Rotation": "Degrees(340.000031)",
									"Size": "0.06728 0.12876",
									"Offset": "0.805 0.798",
									"Shape": [
										"0.051724 0.279279",
										"0.293103 0.954955",
										"0.948276 0.828829",
										"0.931035 0.054054"
									],
									"Children": [
										{
											"Name": "RightFoot",
											"LeftOrder": 23,
											"RightOrder": 12,
											"Position": "0.5 0.0",
											"Size": "0.16588 0.13224",
											"Offset": "0.255 0.807",
											"Shape": [
												"0.048951 0.140351",
												"0.13986 0.982456",
												"0.363636 0.868421",
												"0.979021 0.22807",
												"0.909091 0.04386"
											]
										}
									]
								}
							]
						}
					]
				}
			]
		}
	}
}