{
	"DisplayName": "MOVEMENT PRACTICE",
	"Description": "THE MAP FOR THE MOVEMENT PRACTICE CHALLENGE",
	"WorldBounds": "-36.0 -11.0 69.5 50.0",
	"SpawnPoints": [
		{
			"Position": "-35.0 7.5",
			"Mask": "Player|FreeForAll|Race"
		},
		{
			"Position": "-14.999999 -5.0",
			"Mask": "Objective|FreeForAll|Race"
		},
		{
			"Position": "-6.0 -3.0",
			"Mask": "Objective|FreeForAll|Race"
		},
		{
			"Position": "6.0 1.5",
			"Mask": "Objective|FreeForAll|Race"
		},
		{
			"Position": "16.75 26.0",
			"Mask": "Objective|FreeForAll|Race"
		}
	],
	"Entities": {
		"Platforms": [
			{
				"Position": "-36.5 -11.5",
				"Size": "6.0 18.5"
			},
			{
				"Position": "5.0 -1.0",
				"Size": "1.0 2.5"
			},
			{
				"Position": "7.0 1.5",
				"Size": "23.0 1.5",
				"OneWay": true
			},
			{
				"Position": "9.0 3.0",
				"Size": "13.5 2.0",
				"OneWay": true
			},
			{
				"Position": "19.5 3.0",
				"Size": "10.0 3.0",
				"OneWay": true
			},
			{
				"Position": "18.5 5.0",
				"Size": "6.5 3.0",
				"OneWay": true
			},
			{
				"Position": "10.0 5.0",
				"Size": "9.0 6.5",
				"OneWay": true
			},
			{
				"Position": "13.5 7.5",
				"Size": "2.0 1.0",
				"OneWay": true
			},
			{
				"Position": "23.5 6.0",
				"Size": "5.5 3.0",
				"OneWay": true
			},
			{
				"Position": "24.5 9.0",
				"Size": "3.5 2.0",
				"OneWay": true
			},
			{
				"Position": "-29.0 -11.5",
				"Size": "8.5 17.0"
			},
			{
				"Position": "21.5 8.0",
				"Size": "4.5 5.5",
				"OneWay": true
			},
			{
				"Position": "17.0 8.0",
				"Size": "7.5 7.0",
				"OneWay": true
			},
			{
				"Position": "10.5 11.5",
				"Size": "3.5 3.5",
				"OneWay": true
			},
			{
				"Position": "20.5 15.0",
				"Size": "2.5 2.0",
				"OneWay": true
			},
			{
				"Position": "11.5 11.5",
				"Size": "2.0 5.5",
				"OneWay": true
			},
			{
				"Position": "12.5 11.5",
				"Size": "2.0 7.5",
				"OneWay": true
			},
			{
				"Position": "21.0 17.0",
				"Size": "1.5 1.5",
				"OneWay": true
			},
			{
				"Position": "19.5 15.0",
				"Size": "2.0 5.5",
				"OneWay": true
			},
			{
				"Position": "13.5 11.5",
				"Size": "6.5 11.5",
				"OneWay": true
			},
			{
				"Position": "13.0 19.0",
				"Size": "1.0 2.0",
				"OneWay": true
			},
			{
				"Position": "14.5 23.0",
				"Size": "4.5 1.5",
				"OneWay": true
			},
			{
				"Position": "15.5 24.5",
				"Size": "2.5 1.0",
				"OneWay": true
			},
			{
				"Position": "9.5 8.5",
				"Size": "2.0 1.0",
				"OneWay": true
			},
			{
				"Position": "8.0 3.0",
				"Size": "2.5 7.5",
				"OneWay": true
			},
			{
				"Position": "9.0 10.5",
				"Size": "3.0 3.5",
				"OneWay": true
			},
			{
				"Position": "16.0 25.5",
				"Size": "1.5 0.5",
				"OneWay": true
			},
			{
				"Position": "-30.5 -11.5",
				"Size": "1.5 20.5"
			},
			{
				"Position": "-23.5 5.5",
				"Size": "2.0 3.0",
				"OneWay": true
			},
			{
				"Position": "-20.5 -11.5",
				"Size": "2.0 21.5"
			},
			{
				"Position": "-22.5 5.5",
				"Size": "2.5 1.5",
				"OneWay": true
			},
			{
				"Position": "-11.5 -7.0",
				"Size": "2.0 19.0"
			},
			{
				"Position": "-18.5 -1.0",
				"Size": "1.5 6.0"
			},
			{
				"Position": "-13.0 -1.0",
				"Size": "1.5 6.0"
			},
			{
				"Position": "-17.0 -1.0",
				"Size": "1.0 3.5"
			},
			{
				"Position": "-14.0 -1.0",
				"Size": "1.0 3.5"
			},
			{
				"Position": "-16.5 0.0",
				"Size": "3.0 0.5",
				"OneWay": true
			},
			{
				"Position": "-18.5 -11.5",
				"Size": "7.0 3.5"
			},
			{
				"Position": "-4.5 -11.5",
				"Size": "4.0 3.5",
				"Conveyance": -3.0
			},
			{
				"Position": "-7.5 -11.5",
				"Size": "3.0 2.5"
			},
			{
				"Position": "-9.5 -4.0",
				"Size": "12.5 1.0"
			},
			{
				"Position": "32.0 -11.5",
				"Size": "2.0 12.5"
			},
			{
				"Position": "-0.5 -11.5",
				"Size": "6.5 1.5"
			},
			{
				"Name": "Bridge",
				"Position": "3.0 0.5",
				"Size": "1.5 1.0",
				"OneWay": true,
				"Moving": true,
				"Path": [
					{
						"Time": 0.0,
						"Value": {
							"Position": "3.0 0.5",
							"Action": "Stopped"
						}
					},
					{
						"Time": 2.0,
						"Value": {
							"Position": "-1.5 0.5",
							"Action": "Normal"
						}
					},
					{
						"Time": 4.0,
						"Value": {
							"Position": "-6.0 0.5",
							"Action": "Normal"
						}
					},
					{
						"Time": 8.0,
						"Value": {
							"Position": "3.0 0.5",
							"Action": "Normal"
						}
					}
				]
			},
			{
				"Position": "-9.0 -2.0",
				"Size": "1.0 0.5",
				"OneWay": true,
				"Moving": true,
				"Path": [
					{
						"Time": 0.0,
						"Value": {
							"Position": "-9.0 -2.0",
							"Action": "Normal"
						}
					},
					{
						"Time": 1.0,
						"Value": {
							"Position": "-9.0 -2.0",
							"Action": "Normal"
						}
					},
					{
						"Time": 3.0,
						"Value": {
							"Position": "-9.0 0.5",
							"Action": "Normal"
						}
					},
					{
						"Time": 4.0,
						"Value": {
							"Position": "-9.0 0.5",
							"Action": "Normal"
						}
					},
					{
						"Time": 6.0,
						"Value": {
							"Position": "-9.0 -2.0",
							"Action": "Normal"
						}
					}
				]
			},
			{
				"Position": "3.0 -9.0",
				"Size": "2.0 6.0"
			},
			{
				"Position": "6.000002 -11.5",
				"Size": "26.0 13.0"
			},
			{
				"Position": "-11.5 -11.5",
				"Size": "4.0 3.5",
				"Conveyance": 3.0
			},
			{
				"Position": "-17.0 -8.0",
				"Size": "4.0 1.5",
				"OneWay": true
			},
			{
				"Position": "-16.5 -6.5",
				"Size": "3.0 1.5",
				"OneWay": true
			},
			{
				"Position": "-4.0 -2.0",
				"Size": "5.0 2.5"
			},
			{
				"Position": "-7.5 -1.0",
				"Size": "1.0 2.5"
			},
			{
				"Position": "1.0 -1.0",
				"Size": "4.0 1.5"
			},
			{
				"Position": "-6.5 -1.0",
				"Size": "2.5 1.5"
			},
			{
				"Name": "Door",
				"Position": "3.5 -10.0",
				"Size": "1.0 1.5",
				"Moving": true,
				"Path": [
					{
						"Time": 0.0,
						"Value": {
							"Position": "3.5 -10.0",
							"Action": "Stopped"
						}
					},
					{
						"Time": 1.0,
						"Value": {
							"Position": "3.5 -8.0",
							"Action": "Finished"
						}
					}
				]
			}
		],
		"Hazards": [
			{
				"Position": "32.0 0.97",
				"Size": "2.0 0.5",
				"Data": "Gap"
			},
			{
				"Position": "-6.5 0.470076",
				"Size": "11.5 0.5",
				"Data": "Gap"
			},
			{
				"Position": "-7.5 -9.02849",
				"Size": "3.0 0.5",
				"Data": "Gap"
			},
			{
				"Position": "5.0 -10.0",
				"Size": "1.0 7.0",
				"Data": "Wind",
				"WindDirection": "0.0 1.0"
			}
		],
		"Interactions": [
			{
				"Position": "0.0 -10.043395",
				"Size": "0.5 0.25",
				"Data": "DoorSwitch",
				"Interact": {
					"Action": "PathStartAction",
					"Platform": "Door"
				}
			},
			{
				"Position": "-7.25 1.445658",
				"Size": "0.5 0.5",
				"Data": "PlatformSwitch",
				"Interact": {
					"Action": "PathStartAction",
					"Platform": "Bridge"
				}
			}
		]
	},
	"Backgrounds": []
}