{
	"DisplayName": "ARENA",
	"Description": "THE BRAWL AREA FOR ALL",
	"SupportedTeams": 2,
	"IsChallenge": false,
	"Level": {
		"WorldBounds": "-30.0 -1.0 60.0 40.0",
		"SpawnPoints": [
			{
				"Position": "-28.0 6.75",
				"Size": "0.25 0.25",
				"Mask": "Player|RedTeam|FreeForAll|Deathmatch|CaptureTheFlag|Keepaway|Race|Conquest|ZoneControl"
			},
			{
				"Position": "-26.5 8.75",
				"Size": "0.25 0.25",
				"Mask": "Player|RedTeam|Deathmatch|CaptureTheFlag|Keepaway|Race|Conquest|ZoneControl"
			},
			{
				"Position": "-24.75 8.75",
				"Size": "0.25 0.25",
				"Mask": "Player|RedTeam|Deathmatch|CaptureTheFlag|Keepaway|Race|Conquest|ZoneControl"
			},
			{
				"Position": "-23.0 7.5",
				"Size": "0.25 0.25",
				"Mask": "Player|RedTeam|Deathmatch|CaptureTheFlag|Keepaway|Race|Conquest|ZoneControl"
			},
			{
				"Position": "-25.75 3.0",
				"Size": "0.25 0.25",
				"Mask": "Player|RedTeam|Deathmatch|CaptureTheFlag|Keepaway|Race|Conquest|ZoneControl"
			},
			{
				"Position": "-22.75 2.5",
				"Size": "0.25 0.25",
				"Mask": "Player|RedTeam|Deathmatch|CaptureTheFlag|Keepaway|Race|Conquest|ZoneControl"
			},
			{
				"Position": "-20.0 3.75",
				"Size": "0.25 0.25",
				"Mask": "Player|RedTeam|Deathmatch|CaptureTheFlag|Keepaway|Race|Conquest|ZoneControl"
			},
			{
				"Position": "-19.0 6.75",
				"Size": "0.25 0.25",
				"Mask": "Player|RedTeam|Deathmatch|CaptureTheFlag|Keepaway|Race|Conquest|ZoneControl"
			},
			{
				"Position": "-20.0 6.75",
				"Size": "0.25 0.25",
				"Mask": "Player|RedTeam|Deathmatch|CaptureTheFlag|Keepaway|Race|Conquest|ZoneControl"
			},
			{
				"Position": "-12.25 6.0",
				"Size": "0.25 0.25",
				"Mask": "Player|RedTeam|Deathmatch|CaptureTheFlag|Keepaway|Race|Conquest|ZoneControl"
			},
			{
				"Position": "-13.5 3.5",
				"Size": "0.25 0.25",
				"Mask": "Player|RedTeam|FreeForAll|Deathmatch|CaptureTheFlag|Keepaway|Race|Conquest|ZoneControl"
			},
			{
				"Position": "-16.75 10.75",
				"Size": "0.25 0.25",
				"Mask": "Player|RedTeam|Deathmatch|CaptureTheFlag|Keepaway|Race|Conquest|ZoneControl"
			},
			{
				"Position": "-15.75 10.75",
				"Size": "0.25 0.25",
				"Mask": "Player|RedTeam|FreeForAll|Deathmatch|CaptureTheFlag|Keepaway|Race|Conquest|ZoneControl"
			},
			{
				"Position": "-21.5 10.0",
				"Size": "0.25 0.25",
				"Mask": "Player|RedTeam|Deathmatch|CaptureTheFlag|Keepaway|Race|Conquest|ZoneControl"
			},
			{
				"Position": "-20.5 10.0",
				"Size": "0.25 0.25",
				"Mask": "Player|RedTeam|Deathmatch|CaptureTheFlag|Keepaway|Race|Conquest|ZoneControl"
			},
			{
				"Position": "-16.0 6.0",
				"Size": "0.25 0.25",
				"Mask": "Player|RedTeam|Deathmatch|CaptureTheFlag|Keepaway|Race|Conquest|ZoneControl"
			},
			{
				"Position": "28.0 6.75",
				"Size": "0.25 0.25",
				"Flipped": true,
				"Mask": "Player|BlueTeam|FreeForAll|Deathmatch|CaptureTheFlag|Keepaway|Race|Conquest|ZoneControl"
			},
			{
				"Position": "26.5 8.75",
				"Size": "0.25 0.25",
				"Flipped": true,
				"Mask": "Player|BlueTeam|Deathmatch|CaptureTheFlag|Keepaway|Race|Conquest|ZoneControl"
			},
			{
				"Position": "24.75 8.75",
				"Size": "0.25 0.25",
				"Flipped": true,
				"Mask": "Player|BlueTeam|Deathmatch|CaptureTheFlag|Keepaway|Race|Conquest|ZoneControl"
			},
			{
				"Position": "23.0 7.5",
				"Size": "0.25 0.25",
				"Flipped": true,
				"Mask": "Player|BlueTeam|Deathmatch|CaptureTheFlag|Keepaway|Race|Conquest|ZoneControl"
			},
			{
				"Position": "25.75 3.0",
				"Size": "0.25 0.25",
				"Flipped": true,
				"Mask": "Player|BlueTeam|Deathmatch|CaptureTheFlag|Keepaway|Race|Conquest|ZoneControl"
			},
			{
				"Position": "22.75 2.5",
				"Size": "0.25 0.25",
				"Flipped": true,
				"Mask": "Player|BlueTeam|Deathmatch|CaptureTheFlag|Keepaway|Race|Conquest|ZoneControl"
			},
			{
				"Position": "20.0 3.75",
				"Size": "0.25 0.25",
				"Flipped": true,
				"Mask": "Player|BlueTeam|Deathmatch|CaptureTheFlag|Keepaway|Race|Conquest|ZoneControl"
			},
			{
				"Position": "19.0 6.75",
				"Size": "0.25 0.25",
				"Flipped": true,
				"Mask": "Player|BlueTeam|Deathmatch|CaptureTheFlag|Keepaway|Race|Conquest|ZoneControl"
			},
			{
				"Position": "20.0 6.75",
				"Size": "0.25 0.25",
				"Flipped": true,
				"Mask": "Player|BlueTeam|Deathmatch|CaptureTheFlag|Keepaway|Race|Conquest|ZoneControl"
			},
			{
				"Position": "12.25 6.0",
				"Size": "0.25 0.25",
				"Flipped": true,
				"Mask": "Player|BlueTeam|Deathmatch|CaptureTheFlag|Keepaway|Race|Conquest|ZoneControl"
			},
			{
				"Position": "13.5 3.5",
				"Size": "0.25 0.25",
				"Flipped": true,
				"Mask": "Player|BlueTeam|FreeForAll|Deathmatch|CaptureTheFlag|Keepaway|Race|Conquest|ZoneControl"
			},
			{
				"Position": "16.75 10.75",
				"Size": "0.25 0.25",
				"Flipped": true,
				"Mask": "Player|BlueTeam|Deathmatch|CaptureTheFlag|Keepaway|Race|Conquest|ZoneControl"
			},
			{
				"Position": "15.75 10.75",
				"Size": "0.25 0.25",
				"Flipped": true,
				"Mask": "Player|BlueTeam|FreeForAll|Deathmatch|CaptureTheFlag|Keepaway|Race|Conquest|ZoneControl"
			},
			{
				"Position": "21.5 10.0",
				"Size": "0.25 0.25",
				"Flipped": true,
				"Mask": "Player|BlueTeam|Deathmatch|CaptureTheFlag|Keepaway|Race|Conquest|ZoneControl"
			},
			{
				"Position": "20.5 10.0",
				"Size": "0.25 0.25",
				"Flipped": true,
				"Mask": "Player|BlueTeam|Deathmatch|CaptureTheFlag|Keepaway|Race|Conquest|ZoneControl"
			},
			{
				"Position": "16.0 6.0",
				"Size": "0.25 0.25",
				"Flipped": true,
				"Mask": "Player|BlueTeam|Deathmatch|CaptureTheFlag|Keepaway|Race|Conquest|ZoneControl"
			},
			{
				"Position": "-19.0 17.75",
				"Size": "0.25 0.25",
				"Mask": "Player|FreeForAll|Deathmatch|CaptureTheFlag|Keepaway|Race|Conquest|ZoneControl"
			},
			{
				"Position": "-29.5 16.0",
				"Size": "0.25 0.25",
				"Mask": "Player|FreeForAll|Deathmatch|CaptureTheFlag|Keepaway|Race|Conquest|ZoneControl"
			},
			{
				"Position": "-7.75 18.5",
				"Size": "0.25 0.25",
				"Mask": "Player|FreeForAll|Deathmatch|CaptureTheFlag|Keepaway|Race|Conquest|ZoneControl"
			},
			{
				"Position": "-3.25 7.0",
				"Size": "0.25 0.25",
				"Mask": "Player|FreeForAll|Deathmatch|CaptureTheFlag|Keepaway|Race|Conquest|ZoneControl"
			},
			{
				"Position": "-24.25 12.5",
				"Size": "0.25 0.25",
				"Mask": "Player|FreeForAll|Deathmatch|CaptureTheFlag|Keepaway|Race|Conquest|ZoneControl"
			},
			{
				"Position": "19.0 17.75",
				"Size": "0.25 0.25",
				"Flipped": true,
				"Mask": "Player|FreeForAll|Deathmatch|CaptureTheFlag|Keepaway|Race|Conquest|ZoneControl"
			},
			{
				"Position": "29.5 16.0",
				"Size": "0.25 0.25",
				"Flipped": true,
				"Mask": "Player|FreeForAll|Deathmatch|CaptureTheFlag|Keepaway|Race|Conquest|ZoneControl"
			},
			{
				"Position": "7.75 18.5",
				"Size": "0.25 0.25",
				"Flipped": true,
				"Mask": "Player|FreeForAll|Deathmatch|CaptureTheFlag|Keepaway|Race|Conquest|ZoneControl"
			},
			{
				"Position": "3.25 7.0",
				"Size": "0.25 0.25",
				"Flipped": true,
				"Mask": "Player|FreeForAll|Deathmatch|CaptureTheFlag|Keepaway|Race|Conquest|ZoneControl"
			},
			{
				"Position": "24.25 12.5",
				"Size": "0.25 0.25",
				"Flipped": true,
				"Mask": "Player|FreeForAll|Deathmatch|CaptureTheFlag|Keepaway|Race|Conquest|ZoneControl"
			},
			{
				"Position": "-11.0 19.25",
				"Size": "0.25 0.25",
				"Mask": "Weapon4"
			},
			{
				"Position": "11.0 19.25",
				"Size": "0.25 0.25",
				"Mask": "Weapon4"
			},
			{
				"Position": "0.0 9.25",
				"Size": "0.25 0.25",
				"Mask": "Weapon5"
			},
			{
				"Position": "-2.75 6.75",
				"Size": "0.25 0.25",
				"Mask": "Weapon2"
			},
			{
				"Position": "2.5 6.75",
				"Size": "0.25 0.25",
				"Mask": "Weapon3"
			},
			{
				"Position": "-19.75 1.75",
				"Size": "0.25 0.25",
				"Mask": "Weapon1"
			},
			{
				"Position": "19.5 1.75",
				"Size": "0.25 0.25",
				"Mask": "Weapon1"
			},
			{
				"Position": "26.5 1.5",
				"Size": "0.25 0.25",
				"Mask": "Weapon0"
			},
			{
				"Position": "-26.5 1.5",
				"Size": "0.25 0.25",
				"Mask": "Weapon0"
			},
			{
				"Position": "13.25 10.5",
				"Size": "0.25 0.25",
				"Mask": "Weapon3"
			},
			{
				"Position": "-13.25 10.5",
				"Size": "0.25 0.25",
				"Mask": "Weapon3"
			},
			{
				"Position": "-5.75 3.25",
				"Size": "0.25 0.25",
				"Mask": "Weapon1"
			},
			{
				"Position": "5.75 3.25",
				"Size": "0.25 0.25",
				"Mask": "Weapon1"
			},
			{
				"Position": "-26.5 12.75",
				"Size": "0.25 0.25",
				"Mask": "Weapon2"
			},
			{
				"Position": "26.5 12.75",
				"Size": "0.25 0.25",
				"Mask": "Weapon2"
			},
			{
				"Position": "8.5 4.75",
				"Size": "0.25 0.25",
				"Mask": "Weapon0"
			},
			{
				"Position": "-8.5 4.75",
				"Size": "0.25 0.25",
				"Mask": "Weapon0"
			},
			{
				"Position": "-15.75 4.5",
				"Size": "0.25 0.25",
				"Mask": "Objective|RedTeam|CaptureTheFlag"
			},
			{
				"Position": "15.75 4.5",
				"Size": "0.25 0.25",
				"Mask": "Objective|BlueTeam|CaptureTheFlag"
			},
			{
				"Position": "0.0 5.5",
				"Size": "0.25 0.25",
				"Mask": "Objective|Keepaway"
			},
			{
				"Position": "-11.0 19.541666",
				"Size": "4.0 1.0",
				"Mask": "Objective|ZoneControl"
			},
			{
				"Position": "11.0 19.500002",
				"Size": "4.0 1.0",
				"Mask": "Objective|ZoneControl"
			},
			{
				"Position": "0.0 6.0",
				"Size": "2.0 1.0",
				"Mask": "Objective|ZoneControl"
			},
			{
				"Position": "-23.625 7.5",
				"Size": "2.75 1.0",
				"Mask": "Objective|ZoneControl"
			},
			{
				"Position": "23.625 7.5",
				"Size": "2.75 1.0",
				"Mask": "Objective|ZoneControl"
			},
			{
				"Position": "0.0 5.5",
				"Size": "0.25 0.25",
				"Mask": "Objective|RedTeam|BlueTeam|GreenTeam|YellowTeam|FreeForAll|Race"
			},
			{
				"Position": "29.0 7.25",
				"Size": "0.25 0.25",
				"Mask": "Objective|RedTeam|BlueTeam|GreenTeam|YellowTeam|FreeForAll|Race"
			},
			{
				"Position": "11.0 19.0",
				"Size": "0.25 0.25",
				"Mask": "Objective|RedTeam|BlueTeam|GreenTeam|YellowTeam|FreeForAll|Race"
			},
			{
				"Position": "-29.0 7.25",
				"Size": "0.25 0.25",
				"Mask": "Objective|RedTeam|BlueTeam|GreenTeam|YellowTeam|FreeForAll|Race"
			},
			{
				"Position": "-11.0 19.0",
				"Size": "0.25 0.25",
				"Mask": "Objective|RedTeam|BlueTeam|GreenTeam|YellowTeam|FreeForAll|Race"
			},
			{
				"Position": "0.0 9.0",
				"Size": "0.25 0.25",
				"Mask": "Objective|RedTeam|BlueTeam|GreenTeam|YellowTeam|FreeForAll|Race"
			}
		],
		"Entities": {
			"Platforms": [
				{
					"Position": "-21.5 -1.25",
					"Size": "2.5 2.75",
					"QuietZone": true
				},
				{
					"Position": "-27.25 -1.25",
					"Size": "2.75 2.5"
				},
				{
					"Position": "-28.75 -1.25",
					"Size": "1.5 5.0"
				},
				{
					"Position": "-24.5 -1.25",
					"Size": "3.0 3.25"
				},
				{
					"Position": "-27.25 1.25",
					"Size": "2.75 1.25",
					"OneWay": true
				},
				{
					"Position": "-28.75 2.0",
					"Size": "5.25 3.0",
					"OneWay": true
				},
				{
					"Position": "-30.25 -1.25",
					"Size": "1.5 8.5"
				},
				{
					"Position": "-27.5 5.0",
					"Size": "3.75 3.25",
					"OneWay": true
				},
				{
					"Position": "-28.75 4.75",
					"Size": "2.25 1.5",
					"OneWay": true
				},
				{
					"Position": "-25.0 2.0",
					"Size": "2.75 5.0",
					"OneWay": true
				},
				{
					"Position": "-25.25 10.25",
					"Size": "1.5 1.75"
				},
				{
					"Position": "-30.25 7.25",
					"Size": "0.75 8.25"
				},
				{
					"Position": "-19.0 -1.25",
					"Size": "4.5 5.5"
				},
				{
					"Position": "-14.5 -1.25",
					"Size": "9.5 4.25"
				},
				{
					"Position": "-16.75 3.0",
					"Size": "5.0 2.5",
					"OneWay": true
				},
				{
					"Position": "-20.75 1.5",
					"Size": "1.75 1.75",
					"OneWay": true
				},
				{
					"Position": "-20.75 5.75",
					"Size": "2.5 0.5",
					"OneWay": true
				},
				{
					"Position": "-16.5 4.25",
					"Size": "1.5 0.25",
					"OneWay": true
				},
				{
					"Position": "-22.5 9.0",
					"Size": "3.0 0.5",
					"OneWay": true
				},
				{
					"Position": "-17.75 3.0",
					"Size": "5.25 7.25",
					"OneWay": true
				},
				{
					"Position": "-22.25 9.25",
					"Size": "2.5 1.75",
					"OneWay": true
				},
				{
					"Position": "-5.0 -1.25",
					"Size": "10.0 5.5",
					"HotZone": true
				},
				{
					"Position": "-27.25 12.0",
					"Size": "2.75 1.5",
					"OneWay": true
				},
				{
					"Position": "-27.25 10.25",
					"Size": "2.0 2.25"
				},
				{
					"Position": "-29.5 10.25",
					"Size": "2.25 5.25",
					"QuietZone": true
				},
				{
					"Position": "-27.25 13.25",
					"Size": "2.0 1.25",
					"OneWay": true
				},
				{
					"Position": "-24.75 15.25",
					"Size": "2.5 0.75",
					"OneWay": true
				},
				{
					"Position": "-15.0 16.0",
					"Size": "8.0 2.0",
					"OneWay": true,
					"HotZone": true
				},
				{
					"Position": "-20.75 16.5",
					"Size": "3.5 0.75",
					"OneWay": true
				},
				{
					"Position": "-13.0 17.75",
					"Size": "4.0 1.25",
					"OneWay": true
				},
				{
					"Position": "-10.25 3.0",
					"Size": "3.5 1.5",
					"OneWay": true
				},
				{
					"Position": "-3.0 4.25",
					"Size": "6.0 4.75",
					"OneWay": true
				},
				{
					"Position": "-3.75 6.0",
					"Size": "1.75 0.5"
				},
				{
					"Position": "-1.0 5.25",
					"Size": "2.0 0.25",
					"OneWay": true
				},
				{
					"Position": "-3.75 7.75",
					"Size": "1.0 0.25"
				},
				{
					"Position": "-4.0 6.0",
					"Size": "0.25 1.0",
					"Impassable": true
				},
				{
					"Position": "3.75 6.0",
					"Size": "0.25 1.0",
					"Impassable": true
				},
				{
					"Position": "2.0 6.0",
					"Size": "1.75 0.5"
				},
				{
					"Position": "3.75 7.5",
					"Size": "0.25 0.5"
				},
				{
					"Position": "-4.0 7.5",
					"Size": "0.25 0.5"
				},
				{
					"Position": "2.75 7.75",
					"Size": "1.0 0.25"
				},
				{
					"Position": "9.0 17.75",
					"Size": "4.0 1.25",
					"OneWay": true
				},
				{
					"Position": "7.0 16.0",
					"Size": "8.0 2.0",
					"OneWay": true,
					"HotZone": true
				},
				{
					"Position": "17.25 16.5",
					"Size": "3.5 0.75",
					"OneWay": true
				},
				{
					"Position": "22.25 15.25",
					"Size": "2.5 0.75",
					"OneWay": true
				},
				{
					"Position": "27.25 10.25",
					"Size": "2.25 5.25",
					"QuietZone": true
				},
				{
					"Position": "29.5 7.25",
					"Size": "0.75 8.25"
				},
				{
					"Position": "25.25 13.25",
					"Size": "2.0 1.25",
					"OneWay": true
				},
				{
					"Position": "24.5 12.0",
					"Size": "2.75 1.5",
					"OneWay": true
				},
				{
					"Position": "25.25 10.25",
					"Size": "2.0 2.25"
				},
				{
					"Position": "23.75 10.25",
					"Size": "1.5 1.75"
				},
				{
					"Position": "19.75 9.25",
					"Size": "2.5 1.75",
					"OneWay": true
				},
				{
					"Position": "19.5 9.0",
					"Size": "3.0 0.5",
					"OneWay": true
				},
				{
					"Position": "12.5 3.0",
					"Size": "5.25 7.25",
					"OneWay": true
				},
				{
					"Position": "28.75 -1.25",
					"Size": "1.5 8.5"
				},
				{
					"Position": "27.25 -1.25",
					"Size": "1.5 5.0"
				},
				{
					"Position": "24.5 -1.25",
					"Size": "2.75 2.5"
				},
				{
					"Position": "21.5 -1.25",
					"Size": "3.0 3.25"
				},
				{
					"Position": "24.5 1.25",
					"Size": "2.75 1.25",
					"OneWay": true
				},
				{
					"Position": "23.5 2.0",
					"Size": "5.25 3.0",
					"OneWay": true
				},
				{
					"Position": "26.5 4.75",
					"Size": "2.25 1.5",
					"OneWay": true
				},
				{
					"Position": "23.75 5.0",
					"Size": "3.75 3.25",
					"OneWay": true
				},
				{
					"Position": "22.25 2.0",
					"Size": "2.75 5.0",
					"OneWay": true
				},
				{
					"Position": "19.0 -1.25",
					"Size": "2.5 2.75",
					"QuietZone": true
				},
				{
					"Position": "19.0 1.5",
					"Size": "1.75 1.75",
					"OneWay": true
				},
				{
					"Position": "18.25 5.75",
					"Size": "2.5 0.5",
					"OneWay": true
				},
				{
					"Position": "15.0 4.25",
					"Size": "1.5 0.25",
					"OneWay": true
				},
				{
					"Position": "11.75 3.0",
					"Size": "5.0 2.5",
					"OneWay": true
				},
				{
					"Position": "14.5 -1.25",
					"Size": "4.5 5.5"
				},
				{
					"Position": "5.0 -1.25",
					"Size": "9.5 4.25"
				},
				{
					"Position": "6.75 3.0",
					"Size": "3.5 1.5",
					"OneWay": true
				}
			],
			"Props": {}
		}
	},
	"PreviewArea": "-8.0 2.0 16.0 9.0",
	"PreviewPlatforms": [
		"-3.0 4.25 6.0 4.75",
		"2.75 7.75 1.0 0.25",
		"3.75 7.5 0.25 0.5",
		"3.75 6.0 0.25 1.0",
		"2.0 6.0 1.75 0.5",
		"-1.0 5.25 2.0 0.25",
		"-3.75 6.0 1.75 0.5",
		"-4.0 6.0 0.25 1.0",
		"-3.75 7.75 1.0 0.25",
		"-4.0 7.5 0.25 0.5",
		"-5.0 -1.25 10.0 5.5",
		"-10.25 3.0 3.5 1.5",
		"-14.5 -1.25 9.5 4.25",
		"5.0 -1.25 9.5 4.25",
		"6.75 3.0 3.5 1.5"
	]
}