{
	"DisplayName": "THE DEEP END",
	"Description": "THE MAP USED FOR BASIC TRAINING",
	"SupportedTeams": 2,
	"IsChallenge": true,
	"Level": {
		"WorldBounds": "-20.0 0.0 40.0 45.0",
		"SpawnPoints": [
			{
				"Position": "-18.75 21.75",
				"Size": "0.25 0.25",
				"Mask": "Player|RedTeam|Conquest"
			},
			{
				"Position": "-1.5 4.0",
				"Size": "0.25 0.25",
				"Mask": "Player|RedTeam|Conquest"
			},
			{
				"Position": "9.75 4.0",
				"Size": "0.25 0.25",
				"Mask": "Weapon0"
			},
			{
				"Position": "18.0 1.75",
				"Size": "0.25 0.25",
				"Flipped": true,
				"Mask": "Player|BlueTeam|Conquest"
			},
			{
				"Position": "-4.75 1.75",
				"Size": "0.25 0.25",
				"Mask": "Player|BlueTeam|Conquest"
			},
			{
				"Position": "-0.75 3.75",
				"Size": "0.25 0.25",
				"Mask": "Weapon0"
			}
		],
		"Entities": {
			"Platforms": [
				{
					"Position": "-5.75 6.0",
					"Size": "14.5 9.5",
					"HotZone": true
				},
				{
					"Position": "-5.75 -0.25",
					"Size": "1.75 1.5"
				},
				{
					"Position": "-5.75 16.75",
					"Size": "2.0 3.25",
					"OneWay": true
				},
				{
					"Position": "-4.5 18.0",
					"Size": "2.0 0.5",
					"OneWay": true
				},
				{
					"Position": "-14.5 21.25",
					"Size": "2.5 1.25",
					"OneWay": true
				},
				{
					"Position": "8.75 14.5",
					"Size": "2.0 0.5",
					"OneWay": true
				},
				{
					"Position": "10.75 6.0",
					"Size": "8.0 9.5"
				},
				{
					"Position": "18.75 -0.25",
					"Size": "1.5 23.0"
				},
				{
					"Position": "-12.0 -0.25",
					"Size": "2.5 24.25"
				},
				{
					"Position": "-3.0 2.25",
					"Size": "3.0 1.25",
					"OneWay": true
				},
				{
					"Position": "9.5 17.75",
					"Size": "2.25 0.5",
					"OneWay": true
				},
				{
					"Position": "-4.5 22.25",
					"Size": "2.0 0.5",
					"OneWay": true
				},
				{
					"Position": "-20.25 -0.25",
					"Size": "8.25 21.5"
				},
				{
					"Position": "-4.0 -0.25",
					"Size": "5.0 2.5"
				},
				{
					"Position": "7.0 -0.25",
					"Size": "5.5 2.75"
				},
				{
					"Position": "8.0 2.5",
					"Size": "3.5 1.25",
					"OneWay": true
				},
				{
					"Position": "-0.25 23.0",
					"Size": "2.25 0.5",
					"OneWay": true
				},
				{
					"Position": "1.0 -0.25",
					"Size": "6.0 1.5"
				},
				{
					"Position": "12.5 -0.25",
					"Size": "6.25 1.5"
				},
				{
					"Position": "5.5 15.5",
					"Size": "1.75 4.75"
				},
				{
					"Position": "3.5 21.75",
					"Size": "1.75 0.5",
					"OneWay": true
				},
				{
					"Position": "-5.75 15.5",
					"Size": "2.5 1.5",
					"OneWay": true
				},
				{
					"Position": "-9.5 -0.25",
					"Size": "3.75 21.5"
				}
			],
			"Interactions": [
				{
					"Position": "-16.75 21.25",
					"Size": "1.0 1.0",
					"Data": "Sign",
					"Interact": {
						"Action": "TutorialAction",
						"Type": "PistolInfo"
					}
				},
				{
					"Position": "11.5 15.5",
					"Size": "1.0 1.0",
					"Data": "Sign",
					"Interact": {
						"Action": "TutorialAction",
						"Type": "BasicTrainingTwo"
					}
				}
			]
		}
	},
	"PreviewArea": "-17.000029 20.500021 8.0 4.5",
	"PreviewPlatforms": [
		"-12.0 -0.25 2.5 24.25",
		"-14.5 21.25 2.5 1.25",
		"-20.25 -0.25 8.25 21.5",
		"-9.5 -0.25 3.75 21.5"
	]
}