{
	"DisplayName": "BATTLEFIELD",
	"Description": "AN ALL PURPOSE MAP FOR ALL VARIETIES OF GAMETYPES",
	"SupportedTeams": 2,
	"IsChallenge": false,
	"Level": {
		"WorldBounds": "-30.0 0.0 60.0 50.0",
		"SpawnPoints": [
			{
				"Position": "-24.75 16.25",
				"Size": "0.25 0.25",
				"Mask": "Player|RedTeam|Deathmatch|CaptureTheFlag|Keepaway|Conquest|ZoneControl"
			},
			{
				"Position": "-25.25 16.25",
				"Size": "0.25 0.25",
				"Mask": "Player|RedTeam|Deathmatch|CaptureTheFlag|Keepaway|Conquest|ZoneControl"
			},
			{
				"Position": "-22.25 16.25",
				"Size": "0.25 0.25",
				"Mask": "Player|RedTeam|Deathmatch|CaptureTheFlag|Keepaway|Conquest|ZoneControl"
			},
			{
				"Position": "-21.75 16.25",
				"Size": "0.25 0.25",
				"Mask": "Player|RedTeam|FreeForAll|Deathmatch|CaptureTheFlag|Keepaway|Conquest|ZoneControl"
			},
			{
				"Position": "-19.0 12.0",
				"Size": "0.25 0.25",
				"Mask": "Player|RedTeam|Deathmatch|CaptureTheFlag|Keepaway|Conquest|ZoneControl"
			},
			{
				"Position": "-18.0 12.0",
				"Size": "0.25 0.25",
				"Mask": "Player|RedTeam|Deathmatch|CaptureTheFlag|Keepaway|Conquest|ZoneControl"
			},
			{
				"Position": "-25.25 23.0",
				"Size": "0.25 0.25",
				"Mask": "Player|RedTeam|Deathmatch|CaptureTheFlag|Keepaway|Conquest|ZoneControl"
			},
			{
				"Position": "-17.0 12.0",
				"Size": "0.25 0.25",
				"Mask": "Player|RedTeam|FreeForAll|Deathmatch|CaptureTheFlag|Keepaway|Conquest|ZoneControl"
			},
			{
				"Position": "-24.25 23.0",
				"Size": "0.25 0.25",
				"Mask": "Player|RedTeam|Deathmatch|CaptureTheFlag|Keepaway|Conquest|ZoneControl"
			},
			{
				"Position": "-23.25 23.0",
				"Size": "0.25 0.25",
				"Mask": "Player|RedTeam|FreeForAll|Deathmatch|CaptureTheFlag|Keepaway|Conquest|ZoneControl"
			},
			{
				"Position": "-23.5 6.0",
				"Size": "0.25 0.25",
				"Mask": "Player|RedTeam|FreeForAll|Deathmatch|CaptureTheFlag|Keepaway|Conquest|ZoneControl"
			},
			{
				"Position": "-22.75 6.0",
				"Size": "0.25 0.25",
				"Mask": "Player|RedTeam|Deathmatch|CaptureTheFlag|Keepaway|Conquest|ZoneControl"
			},
			{
				"Position": "-22.0 6.0",
				"Size": "0.25 0.25",
				"Mask": "Player|RedTeam|Deathmatch|CaptureTheFlag|Keepaway|Conquest|ZoneControl"
			},
			{
				"Position": "-20.0 9.0",
				"Size": "0.25 0.25",
				"Mask": "Player|RedTeam|Deathmatch|CaptureTheFlag|Keepaway|Conquest|ZoneControl"
			},
			{
				"Position": "-23.0 9.0",
				"Size": "0.25 0.25",
				"Mask": "Player|RedTeam|Deathmatch|CaptureTheFlag|Keepaway|Conquest|ZoneControl"
			},
			{
				"Position": "-19.25 5.0",
				"Size": "0.25 0.25",
				"Mask": "Player|RedTeam|Deathmatch|CaptureTheFlag|Keepaway|Conquest|ZoneControl"
			},
			{
				"Position": "25.25 23.0",
				"Size": "0.25 0.25",
				"Flipped": true,
				"Mask": "Player|BlueTeam|Deathmatch|CaptureTheFlag|Keepaway|Conquest|ZoneControl"
			},
			{
				"Position": "24.25 23.0",
				"Size": "0.25 0.25",
				"Flipped": true,
				"Mask": "Player|BlueTeam|Deathmatch|CaptureTheFlag|Keepaway|Conquest|ZoneControl"
			},
			{
				"Position": "23.25 23.0",
				"Size": "0.25 0.25",
				"Flipped": true,
				"Mask": "Player|BlueTeam|FreeForAll|Deathmatch|CaptureTheFlag|Keepaway|Conquest|ZoneControl"
			},
			{
				"Position": "25.25 16.25",
				"Size": "0.25 0.25",
				"Flipped": true,
				"Mask": "Player|BlueTeam|FreeForAll|Deathmatch|CaptureTheFlag|Keepaway|Conquest|ZoneControl"
			},
			{
				"Position": "24.75 16.25",
				"Size": "0.25 0.25",
				"Flipped": true,
				"Mask": "Player|BlueTeam|Deathmatch|CaptureTheFlag|Keepaway|Conquest|ZoneControl"
			},
			{
				"Position": "21.75 16.25",
				"Size": "0.25 0.25",
				"Flipped": true,
				"Mask": "Player|BlueTeam|Deathmatch|CaptureTheFlag|Keepaway|Conquest|ZoneControl"
			},
			{
				"Position": "22.25 16.25",
				"Size": "0.25 0.25",
				"Flipped": true,
				"Mask": "Player|BlueTeam|Deathmatch|CaptureTheFlag|Keepaway|Conquest|ZoneControl"
			},
			{
				"Position": "19.0 12.0",
				"Size": "0.25 0.25",
				"Flipped": true,
				"Mask": "Player|BlueTeam|Deathmatch|CaptureTheFlag|Keepaway|Conquest|ZoneControl"
			},
			{
				"Position": "18.0 12.0",
				"Size": "0.25 0.25",
				"Flipped": true,
				"Mask": "Player|BlueTeam|Deathmatch|CaptureTheFlag|Keepaway|Conquest|ZoneControl"
			},
			{
				"Position": "17.0 12.0",
				"Size": "0.25 0.25",
				"Flipped": true,
				"Mask": "Player|BlueTeam|FreeForAll|Deathmatch|CaptureTheFlag|Race|Conquest|ZoneControl"
			},
			{
				"Position": "20.0 9.0",
				"Size": "0.25 0.25",
				"Flipped": true,
				"Mask": "Player|BlueTeam|Deathmatch|CaptureTheFlag|Keepaway|Conquest|ZoneControl"
			},
			{
				"Position": "23.0 9.0",
				"Size": "0.25 0.25",
				"Flipped": true,
				"Mask": "Player|BlueTeam|Deathmatch|CaptureTheFlag|Race|Conquest|ZoneControl"
			},
			{
				"Position": "23.5 6.0",
				"Size": "0.25 0.25",
				"Flipped": true,
				"Mask": "Player|BlueTeam|FreeForAll|Deathmatch|CaptureTheFlag|Keepaway|Conquest|ZoneControl"
			},
			{
				"Position": "22.75 6.0",
				"Size": "0.25 0.25",
				"Flipped": true,
				"Mask": "Player|BlueTeam|Deathmatch|CaptureTheFlag|Keepaway|Conquest|ZoneControl"
			},
			{
				"Position": "22.0 6.0",
				"Size": "0.25 0.25",
				"Flipped": true,
				"Mask": "Player|BlueTeam|Deathmatch|CaptureTheFlag|Keepaway|Conquest|ZoneControl"
			},
			{
				"Position": "19.25 5.0",
				"Size": "0.25 0.25",
				"Flipped": true,
				"Mask": "Player|BlueTeam|Deathmatch|CaptureTheFlag|Keepaway|Conquest|ZoneControl"
			},
			{
				"Position": "-23.5 16.25",
				"Size": "0.25 0.25",
				"Mask": "Objective|RedTeam|CaptureTheFlag"
			},
			{
				"Position": "23.5 16.25",
				"Size": "0.25 0.25",
				"Mask": "Objective|BlueTeam|CaptureTheFlag"
			},
			{
				"Position": "0.0 24.0",
				"Size": "0.25 0.25",
				"Mask": "Objective|Keepaway"
			},
			{
				"Position": "0.0 12.25",
				"Size": "0.25 0.25",
				"Mask": "Objective|Keepaway"
			},
			{
				"Position": "0.0 2.5",
				"Size": "0.25 0.25",
				"Mask": "Objective|Keepaway"
			},
			{
				"Position": "-23.5 16.75",
				"Size": "1.5 1.0",
				"Mask": "Objective|ZoneControl"
			},
			{
				"Position": "0.0 15.5",
				"Size": "3.5 1.0",
				"Mask": "Objective|ZoneControl"
			},
			{
				"Position": "23.5 16.75",
				"Size": "1.5 1.0",
				"Mask": "Objective|ZoneControl"
			},
			{
				"Position": "-15.5 16.0",
				"Size": "0.25 0.25",
				"Flipped": true,
				"Mask": "Weapon0"
			},
			{
				"Position": "-20.5 24.25",
				"Size": "0.25 0.25",
				"Mask": "Weapon1"
			},
			{
				"Position": "-27.0 14.75",
				"Size": "0.25 0.25",
				"Mask": "Weapon0"
			},
			{
				"Position": "-15.5 11.75",
				"Size": "0.25 0.25",
				"Flipped": true,
				"Mask": "Weapon1"
			},
			{
				"Position": "-21.5 8.75",
				"Size": "0.25 0.25",
				"Mask": "Weapon0"
			},
			{
				"Position": "-13.25 6.75",
				"Size": "0.25 0.25",
				"Mask": "Weapon1"
			},
			{
				"Position": "-27.5 2.0",
				"Size": "0.25 0.25",
				"Mask": "Weapon2"
			},
			{
				"Position": "-29.25 29.5",
				"Size": "0.25 0.25",
				"Mask": "Weapon3"
			},
			{
				"Position": "0.0 8.0",
				"Size": "0.25 0.25",
				"Mask": "Weapon4"
			},
			{
				"Position": "0.0 30.75",
				"Size": "0.25 0.25",
				"Mask": "Weapon5"
			},
			{
				"Position": "-14.0 14.75",
				"Size": "0.25 0.25",
				"Mask": "Weapon2"
			},
			{
				"Position": "15.5 16.0",
				"Size": "0.25 0.25",
				"Mask": "Weapon0"
			},
			{
				"Position": "27.0 14.75",
				"Size": "0.25 0.25",
				"Flipped": true,
				"Mask": "Weapon0"
			},
			{
				"Position": "20.5 24.25",
				"Size": "0.25 0.25",
				"Flipped": true,
				"Mask": "Weapon1"
			},
			{
				"Position": "14.0 14.75",
				"Size": "0.25 0.25",
				"Mask": "Weapon2"
			},
			{
				"Position": "21.5 8.75",
				"Size": "0.25 0.25",
				"Flipped": true,
				"Mask": "Weapon0"
			},
			{
				"Position": "13.25 6.75",
				"Size": "0.25 0.25",
				"Flipped": true,
				"Mask": "Weapon1"
			},
			{
				"Position": "27.5 2.0",
				"Size": "0.25 0.25",
				"Flipped": true,
				"Mask": "Weapon2"
			},
			{
				"Position": "15.5 11.75",
				"Size": "0.25 0.25",
				"Mask": "Weapon1"
			},
			{
				"Position": "29.25 29.5",
				"Size": "0.25 0.25",
				"Flipped": true,
				"Mask": "Weapon3"
			},
			{
				"Position": "-25.25 23.5",
				"Size": "0.25 0.25",
				"Mask": "Player|RedTeam|Race"
			},
			{
				"Position": "-24.75 23.75",
				"Size": "0.25 0.25",
				"Mask": "Player|RedTeam|Race"
			},
			{
				"Position": "-24.25 24.0",
				"Size": "0.25 0.25",
				"Mask": "Player|RedTeam|Race"
			},
			{
				"Position": "-23.75 24.25",
				"Size": "0.25 0.25",
				"Mask": "Player|RedTeam|Race"
			},
			{
				"Position": "-23.25 24.5",
				"Size": "0.25 0.25",
				"Mask": "Player|RedTeam|Race"
			},
			{
				"Position": "-22.75 24.75",
				"Size": "0.25 0.25",
				"Mask": "Player|RedTeam|Race"
			},
			{
				"Position": "-22.25 25.0",
				"Size": "0.25 0.25",
				"Mask": "Player|RedTeam|Race"
			},
			{
				"Position": "-21.75 25.25",
				"Size": "0.25 0.25",
				"Mask": "Player|RedTeam|Race"
			},
			{
				"Position": "-25.0 24.0",
				"Size": "0.25 0.25",
				"Mask": "Player|BlueTeam|Race"
			},
			{
				"Position": "-24.5 24.25",
				"Size": "0.25 0.25",
				"Mask": "Player|BlueTeam|Race"
			},
			{
				"Position": "-24.0 24.5",
				"Size": "0.25 0.25",
				"Mask": "Player|BlueTeam|Race"
			},
			{
				"Position": "-23.5 24.75",
				"Size": "0.25 0.25",
				"Mask": "Player|BlueTeam|Race"
			},
			{
				"Position": "-23.0 25.0",
				"Size": "0.25 0.25",
				"Mask": "Player|BlueTeam|Race"
			},
			{
				"Position": "-22.5 25.25",
				"Size": "0.25 0.25",
				"Mask": "Player|BlueTeam|Race"
			},
			{
				"Position": "-22.0 25.5",
				"Size": "0.25 0.25",
				"Mask": "Player|BlueTeam|Race"
			},
			{
				"Position": "-25.5 23.75",
				"Size": "0.25 0.25",
				"Mask": "Player|BlueTeam|Race"
			},
			{
				"Position": "-25.0 23.25",
				"Size": "0.25 0.25",
				"Mask": "Player|BlueTeam|FreeForAll|Race"
			},
			{
				"Position": "-24.75 23.0",
				"Size": "0.25 0.25",
				"Mask": "Player|RedTeam|FreeForAll|Race"
			},
			{
				"Position": "-24.5 23.5",
				"Size": "0.25 0.25",
				"Mask": "Player|BlueTeam|FreeForAll|Race"
			},
			{
				"Position": "-24.25 23.25",
				"Size": "0.25 0.25",
				"Mask": "Player|RedTeam|FreeForAll|Race"
			},
			{
				"Position": "-24.0 23.75",
				"Size": "0.25 0.25",
				"Mask": "Player|BlueTeam|FreeForAll|Race"
			},
			{
				"Position": "-23.75 23.5",
				"Size": "0.25 0.25",
				"Mask": "Player|RedTeam|FreeForAll|Race"
			},
			{
				"Position": "-23.5 24.0",
				"Size": "0.25 0.25",
				"Mask": "Player|BlueTeam|FreeForAll|Race"
			},
			{
				"Position": "-23.25 23.75",
				"Size": "0.25 0.25",
				"Flipped": true,
				"Mask": "Player|RedTeam|FreeForAll|Race"
			},
			{
				"Position": "-23.0 24.25",
				"Size": "0.25 0.25",
				"Mask": "Player|BlueTeam|FreeForAll|Race"
			},
			{
				"Position": "-22.75 24.0",
				"Size": "0.25 0.25",
				"Mask": "Player|RedTeam|FreeForAll|Race"
			},
			{
				"Position": "-22.5 24.5",
				"Size": "0.25 0.25",
				"Mask": "Player|BlueTeam|FreeForAll|Race"
			},
			{
				"Position": "-22.25 24.25",
				"Size": "0.25 0.25",
				"Mask": "Player|RedTeam|FreeForAll|Race"
			},
			{
				"Position": "-22.0 24.75",
				"Size": "0.25 0.25",
				"Mask": "BlueTeam|FreeForAll|Race"
			},
			{
				"Position": "-21.75 24.5",
				"Size": "0.25 0.25",
				"Mask": "Player|RedTeam|FreeForAll|Race"
			},
			{
				"Position": "-21.25 24.75",
				"Size": "0.25 0.25",
				"Mask": "Player|RedTeam|FreeForAll|Race"
			},
			{
				"Position": "-21.5 25.0",
				"Size": "0.25 0.25",
				"Mask": "Player|BlueTeam|FreeForAll|Race"
			},
			{
				"Position": "-18.5 23.0",
				"Size": "0.25 0.25",
				"Mask": "Objective|RedTeam|BlueTeam|FreeForAll|Race"
			},
			{
				"Position": "14.25 22.75",
				"Size": "0.25 0.25",
				"Mask": "Objective|RedTeam|BlueTeam|FreeForAll|Race"
			},
			{
				"Position": "17.25 6.0",
				"Size": "0.25 0.25",
				"Mask": "Objective|RedTeam|BlueTeam|FreeForAll|Race"
			},
			{
				"Position": "-17.25 6.0",
				"Size": "0.25 0.25",
				"Mask": "Objective|RedTeam|BlueTeam|FreeForAll|Race"
			},
			{
				"Position": "0.0 13.5",
				"Size": "0.25 0.25",
				"Mask": "Objective|RedTeam|BlueTeam|FreeForAll|Race"
			},
			{
				"Position": "0.0 29.5",
				"Size": "0.25 0.25",
				"Mask": "Objective|RedTeam|BlueTeam|FreeForAll|Race"
			},
			{
				"Position": "-5.75 4.75",
				"Size": "0.25 0.25",
				"Mask": "Player|FreeForAll|Deathmatch|Keepaway|Conquest"
			},
			{
				"Position": "2.25 11.0",
				"Size": "0.25 0.25",
				"Flipped": true,
				"Mask": "FreeForAll|Deathmatch|Keepaway|Conquest"
			},
			{
				"Position": "-6.5 23.25",
				"Size": "0.25 0.25",
				"Mask": "Player|FreeForAll|Deathmatch|Keepaway|Conquest"
			},
			{
				"Position": "8.25 23.25",
				"Size": "0.25 0.25",
				"Flipped": true,
				"Mask": "Player|FreeForAll|Deathmatch|Keepaway|Conquest"
			},
			{
				"Position": "-10.25 15.25",
				"Size": "0.25 0.25",
				"Flipped": true,
				"Mask": "Player|FreeForAll|Deathmatch|Keepaway|Conquest"
			},
			{
				"Position": "6.25 15.25",
				"Size": "0.25 0.25",
				"Flipped": true,
				"Mask": "Player|FreeForAll|Deathmatch|Keepaway|Conquest"
			},
			{
				"Position": "16.75 27.5",
				"Size": "0.25 0.25",
				"Flipped": true,
				"Mask": "Player|FreeForAll|Deathmatch|Keepaway|Conquest"
			},
			{
				"Position": "2.5 30.0",
				"Size": "0.25 0.25",
				"Flipped": true,
				"Mask": "Player|FreeForAll|Deathmatch|Keepaway|Conquest"
			}
		],
		"Entities": {
			"Platforms": [
				{
					"Position": "-2.25 2.0",
					"Size": "1.5 1.5",
					"OneWay": true
				},
				{
					"Position": "-28.25 -0.25",
					"Size": "6.75 2.0",
					"QuietZone": true
				},
				{
					"Position": "28.25 -0.25",
					"Size": "2.0 22.75"
				},
				{
					"Position": "-30.25 -0.25",
					"Size": "2.0 22.75"
				},
				{
					"Position": "-21.5 -0.25",
					"Size": "4.75 2.5"
				},
				{
					"Position": "-24.5 4.0",
					"Size": "3.5 1.5"
				},
				{
					"Position": "-16.75 -0.25",
					"Size": "9.0 5.5",
					"HotZone": true
				},
				{
					"Position": "-17.75 4.5",
					"Size": "1.0 1.5"
				},
				{
					"Position": "-20.5 2.25",
					"Size": "2.5 1.25",
					"OneWay": true
				},
				{
					"Position": "-20.0 3.25",
					"Size": "1.5 1.25",
					"OneWay": true
				},
				{
					"Position": "-28.25 4.0",
					"Size": "2.0 4.5"
				},
				{
					"Position": "-26.25 4.0",
					"Size": "1.75 3.0"
				},
				{
					"Position": "-1.5 -0.25",
					"Size": "3.0 2.5",
					"HotZone": true
				},
				{
					"Position": "-4.5 -0.25",
					"Size": "3.0 2.0"
				},
				{
					"Position": "-6.75 -0.25",
					"Size": "2.25 4.5"
				},
				{
					"Position": "-7.75 -0.25",
					"Size": "1.0 6.0"
				},
				{
					"Position": "1.5 -0.25",
					"Size": "3.0 2.0"
				},
				{
					"Position": "-1.25 2.75",
					"Size": "2.5 2.25",
					"OneWay": true
				},
				{
					"Position": "0.75 2.0",
					"Size": "1.5 1.5",
					"OneWay": true
				},
				{
					"Position": "-23.75 7.5",
					"Size": "4.5 1.0",
					"OneWay": true
				},
				{
					"Position": "-28.25 9.5",
					"Size": "1.5 0.5",
					"OneWay": true
				},
				{
					"Position": "-22.25 8.25",
					"Size": "1.5 1.75",
					"OneWay": true
				},
				{
					"Position": "-19.75 11.0",
					"Size": "4.75 0.5"
				},
				{
					"Position": "-15.0 11.0",
					"Size": "0.5 6.25",
					"Impassable": true
				},
				{
					"Position": "-18.25 13.0",
					"Size": "3.25 2.75"
				},
				{
					"Position": "-25.75 12.25",
					"Size": "4.5 3.5",
					"HotZone": true
				},
				{
					"Position": "-28.25 11.0",
					"Size": "1.5 0.5",
					"OneWay": true
				},
				{
					"Position": "-28.25 12.5",
					"Size": "2.5 0.5",
					"OneWay": true
				},
				{
					"Position": "-28.25 14.0",
					"Size": "2.5 0.5",
					"OneWay": true
				},
				{
					"Position": "-21.25 12.5",
					"Size": "1.75 0.5",
					"OneWay": true
				},
				{
					"Position": "-20.0 14.0",
					"Size": "1.75 0.5",
					"OneWay": true
				},
				{
					"Position": "-24.25 15.750001",
					"Size": "1.5 0.5",
					"OneWay": true
				},
				{
					"Position": "-16.75 15.75",
					"Size": "1.75 1.25",
					"OneWay": true
				},
				{
					"Position": "-15.0 17.75",
					"Size": "0.5 4.5"
				},
				{
					"Position": "-25.75 19.25",
					"Size": "7.0 3.25",
					"HotZone": true
				},
				{
					"Position": "-16.5 18.0",
					"Size": "1.5 0.5",
					"OneWay": true
				},
				{
					"Position": "-18.25 19.5",
					"Size": "1.75 0.5",
					"OneWay": true
				},
				{
					"Position": "-16.5 20.967836",
					"Size": "1.5 0.5",
					"OneWay": true
				},
				{
					"Position": "-18.75 19.25",
					"Size": "0.5 3.75"
				},
				{
					"Position": "-14.5 20.0",
					"Size": "0.5 2.75"
				},
				{
					"Position": "-26.75 16.75",
					"Size": "1.25 0.5",
					"OneWay": true
				},
				{
					"Position": "-28.25 18.25",
					"Size": "1.25 0.5",
					"OneWay": true
				},
				{
					"Position": "-27.25 19.75",
					"Size": "1.5 0.5",
					"OneWay": true
				},
				{
					"Position": "-28.25 21.0",
					"Size": "1.25 0.5",
					"OneWay": true
				},
				{
					"Position": "-21.25 22.5",
					"Size": "1.75 1.5",
					"OneWay": true
				},
				{
					"Position": "-18.0 24.5",
					"Size": "2.5 1.0",
					"OneWay": true
				},
				{
					"Position": "-17.75 25.25",
					"Size": "2.0 1.75",
					"OneWay": true
				},
				{
					"Position": "-21.75 27.25",
					"Size": "1.5 0.5",
					"OneWay": true
				},
				{
					"Position": "-30.25 28.5",
					"Size": "2.0 0.75",
					"QuietZone": true
				},
				{
					"Position": "-25.75 28.0",
					"Size": "1.5 0.5",
					"OneWay": true
				},
				{
					"Position": "-14.0 21.75",
					"Size": "5.0 0.75",
					"OneWay": true
				},
				{
					"Position": "-9.0 21.5",
					"Size": "7.75 1.25"
				},
				{
					"Position": "-1.25 21.0",
					"Size": "2.5 2.75",
					"HotZone": true
				},
				{
					"Position": "-13.5 13.75",
					"Size": "4.5 1.0"
				},
				{
					"Position": "-2.75 13.75",
					"Size": "1.0 1.5"
				},
				{
					"Position": "-14.5 14.0",
					"Size": "1.0 0.5",
					"OneWay": true
				},
				{
					"Position": "-9.0 13.75",
					"Size": "1.75 3.5"
				},
				{
					"Position": "-7.25 13.75",
					"Size": "4.5 1.0"
				},
				{
					"Position": "-11.5 14.75",
					"Size": "2.5 1.25",
					"OneWay": true
				},
				{
					"Position": "-7.25 14.75",
					"Size": "2.5 1.25",
					"OneWay": true
				},
				{
					"Position": "-1.75 14.25",
					"Size": "3.5 0.75",
					"OneWay": true,
					"HotZone": true
				},
				{
					"Position": "-3.25 10.0",
					"Size": "6.5 0.5"
				},
				{
					"Position": "-1.0 10.5",
					"Size": "2.0 3.0",
					"OneWay": true
				},
				{
					"Position": "1.75 13.75",
					"Size": "1.0 1.5"
				},
				{
					"Position": "2.75 13.75",
					"Size": "4.5 1.0"
				},
				{
					"Position": "-0.75 11.5",
					"Size": "1.5 0.5",
					"OneWay": true
				},
				{
					"Position": "-3.25 6.5",
					"Size": "0.75 2.75",
					"Impassable": true
				},
				{
					"Position": "2.5 6.5",
					"Size": "0.75 2.75",
					"Impassable": true
				},
				{
					"Position": "-0.5 4.75",
					"Size": "1.0 1.75",
					"OneWay": true
				},
				{
					"Position": "-2.5 6.5",
					"Size": "1.75 0.75"
				},
				{
					"Position": "0.75 6.5",
					"Size": "1.75 0.75"
				},
				{
					"Position": "-1.0 7.0",
					"Size": "2.0 0.75",
					"OneWay": true
				},
				{
					"Position": "-6.75 7.75",
					"Size": "3.5 1.25",
					"OneWay": true
				},
				{
					"Position": "-15.5 5.25",
					"Size": "5.0 1.25",
					"OneWay": true
				},
				{
					"Position": "-11.0 5.25",
					"Size": "2.0 2.5",
					"OneWay": true
				},
				{
					"Position": "-12.0 18.0",
					"Size": "4.0 0.75",
					"OneWay": true
				},
				{
					"Position": "-14.0 20.5",
					"Size": "3.25 0.5",
					"OneWay": true
				},
				{
					"Position": "-11.75 18.5",
					"Size": "1.5 1.25",
					"OneWay": true
				},
				{
					"Position": "1.25 21.5",
					"Size": "7.75 1.25"
				},
				{
					"Position": "9.0 21.75",
					"Size": "5.0 0.75",
					"OneWay": true
				},
				{
					"Position": "10.75 20.5",
					"Size": "3.25 0.5",
					"OneWay": true
				},
				{
					"Position": "10.25 18.5",
					"Size": "1.5 1.25",
					"OneWay": true
				},
				{
					"Position": "8.0 18.0",
					"Size": "4.0 0.75",
					"OneWay": true
				},
				{
					"Position": "7.25 13.75",
					"Size": "1.75 3.5"
				},
				{
					"Position": "9.0 14.75",
					"Size": "2.5 1.25",
					"OneWay": true
				},
				{
					"Position": "4.75 14.75",
					"Size": "2.5 1.25",
					"OneWay": true
				},
				{
					"Position": "9.0 13.75",
					"Size": "4.5 1.0"
				},
				{
					"Position": "13.5 14.0",
					"Size": "1.0 0.5",
					"OneWay": true
				},
				{
					"Position": "14.0 20.0",
					"Size": "0.5 2.75"
				},
				{
					"Position": "14.5 17.75",
					"Size": "0.5 4.5"
				},
				{
					"Position": "14.5 11.0",
					"Size": "0.5 6.25",
					"Impassable": true
				},
				{
					"Position": "15.0 20.967836",
					"Size": "1.5 0.5",
					"OneWay": true
				},
				{
					"Position": "16.5 19.5",
					"Size": "1.75 0.5",
					"OneWay": true
				},
				{
					"Position": "15.0 18.0",
					"Size": "1.5 0.5",
					"OneWay": true
				},
				{
					"Position": "15.0 15.75",
					"Size": "1.75 1.25",
					"OneWay": true
				},
				{
					"Position": "15.0 13.0",
					"Size": "3.25 2.75"
				},
				{
					"Position": "15.0 11.0",
					"Size": "4.75 0.5"
				},
				{
					"Position": "18.25 14.0",
					"Size": "1.75 0.5",
					"OneWay": true
				},
				{
					"Position": "19.5 12.5",
					"Size": "1.75 0.5",
					"OneWay": true
				},
				{
					"Position": "18.25 19.25",
					"Size": "0.5 3.75"
				},
				{
					"Position": "18.75 19.25",
					"Size": "7.0 3.25",
					"HotZone": true
				},
				{
					"Position": "19.5 22.5",
					"Size": "1.75 1.5",
					"OneWay": true
				},
				{
					"Position": "15.5 24.5",
					"Size": "2.5 1.0",
					"OneWay": true
				},
				{
					"Position": "15.75 25.25",
					"Size": "2.0 1.75",
					"OneWay": true
				},
				{
					"Position": "20.25 27.25",
					"Size": "1.5 0.5",
					"OneWay": true
				},
				{
					"Position": "24.25 28.0",
					"Size": "1.5 0.5",
					"OneWay": true
				},
				{
					"Position": "28.25 28.5",
					"Size": "2.0 0.75",
					"QuietZone": true
				},
				{
					"Position": "27.0 21.0",
					"Size": "1.25 0.5",
					"OneWay": true
				},
				{
					"Position": "25.75 19.75",
					"Size": "1.5 0.5",
					"OneWay": true
				},
				{
					"Position": "27.0 18.25",
					"Size": "1.25 0.5",
					"OneWay": true
				},
				{
					"Position": "25.5 16.75",
					"Size": "1.25 0.5",
					"OneWay": true
				},
				{
					"Position": "21.25 12.25",
					"Size": "4.5 3.5",
					"HotZone": true
				},
				{
					"Position": "4.5 -0.25",
					"Size": "2.25 4.5"
				},
				{
					"Position": "3.25 7.75",
					"Size": "3.5 1.25",
					"OneWay": true
				},
				{
					"Position": "6.75 -0.25",
					"Size": "1.0 6.0"
				},
				{
					"Position": "7.75 -0.25",
					"Size": "9.0 5.5"
				},
				{
					"Position": "9.0 5.25",
					"Size": "2.0 2.5",
					"OneWay": true
				},
				{
					"Position": "10.5 5.25",
					"Size": "5.0 1.25",
					"OneWay": true
				},
				{
					"Position": "16.75 4.5",
					"Size": "1.0 1.5"
				},
				{
					"Position": "16.75 -0.25",
					"Size": "4.75 2.5"
				},
				{
					"Position": "18.0 2.25",
					"Size": "2.5 1.25",
					"OneWay": true
				},
				{
					"Position": "18.5 3.25",
					"Size": "1.5 1.25",
					"OneWay": true
				},
				{
					"Position": "21.5 -0.25",
					"Size": "6.75 2.0",
					"QuietZone": true
				},
				{
					"Position": "19.25 7.5",
					"Size": "4.5 1.0",
					"OneWay": true
				},
				{
					"Position": "20.75 8.25",
					"Size": "1.5 1.75",
					"OneWay": true
				},
				{
					"Position": "21.0 4.0",
					"Size": "3.5 1.5"
				},
				{
					"Position": "24.5 4.0",
					"Size": "1.75 3.0"
				},
				{
					"Position": "26.25 4.0",
					"Size": "2.0 4.5"
				},
				{
					"Position": "26.75 9.5",
					"Size": "1.5 0.5",
					"OneWay": true
				},
				{
					"Position": "26.75 11.0",
					"Size": "1.5 0.5",
					"OneWay": true
				},
				{
					"Position": "25.75 12.5",
					"Size": "2.5 0.5",
					"OneWay": true
				},
				{
					"Position": "25.75 14.0",
					"Size": "2.5 0.5",
					"OneWay": true
				},
				{
					"Position": "22.75 15.750001",
					"Size": "1.5 0.5",
					"OneWay": true
				},
				{
					"Position": "-13.0 27.0",
					"Size": "2.0 0.5",
					"OneWay": true
				},
				{
					"Position": "-8.75 25.0",
					"Size": "2.75 0.5",
					"OneWay": true
				},
				{
					"Position": "-4.0 26.25",
					"Size": "8.0 2.25",
					"OneWay": true
				},
				{
					"Position": "-4.75 26.5",
					"Size": "2.75 0.5",
					"OneWay": true
				},
				{
					"Position": "-3.25 28.25",
					"Size": "6.5 1.25",
					"OneWay": true
				},
				{
					"Position": "-0.5 29.25",
					"Size": "1.0 1.25",
					"OneWay": true
				},
				{
					"Position": "2.0 26.5",
					"Size": "2.75 0.5",
					"OneWay": true
				},
				{
					"Position": "6.0 25.0",
					"Size": "2.75 0.5",
					"OneWay": true
				},
				{
					"Position": "11.0 27.0",
					"Size": "2.0 0.5",
					"OneWay": true
				}
			]
		},
		"Backgrounds": []
	},
	"PreviewArea": "-7.999995 2.0 16.0 9.0",
	"PreviewPlatforms": [
		"-7.75 -0.25 1.0 6.0",
		"-1.25 2.75 2.5 2.25",
		"-2.25 2.0 1.5 1.5",
		"0.75 2.0 1.5 1.5",
		"4.5 -0.25 2.25 4.5",
		"6.75 -0.25 1.0 6.0",
		"-6.75 -0.25 2.25 4.5",
		"-0.5 4.75 1.0 1.75",
		"0.75 6.5 1.75 0.75",
		"2.5 6.5 0.75 2.75",
		"3.25 7.75 3.5 1.0",
		"-1.0 7.0 2.0 0.75",
		"-2.5 6.5 1.75 0.75",
		"-3.25 6.5 0.75 2.75",
		"-3.25 9.75 6.5 0.75",
		"-6.75 7.75 3.5 1.25"
	]
}