{
	"DisplayName": "CAR HOLE",
	"Description": "LA DI DA, A GARAGE",
	"SupportedTeams": 4,
	"IsChallenge": false,
	"Level": {
		"WorldBounds": "-20.0 -0.5 40.0 26.5",
		"SpawnPoints": [
			{
				"Position": "-1.25 1.5",
				"Size": "0.25 0.25",
				"Flipped": true,
				"Mask": "Player|RedTeam|Deathmatch|CaptureTheFlag|Keepaway|Conquest|ZoneControl"
			},
			{
				"Position": "1.25 1.5",
				"Size": "0.25 0.25",
				"Mask": "Player|RedTeam|Deathmatch|CaptureTheFlag|Race|Conquest|ZoneControl"
			},
			{
				"Position": "-3.0 1.5",
				"Size": "0.25 0.25",
				"Flipped": true,
				"Mask": "Player|RedTeam|Deathmatch|CaptureTheFlag|Keepaway|Conquest|ZoneControl"
			},
			{
				"Position": "3.0 1.5",
				"Size": "0.25 0.25",
				"Mask": "Player|RedTeam|Deathmatch|CaptureTheFlag|Race|Conquest|ZoneControl"
			},
			{
				"Position": "-8.25 4.75",
				"Size": "0.25 0.25",
				"Flipped": true,
				"Mask": "Player|RedTeam|FreeForAll|Deathmatch|CaptureTheFlag|Keepaway|Conquest|ZoneControl"
			},
			{
				"Position": "-7.0 4.75",
				"Size": "0.25 0.25",
				"Flipped": true,
				"Mask": "Player|RedTeam|Deathmatch|CaptureTheFlag|Keepaway|Conquest|ZoneControl"
			},
			{
				"Position": "7.0 4.75",
				"Size": "0.25 0.25",
				"Mask": "Player|RedTeam|Deathmatch|CaptureTheFlag|Keepaway|Conquest|ZoneControl"
			},
			{
				"Position": "8.25 4.75",
				"Size": "0.25 0.25",
				"Mask": "Player|RedTeam|FreeForAll|Deathmatch|CaptureTheFlag|Keepaway|Conquest|ZoneControl"
			},
			{
				"Position": "-13.5 3.5",
				"Size": "0.25 0.25",
				"Flipped": true,
				"Mask": "Player|RedTeam|Deathmatch|CaptureTheFlag|Keepaway|Conquest|ZoneControl"
			},
			{
				"Position": "-12.5 3.5",
				"Size": "0.25 0.25",
				"Flipped": true,
				"Mask": "Player|RedTeam|Deathmatch|CaptureTheFlag|Keepaway|Conquest|ZoneControl"
			},
			{
				"Position": "-10.5 3.5",
				"Size": "0.25 0.25",
				"Flipped": true,
				"Mask": "Player|RedTeam|Deathmatch|CaptureTheFlag|Keepaway|Conquest|ZoneControl"
			},
			{
				"Position": "-11.5 3.5",
				"Size": "0.25 0.25",
				"Flipped": true,
				"Mask": "Player|RedTeam|FreeForAll|Deathmatch|CaptureTheFlag|Keepaway|Conquest|ZoneControl"
			},
			{
				"Position": "10.5 3.5",
				"Size": "0.25 0.25",
				"Mask": "Player|RedTeam|Deathmatch|CaptureTheFlag|Keepaway|Conquest|ZoneControl"
			},
			{
				"Position": "11.5 3.5",
				"Size": "0.25 0.25",
				"Mask": "Player|RedTeam|Deathmatch|CaptureTheFlag|Keepaway|Conquest|ZoneControl"
			},
			{
				"Position": "12.5 3.5",
				"Size": "0.25 0.25",
				"Mask": "Player|RedTeam|FreeForAll|Deathmatch|CaptureTheFlag|Keepaway|Conquest|ZoneControl"
			},
			{
				"Position": "13.5 3.5",
				"Size": "0.25 0.25",
				"Mask": "Player|RedTeam|Deathmatch|CaptureTheFlag|Keepaway|Conquest|ZoneControl"
			},
			{
				"Position": "-12.5 9.0",
				"Size": "0.25 0.25",
				"Flipped": true,
				"Mask": "Player|YellowTeam|Deathmatch|CaptureTheFlag|Keepaway|Conquest|ZoneControl"
			},
			{
				"Position": "-11.5 9.0",
				"Size": "0.25 0.25",
				"Flipped": true,
				"Mask": "Player|YellowTeam|FreeForAll|Deathmatch|CaptureTheFlag|Keepaway|Conquest|ZoneControl"
			},
			{
				"Position": "-10.5 9.0",
				"Size": "0.25 0.25",
				"Flipped": true,
				"Mask": "Player|YellowTeam|Deathmatch|CaptureTheFlag|Keepaway|Conquest|ZoneControl"
			},
			{
				"Position": "-4.0 8.75",
				"Size": "0.25 0.25",
				"Flipped": true,
				"Mask": "Player|YellowTeam|Deathmatch|CaptureTheFlag|Keepaway|Conquest|ZoneControl"
			},
			{
				"Position": "-3.0 8.75",
				"Size": "0.25 0.25",
				"Flipped": true,
				"Mask": "Player|YellowTeam|Deathmatch|CaptureTheFlag|Keepaway|Conquest|ZoneControl"
			},
			{
				"Position": "-6.25 8.25",
				"Size": "0.25 0.25",
				"Flipped": true,
				"Mask": "Player|YellowTeam|FreeForAll|Deathmatch|CaptureTheFlag|Keepaway|Conquest|ZoneControl"
			},
			{
				"Position": "-5.25 8.25",
				"Size": "0.25 0.25",
				"Flipped": true,
				"Mask": "Player|YellowTeam|Deathmatch|CaptureTheFlag|Keepaway|Conquest|ZoneControl"
			},
			{
				"Position": "-8.0 7.75",
				"Size": "0.25 0.25",
				"Flipped": true,
				"Mask": "Player|YellowTeam|Deathmatch|CaptureTheFlag|Keepaway|Conquest|ZoneControl"
			},
			{
				"Position": "3.0 8.75",
				"Size": "0.25 0.25",
				"Mask": "Player|YellowTeam|Deathmatch|CaptureTheFlag|Keepaway|Conquest|ZoneControl"
			},
			{
				"Position": "4.0 8.75",
				"Size": "0.25 0.25",
				"Mask": "Player|YellowTeam|Deathmatch|CaptureTheFlag|Keepaway|Conquest|ZoneControl"
			},
			{
				"Position": "5.25 8.25",
				"Size": "0.25 0.25",
				"Mask": "Player|YellowTeam|Deathmatch|CaptureTheFlag|Keepaway|Conquest|ZoneControl"
			},
			{
				"Position": "6.25 8.25",
				"Size": "0.25 0.25",
				"Mask": "Player|YellowTeam|FreeForAll|Deathmatch|CaptureTheFlag|Keepaway|Conquest|ZoneControl"
			},
			{
				"Position": "8.0 7.75",
				"Size": "0.25 0.25",
				"Mask": "Player|YellowTeam|Deathmatch|CaptureTheFlag|Keepaway|Conquest|ZoneControl"
			},
			{
				"Position": "11.5 9.0",
				"Size": "0.25 0.25",
				"Mask": "Player|YellowTeam|FreeForAll|Deathmatch|CaptureTheFlag|Keepaway|Conquest|ZoneControl"
			},
			{
				"Position": "10.5 9.0",
				"Size": "0.25 0.25",
				"Mask": "Player|YellowTeam|Deathmatch|CaptureTheFlag|Keepaway|Conquest|ZoneControl"
			},
			{
				"Position": "12.5 9.0",
				"Size": "0.25 0.25",
				"Mask": "Player|YellowTeam|Deathmatch|CaptureTheFlag|Keepaway|Conquest|ZoneControl"
			},
			{
				"Position": "-3.0 14.0",
				"Size": "0.25 0.25",
				"Flipped": true,
				"Mask": "Player|GreenTeam|Deathmatch|CaptureTheFlag|Keepaway|Conquest|ZoneControl"
			},
			{
				"Position": "-4.0 14.0",
				"Size": "0.25 0.25",
				"Flipped": true,
				"Mask": "Player|GreenTeam|Deathmatch|CaptureTheFlag|Keepaway|Conquest|ZoneControl"
			},
			{
				"Position": "-3.5 14.75",
				"Size": "0.25 0.25",
				"Flipped": true,
				"Mask": "Player|GreenTeam|FreeForAll|Deathmatch|CaptureTheFlag|Keepaway|Conquest|ZoneControl"
			},
			{
				"Position": "-1.5 15.25",
				"Size": "0.25 0.25",
				"Flipped": true,
				"Mask": "Player|GreenTeam|Deathmatch|CaptureTheFlag|Keepaway|Conquest|ZoneControl"
			},
			{
				"Position": "-6.25 16.0",
				"Size": "0.25 0.25",
				"Flipped": true,
				"Mask": "Player|GreenTeam|Deathmatch|CaptureTheFlag|Keepaway|Conquest|ZoneControl"
			},
			{
				"Position": "-7.125 16.0",
				"Size": "0.25 0.25",
				"Flipped": true,
				"Mask": "Player|GreenTeam|FreeForAll|Deathmatch|CaptureTheFlag|Keepaway|Conquest|ZoneControl"
			},
			{
				"Position": "-8.0 16.0",
				"Size": "0.25 0.25",
				"Flipped": true,
				"Mask": "Player|GreenTeam|Deathmatch|CaptureTheFlag|Keepaway|Conquest|ZoneControl"
			},
			{
				"Position": "-9.25 14.0",
				"Size": "0.25 0.25",
				"Flipped": true,
				"Mask": "Player|GreenTeam|Deathmatch|CaptureTheFlag|Keepaway|Conquest|ZoneControl"
			},
			{
				"Position": "9.25 14.0",
				"Size": "0.25 0.25",
				"Mask": "Player|GreenTeam|Deathmatch|CaptureTheFlag|Keepaway|Conquest|ZoneControl"
			},
			{
				"Position": "7.125 16.0",
				"Size": "0.25 0.25",
				"Mask": "Player|GreenTeam|FreeForAll|Deathmatch|CaptureTheFlag|Keepaway|Conquest|ZoneControl"
			},
			{
				"Position": "8.0 16.0",
				"Size": "0.25 0.25",
				"Mask": "Player|GreenTeam|Deathmatch|CaptureTheFlag|Keepaway|Conquest|ZoneControl"
			},
			{
				"Position": "6.25 16.0",
				"Size": "0.25 0.25",
				"Mask": "Player|GreenTeam|Deathmatch|CaptureTheFlag|Keepaway|Conquest|ZoneControl"
			},
			{
				"Position": "1.5 15.25",
				"Size": "0.25 0.25",
				"Mask": "Player|GreenTeam|Deathmatch|CaptureTheFlag|Keepaway|Conquest|ZoneControl"
			},
			{
				"Position": "3.5 14.75",
				"Size": "0.25 0.25",
				"Mask": "Player|GreenTeam|FreeForAll|Deathmatch|CaptureTheFlag|Keepaway|Conquest|ZoneControl"
			},
			{
				"Position": "4.0 14.0",
				"Size": "0.25 0.25",
				"Mask": "Player|GreenTeam|Deathmatch|CaptureTheFlag|Keepaway|Conquest|ZoneControl"
			},
			{
				"Position": "3.0 14.0",
				"Size": "0.25 0.25",
				"Mask": "Player|GreenTeam|Deathmatch|CaptureTheFlag|Keepaway|Conquest|ZoneControl"
			},
			{
				"Position": "-12.5 21.5",
				"Size": "0.25 0.25",
				"Flipped": true,
				"Mask": "Player|BlueTeam|Deathmatch|CaptureTheFlag|Keepaway|Conquest|ZoneControl"
			},
			{
				"Position": "-10.0 21.5",
				"Size": "0.25 0.25",
				"Flipped": true,
				"Mask": "Player|BlueTeam|FreeForAll|Deathmatch|CaptureTheFlag|Keepaway|Conquest|ZoneControl"
			},
			{
				"Position": "-8.25 20.25",
				"Size": "0.25 0.25",
				"Flipped": true,
				"Mask": "Player|BlueTeam|Deathmatch|CaptureTheFlag|Keepaway|Conquest|ZoneControl"
			},
			{
				"Position": "-11.75 20.25",
				"Size": "0.25 0.25",
				"Flipped": true,
				"Mask": "Player|BlueTeam|Deathmatch|CaptureTheFlag|Keepaway|Conquest|ZoneControl"
			},
			{
				"Position": "-5.75 20.25",
				"Size": "0.25 0.25",
				"Flipped": true,
				"Mask": "Player|BlueTeam|Deathmatch|CaptureTheFlag|Keepaway|Conquest|ZoneControl"
			},
			{
				"Position": "-4.5 20.25",
				"Size": "0.25 0.25",
				"Flipped": true,
				"Mask": "Player|BlueTeam|Deathmatch|CaptureTheFlag|Keepaway|Conquest|ZoneControl"
			},
			{
				"Position": "-3.25 20.25",
				"Size": "0.25 0.25",
				"Flipped": true,
				"Mask": "Player|BlueTeam|FreeForAll|Deathmatch|CaptureTheFlag|Keepaway|Conquest|ZoneControl"
			},
			{
				"Position": "-2.0 20.25",
				"Size": "0.25 0.25",
				"Flipped": true,
				"Mask": "Player|BlueTeam|Deathmatch|CaptureTheFlag|Keepaway|Conquest|ZoneControl"
			},
			{
				"Position": "2.0 20.25",
				"Size": "0.25 0.25",
				"Mask": "Player|BlueTeam|Deathmatch|CaptureTheFlag|Keepaway|Conquest|ZoneControl"
			},
			{
				"Position": "3.0 20.25",
				"Size": "0.25 0.25",
				"Mask": "Player|BlueTeam|FreeForAll|Deathmatch|CaptureTheFlag|Keepaway|Conquest|ZoneControl"
			},
			{
				"Position": "4.0 20.25",
				"Size": "0.25 0.25",
				"Mask": "Player|BlueTeam|Deathmatch|CaptureTheFlag|Keepaway|Conquest|ZoneControl"
			},
			{
				"Position": "5.0 20.25",
				"Size": "0.25 0.25",
				"Mask": "Player|BlueTeam|Deathmatch|CaptureTheFlag|Keepaway|Conquest|ZoneControl"
			},
			{
				"Position": "8.25 20.25",
				"Size": "0.25 0.25",
				"Mask": "Player|BlueTeam|Deathmatch|CaptureTheFlag|Keepaway|Conquest|ZoneControl"
			},
			{
				"Position": "11.75 20.25",
				"Size": "0.25 0.25",
				"Mask": "Player|BlueTeam|Deathmatch|CaptureTheFlag|Keepaway|Conquest|ZoneControl"
			},
			{
				"Position": "12.5 21.5",
				"Size": "0.25 0.25",
				"Mask": "Player|BlueTeam|Deathmatch|CaptureTheFlag|Keepaway|Conquest|ZoneControl"
			},
			{
				"Position": "10.0 21.5",
				"Size": "0.25 0.25",
				"Mask": "Player|BlueTeam|FreeForAll|Deathmatch|CaptureTheFlag|Keepaway|Conquest|ZoneControl"
			},
			{
				"Position": "-17.625 24.0",
				"Size": "0.25 0.25",
				"Mask": "Weapon4"
			},
			{
				"Position": "17.0 23.75",
				"Size": "0.25 0.25",
				"Mask": "Weapon3"
			},
			{
				"Position": "0.0 4.5",
				"Size": "0.25 0.25",
				"Mask": "Weapon5"
			},
			{
				"Position": "-14.75 23.5",
				"Size": "0.25 0.25",
				"Mask": "Weapon2"
			},
			{
				"Position": "14.75 23.5",
				"Size": "0.25 0.25",
				"Mask": "Weapon1"
			},
			{
				"Position": "3.5 23.25",
				"Size": "0.25 0.25",
				"Mask": "Weapon0"
			},
			{
				"Position": "-3.5 23.25",
				"Size": "0.25 0.25",
				"Mask": "Weapon0"
			},
			{
				"Position": "-7.125 17.75",
				"Size": "0.25 0.25",
				"Mask": "Weapon2"
			},
			{
				"Position": "7.125 17.75",
				"Size": "0.25 0.25",
				"Mask": "Weapon1"
			},
			{
				"Position": "11.5 16.75",
				"Size": "0.25 0.25",
				"Mask": "Weapon0"
			},
			{
				"Position": "-11.5 16.75",
				"Size": "0.25 0.25",
				"Mask": "Weapon0"
			},
			{
				"Position": "-15.0 11.25",
				"Size": "0.25 0.25",
				"Mask": "Weapon4"
			},
			{
				"Position": "15.0 11.25",
				"Size": "0.25 0.25",
				"Mask": "Weapon3"
			},
			{
				"Position": "11.5 10.0",
				"Size": "0.25 0.25",
				"Mask": "Weapon1"
			},
			{
				"Position": "-11.5 10.0",
				"Size": "0.25 0.25",
				"Mask": "Weapon0"
			},
			{
				"Position": "-4.25 3.75",
				"Size": "0.25 0.25",
				"Mask": "Weapon2"
			},
			{
				"Position": "4.25 3.75",
				"Size": "0.25 0.25",
				"Mask": "Weapon3"
			},
			{
				"Position": "9.5 2.25",
				"Size": "0.25 0.25",
				"Mask": "Weapon0"
			},
			{
				"Position": "-9.5 2.25",
				"Size": "0.25 0.25",
				"Mask": "Weapon1"
			},
			{
				"Position": "0.0 15.0",
				"Size": "0.25 0.25",
				"Mask": "Objective|GreenTeam|CaptureTheFlag|Keepaway"
			},
			{
				"Position": "0.0 20.0",
				"Size": "0.25 0.25",
				"Mask": "Objective|BlueTeam|CaptureTheFlag|Keepaway"
			},
			{
				"Position": "0.0 7.5",
				"Size": "0.25 0.25",
				"Mask": "Objective|YellowTeam|CaptureTheFlag|Keepaway"
			},
			{
				"Position": "0.0 1.25",
				"Size": "0.25 0.25",
				"Mask": "Objective|RedTeam|CaptureTheFlag|Keepaway"
			},
			{
				"Position": "0.0 4.75",
				"Size": "4.5 1.0",
				"Mask": "Objective|ZoneControl"
			},
			{
				"Position": "-15.0 11.5",
				"Size": "1.5 1.0",
				"Mask": "Objective|ZoneControl"
			},
			{
				"Position": "15.0 11.5",
				"Size": "1.5 1.0",
				"Mask": "Objective|ZoneControl"
			},
			{
				"Position": "-7.125 18.0",
				"Size": "3.25 1.0",
				"Mask": "Objective|ZoneControl"
			},
			{
				"Position": "7.125 18.0",
				"Size": "3.25 1.0",
				"Mask": "Objective|ZoneControl"
			},
			{
				"Position": "4.0 23.500002",
				"Size": "3.0 1.0",
				"Mask": "Objective|ZoneControl"
			},
			{
				"Position": "-4.0 23.5",
				"Size": "3.0 1.0",
				"Mask": "Objective|ZoneControl"
			},
			{
				"Position": "0.0 4.25",
				"Size": "0.25 0.25",
				"Mask": "Objective|RedTeam|BlueTeam|GreenTeam|YellowTeam|FreeForAll|Race"
			},
			{
				"Position": "0.0 7.5",
				"Size": "0.25 0.25",
				"Mask": "Objective|RedTeam|BlueTeam|GreenTeam|YellowTeam|FreeForAll|Race"
			},
			{
				"Position": "0.0 15.0",
				"Size": "0.25 0.25",
				"Mask": "Objective|RedTeam|BlueTeam|GreenTeam|YellowTeam|FreeForAll|Race"
			},
			{
				"Position": "0.0 20.0",
				"Size": "0.25 0.25",
				"Mask": "Objective|RedTeam|BlueTeam|GreenTeam|YellowTeam|FreeForAll|Race"
			},
			{
				"Position": "0.0 1.25",
				"Size": "0.25 0.25",
				"Mask": "Objective|RedTeam|BlueTeam|GreenTeam|YellowTeam|FreeForAll|Race"
			},
			{
				"Position": "0.25 1.75",
				"Size": "0.25 0.25",
				"Mask": "Player|RedTeam|BlueTeam|GreenTeam|YellowTeam|FreeForAll|Race"
			},
			{
				"Position": "-0.75 2.0",
				"Size": "0.25 0.25",
				"Flipped": true,
				"Mask": "Player|RedTeam|BlueTeam|GreenTeam|YellowTeam|FreeForAll|Race"
			},
			{
				"Position": "-1.25 2.25",
				"Size": "0.25 0.25",
				"Flipped": true,
				"Mask": "Player|RedTeam|BlueTeam|GreenTeam|YellowTeam|FreeForAll|Race"
			},
			{
				"Position": "-1.75 2.5",
				"Size": "0.25 0.25",
				"Flipped": true,
				"Mask": "Player|RedTeam|BlueTeam|GreenTeam|YellowTeam|FreeForAll|Race"
			},
			{
				"Position": "0.75 2.0",
				"Size": "0.25 0.25",
				"Mask": "Player|RedTeam|BlueTeam|GreenTeam|YellowTeam|FreeForAll|Race"
			},
			{
				"Position": "1.75 2.5",
				"Size": "0.25 0.25",
				"Mask": "Player|RedTeam|BlueTeam|GreenTeam|YellowTeam|FreeForAll|Race"
			},
			{
				"Position": "-2.25 2.75",
				"Size": "0.25 0.25",
				"Flipped": true,
				"Mask": "Player|RedTeam|BlueTeam|GreenTeam|YellowTeam|FreeForAll|Race"
			},
			{
				"Position": "2.25 2.75",
				"Size": "0.25 0.25",
				"Mask": "Player|RedTeam|BlueTeam|GreenTeam|YellowTeam|FreeForAll|Race"
			},
			{
				"Position": "-2.25 2.25",
				"Size": "0.25 0.25",
				"Flipped": true,
				"Mask": "Player|RedTeam|BlueTeam|GreenTeam|YellowTeam|FreeForAll|Race"
			},
			{
				"Position": "-1.75 2.0",
				"Size": "0.25 0.25",
				"Flipped": true,
				"Mask": "Player|RedTeam|BlueTeam|GreenTeam|YellowTeam|FreeForAll|Race"
			},
			{
				"Position": "2.25 2.25",
				"Size": "0.25 0.25",
				"Mask": "Player|RedTeam|BlueTeam|GreenTeam|YellowTeam|FreeForAll|Race"
			},
			{
				"Position": "1.75 2.0",
				"Size": "0.25 0.25",
				"Mask": "Player|RedTeam|BlueTeam|GreenTeam|YellowTeam|FreeForAll|Race"
			},
			{
				"Position": "2.75 2.75",
				"Size": "0.25 0.25",
				"Mask": "Player|RedTeam|BlueTeam|GreenTeam|YellowTeam|FreeForAll|Race"
			},
			{
				"Position": "2.75 2.25",
				"Size": "0.25 0.25",
				"Mask": "Player|RedTeam|BlueTeam|GreenTeam|YellowTeam|FreeForAll|Race"
			},
			{
				"Position": "-2.75 2.75",
				"Size": "0.25 0.25",
				"Flipped": true,
				"Mask": "Player|RedTeam|BlueTeam|GreenTeam|YellowTeam|FreeForAll|Race"
			},
			{
				"Position": "-2.75 2.25",
				"Size": "0.25 0.25",
				"Flipped": true,
				"Mask": "Player|RedTeam|BlueTeam|GreenTeam|YellowTeam|FreeForAll|Race"
			}
		],
		"Entities": {
			"Platforms": [
				{
					"Position": "-17.0 -0.75",
					"Size": "12.25 1.75"
				},
				{
					"Position": "-20.5 -0.75",
					"Size": "1.5 27.0"
				},
				{
					"Position": "-15.75 6.25",
					"Size": "9.0 1.0"
				},
				{
					"Position": "-15.75 12.5",
					"Size": "13.5 1.0"
				},
				{
					"Position": "-15.75 18.75",
					"Size": "11.0 1.0"
				},
				{
					"Position": "-15.75 25.25",
					"Size": "31.5 1.0"
				},
				{
					"Position": "-16.25 2.75",
					"Size": "0.5 4.5"
				},
				{
					"Position": "19.0 -0.75",
					"Size": "1.5 27.0"
				},
				{
					"Position": "15.750001 3.0",
					"Size": "0.5 4.25"
				},
				{
					"Position": "17.5 8.0",
					"Size": "1.5 0.25",
					"OneWay": true
				},
				{
					"Position": "16.25 9.25",
					"Size": "2.75 0.25",
					"OneWay": true
				},
				{
					"Position": "16.25 10.462634",
					"Size": "2.75 0.25",
					"OneWay": true
				},
				{
					"Position": "16.25 11.760354",
					"Size": "2.75 0.25",
					"OneWay": true
				},
				{
					"Position": "16.25 6.730433",
					"Size": "2.75 0.25",
					"OneWay": true
				},
				{
					"Position": "-12.25 8.25",
					"Size": "1.5 1.5",
					"OneWay": true
				},
				{
					"Position": "-17.25 10.75",
					"Size": "1.0 0.75",
					"OneWay": true
				},
				{
					"Position": "-19.0 6.75",
					"Size": "2.75 0.25",
					"OneWay": true
				},
				{
					"Position": "-17.75 10.25",
					"Size": "1.5 0.75",
					"OneWay": true
				},
				{
					"Position": "-19.0 7.0",
					"Size": "2.75 0.75",
					"OneWay": true
				},
				{
					"Position": "-16.25 9.0",
					"Size": "0.5 4.5"
				},
				{
					"Position": "-18.25 10.0",
					"Size": "2.0 0.5",
					"OneWay": true
				},
				{
					"Position": "15.75 9.0",
					"Size": "0.5 4.5"
				},
				{
					"Position": "18.5 22.0",
					"Size": "0.5 0.25"
				},
				{
					"Position": "-15.75 10.5",
					"Size": "1.5 0.5"
				},
				{
					"Position": "-16.75 11.25",
					"Size": "0.5 0.75",
					"OneWay": true
				},
				{
					"Position": "-19.0 13.0",
					"Size": "2.75 0.25",
					"OneWay": true
				},
				{
					"Position": "-16.25 15.5",
					"Size": "0.5 4.25"
				},
				{
					"Position": "15.75 15.75",
					"Size": "0.5 4.0"
				},
				{
					"Position": "-16.25 21.5",
					"Size": "0.5 4.75"
				},
				{
					"Position": "15.75 22.0",
					"Size": "0.5 4.25"
				},
				{
					"Position": "-19.0 25.25",
					"Size": "2.75 1.0"
				},
				{
					"Position": "16.25 25.25",
					"Size": "2.75 1.0"
				},
				{
					"Position": "-18.25 15.5",
					"Size": "1.25 1.5",
					"OneWay": true
				},
				{
					"Position": "-19.0 -0.75",
					"Size": "0.5 3.75"
				},
				{
					"Position": "-18.5 -0.75",
					"Size": "0.5 3.25"
				},
				{
					"Position": "-18.0 -0.75",
					"Size": "0.5 2.75"
				},
				{
					"Position": "-17.5 -0.75",
					"Size": "0.5 2.25"
				},
				{
					"Position": "-18.0 16.75",
					"Size": "0.75 1.5",
					"OneWay": true
				},
				{
					"Position": "17.25 20.75",
					"Size": "0.5 0.25"
				},
				{
					"Position": "-19.0 19.25",
					"Size": "2.75 0.25",
					"OneWay": true
				},
				{
					"Position": "-19.0 22.0",
					"Size": "2.75 0.25",
					"OneWay": true
				},
				{
					"Position": "-19.0 20.5",
					"Size": "1.5 0.5"
				},
				{
					"Position": "18.5 14.75",
					"Size": "0.25 1.75"
				},
				{
					"Position": "18.0 14.75",
					"Size": "0.25 1.25"
				},
				{
					"Position": "17.5 14.75",
					"Size": "0.25 0.75"
				},
				{
					"Position": "17.0 14.75",
					"Size": "0.25 0.25"
				},
				{
					"Position": "18.0 17.75",
					"Size": "0.25 0.25"
				},
				{
					"Position": "17.5 17.75",
					"Size": "0.25 0.75"
				},
				{
					"Position": "17.0 17.75",
					"Size": "0.25 1.25"
				},
				{
					"Position": "16.5 17.75",
					"Size": "0.25 1.75"
				},
				{
					"Position": "16.25 17.75",
					"Size": "0.25 2.0"
				},
				{
					"Position": "16.75 17.75",
					"Size": "0.25 1.5"
				},
				{
					"Position": "17.25 17.75",
					"Size": "0.25 1.0"
				},
				{
					"Position": "17.75 17.75",
					"Size": "0.25 0.5"
				},
				{
					"Position": "18.75 14.75",
					"Size": "0.25 2.0"
				},
				{
					"Position": "18.25 14.75",
					"Size": "0.25 1.5"
				},
				{
					"Position": "17.75 14.75",
					"Size": "0.25 1.0"
				},
				{
					"Position": "17.25 14.75",
					"Size": "0.25 0.5"
				},
				{
					"Position": "16.25 1.0",
					"Size": "2.75 1.0",
					"OneWay": true
				},
				{
					"Position": "16.75 1.75",
					"Size": "2.25 1.5",
					"OneWay": true
				},
				{
					"Position": "17.25 3.0",
					"Size": "1.75 1.5",
					"OneWay": true
				},
				{
					"Position": "17.75 4.25",
					"Size": "1.25 1.5",
					"OneWay": true
				},
				{
					"Position": "16.25 13.0",
					"Size": "2.75 0.25",
					"OneWay": true
				},
				{
					"Position": "-18.25 4.0",
					"Size": "0.5 0.25"
				},
				{
					"Position": "-17.75 4.0",
					"Size": "0.5 0.75"
				},
				{
					"Position": "-17.25 4.0",
					"Size": "0.5 1.25"
				},
				{
					"Position": "-16.75 4.0",
					"Size": "0.5 1.75"
				},
				{
					"Position": "-19.0 7.5",
					"Size": "2.0 0.75",
					"OneWay": true
				},
				{
					"Position": "-19.0 8.0",
					"Size": "1.5 0.75",
					"OneWay": true
				},
				{
					"Position": "-19.0 8.5",
					"Size": "1.0 0.75",
					"OneWay": true
				},
				{
					"Position": "-19.0 13.25",
					"Size": "2.75 1.25",
					"OneWay": true
				},
				{
					"Position": "-18.5 14.25",
					"Size": "1.75 1.5",
					"OneWay": true
				},
				{
					"Position": "16.25 23.25",
					"Size": "1.5 0.25",
					"QuietZone": true
				},
				{
					"Position": "-18.25 23.5",
					"Size": "1.25 0.25",
					"OneWay": true,
					"QuietZone": true
				},
				{
					"Position": "-14.0 1.0",
					"Size": "4.0 2.0",
					"OneWay": true
				},
				{
					"Position": "-11.25 1.0",
					"Size": "3.25 1.0",
					"OneWay": true
				},
				{
					"Position": "-9.0 4.0",
					"Size": "2.75 0.25",
					"OneWay": true
				},
				{
					"Position": "-2.25 1.0",
					"Size": "4.5 3.25",
					"OneWay": true
				},
				{
					"Position": "-0.75 1.0",
					"Size": "1.5 0.25",
					"OneWay": true
				},
				{
					"Position": "-5.25 3.0",
					"Size": "2.0 0.5",
					"OneWay": true
				},
				{
					"Position": "10.0 1.0",
					"Size": "4.0 2.0",
					"OneWay": true
				},
				{
					"Position": "8.0 1.0",
					"Size": "3.25 1.0",
					"OneWay": true
				},
				{
					"Position": "6.25 4.0",
					"Size": "2.75 0.25",
					"OneWay": true
				},
				{
					"Position": "3.25 3.0",
					"Size": "2.0 0.5",
					"OneWay": true
				},
				{
					"Position": "-0.75 7.25",
					"Size": "1.5 0.25",
					"OneWay": true
				},
				{
					"Position": "-0.75 14.75",
					"Size": "1.5 0.25",
					"OneWay": true
				},
				{
					"Position": "-0.75 19.75",
					"Size": "1.5 0.25",
					"OneWay": true
				},
				{
					"Position": "-13.0 7.25",
					"Size": "3.0 1.25",
					"OneWay": true
				},
				{
					"Position": "-6.75 6.25",
					"Size": "2.25 1.5"
				},
				{
					"Position": "-4.5 6.25",
					"Size": "2.0 2.0"
				},
				{
					"Position": "-2.5 6.25",
					"Size": "5.0 1.0",
					"HotZone": true
				},
				{
					"Position": "2.5 6.25",
					"Size": "2.0 2.0"
				},
				{
					"Position": "4.5 6.25",
					"Size": "2.25 1.5"
				},
				{
					"Position": "6.75 6.25",
					"Size": "9.0 1.0"
				},
				{
					"Position": "10.0 7.25",
					"Size": "3.0 1.25",
					"OneWay": true
				},
				{
					"Position": "10.75 8.25",
					"Size": "1.5 1.5",
					"OneWay": true
				},
				{
					"Position": "14.25 10.5",
					"Size": "1.5 0.5"
				},
				{
					"Position": "4.75 -0.75",
					"Size": "12.25 1.75"
				},
				{
					"Position": "17.0 -0.75",
					"Size": "2.0 1.75"
				},
				{
					"Position": "-4.75 -0.75",
					"Size": "9.5 1.75",
					"HotZone": true
				},
				{
					"Position": "-2.5 22.0",
					"Size": "5.0 3.25"
				},
				{
					"Position": "-5.5 22.0",
					"Size": "3.0 1.0"
				},
				{
					"Position": "-2.25 12.5",
					"Size": "4.5 2.25",
					"HotZone": true
				},
				{
					"Position": "2.25 12.5",
					"Size": "13.5 1.0"
				},
				{
					"Position": "-4.25 13.5",
					"Size": "2.0 0.75",
					"OneWay": true
				},
				{
					"Position": "2.25 13.5",
					"Size": "2.0 0.75",
					"OneWay": true
				},
				{
					"Position": "-8.5 13.5",
					"Size": "2.75 2.0",
					"OneWay": true
				},
				{
					"Position": "5.75 13.5",
					"Size": "2.75 2.0",
					"OneWay": true
				},
				{
					"Position": "-13.0 13.5",
					"Size": "3.0 3.0",
					"OneWay": true
				},
				{
					"Position": "10.0 13.5",
					"Size": "3.0 3.0",
					"OneWay": true
				},
				{
					"Position": "-8.75 17.0",
					"Size": "3.25 0.5",
					"OneWay": true
				},
				{
					"Position": "5.5 17.0",
					"Size": "3.25 0.5",
					"OneWay": true
				},
				{
					"Position": "2.5 22.0",
					"Size": "3.0 1.0"
				},
				{
					"Position": "-11.25 19.75",
					"Size": "3.75 2.5",
					"OneWay": true
				},
				{
					"Position": "-13.25 19.75",
					"Size": "4.0 1.25",
					"OneWay": true
				},
				{
					"Position": "13.5 22.0",
					"Size": "2.25 1.25"
				},
				{
					"Position": "9.25 19.75",
					"Size": "4.0 1.25",
					"OneWay": true
				},
				{
					"Position": "7.5 19.75",
					"Size": "3.75 2.5",
					"OneWay": true
				},
				{
					"Position": "-15.75 22.0",
					"Size": "2.25 1.25"
				},
				{
					"Position": "4.75 18.75",
					"Size": "11.0 1.0"
				},
				{
					"Position": "-4.75 18.75",
					"Size": "9.5 1.0",
					"HotZone": true
				}
			]
		},
		"Backgrounds": []
	},
	"PreviewArea": "-6.900001 0.5 7.99997 4.5",
	"PreviewPlatforms": [
		"-9.0 4.0 2.75 0.25",
		"-5.25 3.0 2.0 0.5",
		"-2.25 1.0 4.5 3.25",
		"-0.75 1.0 1.5 0.25",
		"-4.75 -0.75 9.5 1.75",
		"-17.0 -0.75 12.25 1.75"
	]
}