{
	"DisplayName": "CAVES",
	"Description": "UNLESS YOU PICK A DIFFERENT THEME, THEN IT'S JUST A WEIRD SKY MAZE",
	"SupportedTeams": 4,
	"IsChallenge": false,
	"PreviewArea": "-10.50001 2.5 17.000004 10.000004",
	"PreviewPlatforms": [
		"-9.0 1.5 18.0 2.75",
		"-11.25 1.5 2.25 1.75",
		"6.0 4.25 2.25 1.25",
		"5.25 4.25 1.75 2.5",
		"1.5 6.25 2.5 1.5",
		"-3.5 6.25 5.0 2.5",
		"-5.75 6.25 2.25 3.75",
		"-9.5 6.25 3.75 0.5",
		"-9.5 7.75 5.0 4.0",
		"-9.5 6.75 3.75 1.25",
		"-13.5 6.25 4.0 11.0",
		"-0.5 12.25 10.0 2.0",
		"-3.0 12.25 2.5 0.75",
		"-9.5 9.0 1.0 1.5",
		"-9.5 7.75 2.0 1.5"
	],
	"Level": {
		"WorldBounds": "-40.0 0.0 80.0 30.0",
		"SpawnPoints": [
			{
				"Position": "-27.0 5.75",
				"Mask": "Player|RedTeam|FreeForAll|Deathmatch|CaptureTheFlag|Keepaway|Conquest|ZoneControl"
			},
			{
				"Position": "-15.75 8.25",
				"Mask": "Objective|RedTeam|CaptureTheFlag"
			},
			{
				"Position": "15.75 8.25",
				"Mask": "Objective|BlueTeam|CaptureTheFlag"
			},
			{
				"Position": "-3.25 25.25",
				"Mask": "Objective|GreenTeam|CaptureTheFlag"
			},
			{
				"Position": "3.25 25.25",
				"Mask": "Objective|YellowTeam|CaptureTheFlag"
			},
			{
				"Position": "-14.0 8.25",
				"Size": "0.25 0.254",
				"Flipped": true,
				"Mask": "Player|RedTeam|FreeForAll|Deathmatch|CaptureTheFlag|Keepaway|Conquest|ZoneControl"
			},
			{
				"Position": "-17.5 8.25",
				"Flipped": true,
				"Mask": "Player|RedTeam|Deathmatch|CaptureTheFlag|Keepaway|Conquest|ZoneControl"
			},
			{
				"Position": "-15.25 8.75",
				"Flipped": true,
				"Mask": "Player|RedTeam|Deathmatch|CaptureTheFlag|Keepaway|Conquest|ZoneControl"
			},
			{
				"Position": "-16.25 8.75",
				"Flipped": true,
				"Mask": "Player|RedTeam|Deathmatch|CaptureTheFlag|Keepaway|Conquest|ZoneControl"
			},
			{
				"Position": "-19.0 7.25",
				"Flipped": true,
				"Mask": "Player|RedTeam|Deathmatch|CaptureTheFlag|Keepaway|Conquest|ZoneControl"
			},
			{
				"Position": "-28.25 5.75",
				"Mask": "Player|RedTeam|Deathmatch|CaptureTheFlag|Keepaway|Conquest|ZoneControl"
			},
			{
				"Position": "-25.75 5.75",
				"Mask": "Player|RedTeam|Deathmatch|CaptureTheFlag|Keepaway|Conquest|ZoneControl"
			},
			{
				"Position": "-19.0 4.5",
				"Flipped": true,
				"Mask": "Player|RedTeam|Deathmatch|CaptureTheFlag|Keepaway|Conquest|ZoneControl"
			},
			{
				"Position": "-20.0 4.5",
				"Flipped": true,
				"Mask": "Player|RedTeam|Deathmatch|CaptureTheFlag|Keepaway|Conquest|ZoneControl"
			},
			{
				"Position": "-29.5 5.75",
				"Size": "0.25 0.245",
				"Mask": "Player|RedTeam|FreeForAll|Deathmatch|CaptureTheFlag|Keepaway|Conquest|ZoneControl"
			},
			{
				"Position": "-24.5 5.75",
				"Mask": "Player|RedTeam|Deathmatch|CaptureTheFlag|Keepaway|Conquest|ZoneControl"
			},
			{
				"Position": "-19.5 3.25",
				"Size": "0.25 0.25",
				"Flipped": true,
				"Mask": "Player|RedTeam|FreeForAll|Deathmatch|CaptureTheFlag|Keepaway|Conquest|ZoneControl"
			},
			{
				"Position": "-20.75 2.0",
				"Flipped": true,
				"Mask": "Player|RedTeam|Deathmatch|CaptureTheFlag|Keepaway|Conquest|ZoneControl"
			},
			{
				"Position": "-18.25 2.0",
				"Flipped": true,
				"Mask": "Player|RedTeam|Deathmatch|CaptureTheFlag|Keepaway|Conquest|ZoneControl"
			},
			{
				"Position": "-23.25 5.75",
				"Mask": "Player|RedTeam|Deathmatch|CaptureTheFlag|Keepaway|Conquest|ZoneControl"
			},
			{
				"Position": "-1.5 25.25",
				"Size": "0.25 0.25",
				"Flipped": true,
				"Mask": "Player|GreenTeam|FreeForAll|Deathmatch|CaptureTheFlag|Keepaway|Conquest|ZoneControl"
			},
			{
				"Position": "-2.75 25.5",
				"Flipped": true,
				"Mask": "Player|GreenTeam|Deathmatch|CaptureTheFlag|Keepaway|Conquest|ZoneControl"
			},
			{
				"Position": "-3.75 25.5",
				"Flipped": true,
				"Mask": "Player|GreenTeam|Deathmatch|CaptureTheFlag|Keepaway|Conquest|ZoneControl"
			},
			{
				"Position": "-5.0 25.25",
				"Flipped": true,
				"Mask": "Player|GreenTeam|Deathmatch|CaptureTheFlag|Keepaway|Conquest|ZoneControl"
			},
			{
				"Position": "-17.25 28.0",
				"Size": "0.25 0.25",
				"Flipped": true,
				"Mask": "Player|GreenTeam|FreeForAll|Deathmatch|CaptureTheFlag|Keepaway|Conquest|ZoneControl"
			},
			{
				"Position": "-18.75 28.0",
				"Size": "0.25 0.25",
				"Flipped": true,
				"Mask": "Player|GreenTeam|Deathmatch|CaptureTheFlag|Keepaway|Conquest|ZoneControl"
			},
			{
				"Position": "-15.75 28.0",
				"Size": "0.25 0.25",
				"Flipped": true,
				"Mask": "Player|GreenTeam|Deathmatch|CaptureTheFlag|Keepaway|Conquest|ZoneControl"
			},
			{
				"Position": "-18.0 26.75",
				"Size": "0.25 0.25",
				"Flipped": true,
				"Mask": "Player|GreenTeam|Deathmatch|CaptureTheFlag|Keepaway|Conquest|ZoneControl"
			},
			{
				"Position": "-16.500439 26.75",
				"Size": "0.25 0.25",
				"Flipped": true,
				"Mask": "Player|GreenTeam|Deathmatch|CaptureTheFlag|Keepaway|Conquest|ZoneControl"
			},
			{
				"Position": "-38.75 25.25",
				"Mask": "Player|GreenTeam|Deathmatch|CaptureTheFlag|Keepaway|Conquest|ZoneControl"
			},
			{
				"Position": "-37.25 25.25",
				"Size": "0.25 0.25",
				"Mask": "Player|GreenTeam|FreeForAll|Deathmatch|CaptureTheFlag|Keepaway|Conquest|ZoneControl"
			},
			{
				"Position": "-35.75 25.25",
				"Mask": "Player|GreenTeam|Deathmatch|CaptureTheFlag|Keepaway|Conquest|ZoneControl"
			},
			{
				"Position": "-18.0 25.25",
				"Mask": "Player|GreenTeam|Deathmatch|CaptureTheFlag|Keepaway|Conquest|ZoneControl"
			},
			{
				"Position": "-16.5 25.25",
				"Mask": "Player|GreenTeam|Deathmatch|CaptureTheFlag|Keepaway|Conquest|ZoneControl"
			},
			{
				"Position": "-15.25 25.25",
				"Mask": "Player|GreenTeam|Deathmatch|CaptureTheFlag|Keepaway|Conquest|ZoneControl"
			},
			{
				"Position": "-19.5 25.25",
				"Flipped": true,
				"Mask": "Player|GreenTeam|Deathmatch|CaptureTheFlag|Keepaway|Conquest|ZoneControl"
			},
			{
				"Position": "14.0 8.25",
				"Size": "0.25 0.25",
				"Mask": "Player|BlueTeam|FreeForAll|Deathmatch|CaptureTheFlag|Keepaway|Conquest|ZoneControl"
			},
			{
				"Position": "15.25 8.75",
				"Size": "0.25 0.25",
				"Mask": "Player|BlueTeam|Deathmatch|CaptureTheFlag|Keepaway|Conquest|ZoneControl"
			},
			{
				"Position": "16.25 8.75",
				"Size": "0.25 0.25",
				"Mask": "Player|BlueTeam|Deathmatch|CaptureTheFlag|Keepaway|Conquest|ZoneControl"
			},
			{
				"Position": "17.5 8.25",
				"Size": "0.25 0.25",
				"Mask": "Player|BlueTeam|Deathmatch|CaptureTheFlag|Keepaway|Conquest|ZoneControl"
			},
			{
				"Position": "19.0 7.25",
				"Size": "0.25 0.25",
				"Mask": "Player|BlueTeam|Deathmatch|CaptureTheFlag|Keepaway|Conquest|ZoneControl"
			},
			{
				"Position": "19.0 4.5",
				"Size": "0.25 0.25",
				"Mask": "Player|BlueTeam|Deathmatch|CaptureTheFlag|Keepaway|Conquest|ZoneControl"
			},
			{
				"Position": "20.0 4.5",
				"Size": "0.25 0.25",
				"Mask": "Player|BlueTeam|Deathmatch|CaptureTheFlag|Keepaway|Conquest|ZoneControl"
			},
			{
				"Position": "19.5 3.25",
				"Size": "0.25 0.25",
				"Mask": "Player|BlueTeam|FreeForAll|Deathmatch|CaptureTheFlag|Keepaway|Conquest|ZoneControl"
			},
			{
				"Position": "18.25 2.0",
				"Size": "0.25 0.25",
				"Mask": "Player|BlueTeam|Deathmatch|CaptureTheFlag|Keepaway|Conquest|ZoneControl"
			},
			{
				"Position": "20.75 2.0",
				"Size": "0.25 0.25",
				"Mask": "Player|BlueTeam|Deathmatch|CaptureTheFlag|Keepaway|Conquest|ZoneControl"
			},
			{
				"Position": "29.5 5.75",
				"Size": "0.25 0.25",
				"Flipped": true,
				"Mask": "Player|BlueTeam|FreeForAll|Deathmatch|CaptureTheFlag|Keepaway|Conquest|ZoneControl"
			},
			{
				"Position": "28.25 5.75",
				"Size": "0.25 0.25",
				"Flipped": true,
				"Mask": "Player|BlueTeam|Deathmatch|CaptureTheFlag|Keepaway|Conquest|ZoneControl"
			},
			{
				"Position": "27.0 5.75",
				"Size": "0.25 0.25",
				"Flipped": true,
				"Mask": "Player|BlueTeam|Deathmatch|CaptureTheFlag|Keepaway|Conquest|ZoneControl"
			},
			{
				"Position": "25.75 5.75",
				"Size": "0.25 0.25",
				"Flipped": true,
				"Mask": "Player|BlueTeam|Deathmatch|CaptureTheFlag|Keepaway|Conquest|ZoneControl"
			},
			{
				"Position": "24.5 5.75",
				"Size": "0.25 0.25",
				"Flipped": true,
				"Mask": "Player|BlueTeam|Deathmatch|CaptureTheFlag|Keepaway|Conquest|ZoneControl"
			},
			{
				"Position": "38.75 25.25",
				"Size": "0.25 0.25",
				"Flipped": true,
				"Mask": "Player|YellowTeam|Deathmatch|CaptureTheFlag|Keepaway|Conquest|ZoneControl"
			},
			{
				"Position": "37.25 25.25",
				"Size": "0.25 0.25",
				"Flipped": true,
				"Mask": "Player|YellowTeam|FreeForAll|Deathmatch|CaptureTheFlag|Keepaway|Conquest|ZoneControl"
			},
			{
				"Position": "35.75 25.25",
				"Size": "0.25 0.25",
				"Flipped": true,
				"Mask": "Player|YellowTeam|Deathmatch|CaptureTheFlag|Keepaway|Conquest|ZoneControl"
			},
			{
				"Position": "1.5 25.25",
				"Size": "0.25 0.25",
				"Mask": "Player|YellowTeam|FreeForAll|Deathmatch|CaptureTheFlag|Keepaway|Conquest|ZoneControl"
			},
			{
				"Position": "2.75 25.75",
				"Size": "0.25 0.25",
				"Mask": "Player|YellowTeam|Deathmatch|CaptureTheFlag|Keepaway|Conquest|ZoneControl"
			},
			{
				"Position": "3.75 25.75",
				"Size": "0.25 0.25",
				"Mask": "Player|YellowTeam|Deathmatch|CaptureTheFlag|Keepaway|Conquest|ZoneControl"
			},
			{
				"Position": "5.0 25.25",
				"Size": "0.25 0.25",
				"Mask": "Player|YellowTeam|Deathmatch|CaptureTheFlag|Keepaway|Conquest|ZoneControl"
			},
			{
				"Position": "17.25 28.0",
				"Size": "0.25 0.25",
				"Mask": "Player|YellowTeam|FreeForAll|Deathmatch|CaptureTheFlag|Keepaway|Conquest|ZoneControl"
			},
			{
				"Position": "15.75 28.0",
				"Size": "0.25 0.25",
				"Mask": "Player|YellowTeam|Deathmatch|CaptureTheFlag|Keepaway|Conquest|ZoneControl"
			},
			{
				"Position": "18.75 28.0",
				"Size": "0.25 0.25",
				"Mask": "Player|YellowTeam|Deathmatch|CaptureTheFlag|Keepaway|Conquest|ZoneControl"
			},
			{
				"Position": "18.0 26.75",
				"Size": "0.25 0.25",
				"Mask": "Player|YellowTeam|Deathmatch|CaptureTheFlag|Keepaway|Conquest|ZoneControl"
			},
			{
				"Position": "16.5 26.75",
				"Size": "0.25 0.25",
				"Mask": "Player|YellowTeam|Deathmatch|CaptureTheFlag|Keepaway|Conquest|ZoneControl"
			},
			{
				"Position": "16.5 25.25",
				"Size": "0.25 0.25",
				"Mask": "Player|YellowTeam|Deathmatch|CaptureTheFlag|Keepaway|Conquest|ZoneControl"
			},
			{
				"Position": "18.0 25.25",
				"Size": "0.25 0.25",
				"Mask": "Player|YellowTeam|Deathmatch|CaptureTheFlag|Keepaway|Conquest|ZoneControl"
			},
			{
				"Position": "19.5 25.25",
				"Size": "0.25 0.25",
				"Mask": "Player|YellowTeam|Deathmatch|CaptureTheFlag|Keepaway|Conquest|ZoneControl"
			},
			{
				"Position": "15.0 25.25",
				"Size": "0.25 0.25",
				"Mask": "Player|YellowTeam|Deathmatch|CaptureTheFlag|Keepaway|Conquest|ZoneControl"
			},
			{
				"Position": "-29.5 23.75",
				"Size": "0.25 0.25",
				"Mask": "Weapon0"
			},
			{
				"Position": "-32.25 15.75",
				"Size": "0.25 0.25",
				"Mask": "Weapon1"
			},
			{
				"Position": "1.25 18.5",
				"Size": "0.25 0.25",
				"Mask": "Weapon5"
			},
			{
				"Position": "-14.25 14.5",
				"Size": "0.25 0.25",
				"Mask": "Weapon0"
			},
			{
				"Position": "14.25 14.75",
				"Size": "0.25 0.25",
				"Mask": "Weapon0"
			},
			{
				"Position": "8.75 17.0",
				"Size": "0.25 0.25",
				"Mask": "Weapon4"
			},
			{
				"Position": "29.5 23.75",
				"Size": "0.25 0.25",
				"Mask": "Weapon0"
			},
			{
				"Position": "32.25 15.75",
				"Size": "0.25 0.25",
				"Mask": "Weapon1"
			},
			{
				"Position": "-8.75 7.0",
				"Size": "0.25 0.25",
				"Mask": "Weapon3"
			},
			{
				"Position": "9.0 8.0",
				"Size": "0.25 0.25",
				"Mask": "Weapon2"
			},
			{
				"Position": "19.5 1.75",
				"Size": "0.25 0.25",
				"Mask": "Weapon0"
			},
			{
				"Position": "-19.5 1.75",
				"Size": "0.25 0.25",
				"Mask": "Weapon0"
			},
			{
				"Position": "-33.0 8.0",
				"Size": "0.25 0.25",
				"Mask": "Weapon1"
			},
			{
				"Position": "-38.5 1.75",
				"Size": "0.25 0.25",
				"Mask": "Weapon2"
			},
			{
				"Position": "33.0 8.0",
				"Size": "0.25 0.25",
				"Mask": "Weapon1"
			},
			{
				"Position": "38.5 1.75",
				"Size": "0.25 0.25",
				"Mask": "Weapon2"
			},
			{
				"Position": "27.0 1.75",
				"Size": "0.25 0.25",
				"Mask": "Weapon1"
			},
			{
				"Position": "-27.0 1.75",
				"Size": "0.25 0.25",
				"Mask": "Weapon1"
			},
			{
				"Position": "23.0 5.75",
				"Size": "0.25 0.25",
				"Flipped": true,
				"Mask": "Player|BlueTeam|Deathmatch|CaptureTheFlag|Keepaway|Conquest|ZoneControl"
			},
			{
				"Position": "-37.75 12.5",
				"Size": "0.25 0.25",
				"Mask": "Weapon3"
			},
			{
				"Position": "37.75 12.5",
				"Size": "0.25 0.25",
				"Mask": "Weapon3"
			},
			{
				"Position": "22.25 12.0",
				"Size": "0.25 0.25",
				"Mask": "Weapon2"
			},
			{
				"Position": "-22.25 12.0",
				"Size": "0.25 0.25",
				"Mask": "Weapon2"
			},
			{
				"Position": "-39.25 25.0",
				"Size": "0.25 0.25",
				"Mask": "Weapon4"
			},
			{
				"Position": "39.5 25.0",
				"Size": "0.25 0.25",
				"Mask": "Weapon4"
			},
			{
				"Position": "-13.75 25.0",
				"Size": "0.25 0.25",
				"Mask": "Weapon1"
			},
			{
				"Position": "-21.25 25.0",
				"Size": "0.25 0.25",
				"Mask": "Weapon0"
			},
			{
				"Position": "-7.0 25.0",
				"Size": "0.25 0.25",
				"Mask": "Weapon0"
			},
			{
				"Position": "7.0 25.0",
				"Size": "0.25 0.25",
				"Mask": "Weapon0"
			},
			{
				"Position": "13.5 25.0",
				"Size": "0.25 0.25",
				"Mask": "Weapon1"
			},
			{
				"Position": "21.0 25.0",
				"Size": "0.25 0.25",
				"Mask": "Weapon0"
			},
			{
				"Position": "-7.5 12.25",
				"Size": "0.25 0.25",
				"Mask": "Player|FreeForAll|Deathmatch|CaptureTheFlag|Keepaway|Conquest|ZoneControl"
			},
			{
				"Position": "-2.5 4.75",
				"Size": "0.25 0.25",
				"Mask": "Player|FreeForAll|Deathmatch|CaptureTheFlag|Keepaway|Conquest|ZoneControl"
			},
			{
				"Position": "4.5 14.75",
				"Size": "0.25 0.25",
				"Flipped": true,
				"Mask": "Player|FreeForAll|Deathmatch|CaptureTheFlag|Keepaway|Conquest|ZoneControl"
			},
			{
				"Position": "20.5 20.0",
				"Size": "0.25 0.25",
				"Flipped": true,
				"Mask": "Player|FreeForAll|Deathmatch|CaptureTheFlag|Keepaway|Conquest|ZoneControl"
			},
			{
				"Position": "11.5 19.75",
				"Size": "0.25 0.25",
				"Mask": "Weapon1"
			},
			{
				"Position": "-29.5 24.0",
				"Size": "2.5 1.0",
				"Mask": "Objective|FreeForAll|ZoneControl"
			},
			{
				"Position": "29.5 24.0",
				"Size": "2.5 1.0",
				"Mask": "Objective|FreeForAll|ZoneControl"
			},
			{
				"Position": "1.25 18.248264",
				"Size": "2.5 0.996529",
				"Mask": "Objective|FreeForAll|ZoneControl"
			},
			{
				"Position": "-19.5 4.5",
				"Size": "2.5 1.0",
				"Mask": "Objective|FreeForAll|ZoneControl"
			},
			{
				"Position": "19.5 4.5",
				"Size": "2.5 1.0",
				"Mask": "Objective|FreeForAll|ZoneControl"
			},
			{
				"Position": "1.250419 14.5",
				"Size": "0.25 0.25",
				"Mask": "Objective|FreeForAll|Keepaway"
			},
			{
				"Position": "-38.25 13.75",
				"Size": "0.25 0.25",
				"Mask": "Objective|FreeForAll|Keepaway"
			},
			{
				"Position": "38.25 13.75",
				"Size": "0.25 0.25",
				"Mask": "Objective|FreeForAll|Keepaway"
			},
			{
				"Position": "-17.25 27.5",
				"Size": "0.25 0.25",
				"Mask": "Objective|RedTeam|BlueTeam|GreenTeam|YellowTeam|FreeForAll|Race"
			},
			{
				"Position": "-37.25 2.75",
				"Size": "0.25 0.25",
				"Mask": "Objective|RedTeam|BlueTeam|GreenTeam|YellowTeam|FreeForAll|Race"
			},
			{
				"Position": "6.25 6.75",
				"Size": "0.25 0.25",
				"Mask": "Objective|RedTeam|BlueTeam|GreenTeam|YellowTeam|FreeForAll|Race"
			},
			{
				"Position": "-10.625 18.5",
				"Size": "0.25 0.25",
				"Mask": "Objective|RedTeam|BlueTeam|GreenTeam|YellowTeam|FreeForAll|Race"
			},
			{
				"Position": "33.000408 10.248027",
				"Size": "0.25 0.25",
				"Mask": "Objective|RedTeam|BlueTeam|GreenTeam|YellowTeam|FreeForAll|Race"
			},
			{
				"Position": "17.25 27.5",
				"Size": "0.25 0.25",
				"Mask": "Objective|RedTeam|BlueTeam|GreenTeam|YellowTeam|FreeForAll|Race"
			},
			{
				"Position": "-1.5 25.75",
				"Size": "0.25 0.25",
				"Mask": "Player|RedTeam|BlueTeam|GreenTeam|YellowTeam|FreeForAll|Race"
			},
			{
				"Position": "-2.0 26.0",
				"Size": "0.25 0.25",
				"Mask": "Player|RedTeam|BlueTeam|GreenTeam|YellowTeam|FreeForAll|Race"
			},
			{
				"Position": "-2.5 26.25",
				"Size": "0.25 0.25",
				"Mask": "Player|RedTeam|BlueTeam|GreenTeam|YellowTeam|FreeForAll|Race"
			},
			{
				"Position": "-3.0 26.5",
				"Size": "0.25 0.25",
				"Mask": "Player|RedTeam|BlueTeam|GreenTeam|YellowTeam|FreeForAll|Race"
			},
			{
				"Position": "-3.5 26.75",
				"Size": "0.25 0.25",
				"Mask": "Player|RedTeam|BlueTeam|GreenTeam|YellowTeam|FreeForAll|Race"
			},
			{
				"Position": "-4.0 27.0",
				"Size": "0.25 0.25",
				"Mask": "Player|RedTeam|BlueTeam|GreenTeam|YellowTeam|FreeForAll|Race"
			},
			{
				"Position": "-4.5 27.25",
				"Size": "0.25 0.25",
				"Mask": "Player|RedTeam|BlueTeam|GreenTeam|YellowTeam|FreeForAll|Race"
			},
			{
				"Position": "-5.0 27.5",
				"Size": "0.25 0.25",
				"Mask": "Player|RedTeam|BlueTeam|GreenTeam|YellowTeam|FreeForAll|Race"
			},
			{
				"Position": "-1.75 26.25",
				"Size": "0.25 0.25",
				"Mask": "Player|RedTeam|BlueTeam|GreenTeam|YellowTeam|FreeForAll|Race"
			},
			{
				"Position": "-2.25 26.5",
				"Size": "0.25 0.25",
				"Mask": "Player|RedTeam|BlueTeam|GreenTeam|YellowTeam|FreeForAll|Race"
			},
			{
				"Position": "-2.75 26.75",
				"Size": "0.25 0.25",
				"Mask": "Player|RedTeam|BlueTeam|GreenTeam|YellowTeam|FreeForAll|Race"
			},
			{
				"Position": "-3.25 27.0",
				"Size": "0.25 0.25",
				"Mask": "Player|RedTeam|BlueTeam|GreenTeam|YellowTeam|FreeForAll|Race"
			},
			{
				"Position": "-3.75 27.25",
				"Size": "0.25 0.25",
				"Mask": "Player|RedTeam|BlueTeam|GreenTeam|YellowTeam|FreeForAll|Race"
			},
			{
				"Position": "-4.25 27.5",
				"Size": "0.25 0.25",
				"Mask": "Player|RedTeam|BlueTeam|GreenTeam|YellowTeam|FreeForAll|Race"
			},
			{
				"Position": "-4.75 27.75",
				"Size": "0.25 0.25",
				"Mask": "Player|RedTeam|BlueTeam|GreenTeam|YellowTeam|FreeForAll|Race"
			},
			{
				"Position": "-5.25 28.0",
				"Size": "0.25 0.25",
				"Mask": "Player|RedTeam|BlueTeam|GreenTeam|YellowTeam|FreeForAll|Race"
			}
		],
		"Entities": {
			"Platforms": [
				{
					"Position": "-39.25 -0.25",
					"Size": "25.75 1.75"
				},
				{
					"Position": "-9.0 -0.25",
					"Size": "18.0 4.5"
				},
				{
					"Position": "-13.5 6.25",
					"Size": "4.0 11.0"
				},
				{
					"Position": "9.5 6.25",
					"Size": "4.0 13.25"
				},
				{
					"Position": "-7.75 18.75",
					"Size": "7.25 0.75"
				},
				{
					"Position": "3.0 18.75",
					"Size": "6.5 0.75"
				},
				{
					"Position": "0.0 17.25",
					"Size": "2.5 0.5",
					"OneWay": true
				},
				{
					"Position": "-9.5 9.0",
					"Size": "1.0 1.5",
					"OneWay": true
				},
				{
					"Position": "-9.5 14.0",
					"Size": "3.75 2.0"
				},
				{
					"Position": "-9.5 6.25",
					"Size": "3.75 0.5"
				},
				{
					"Position": "-5.75 6.25",
					"Size": "2.25 3.75"
				},
				{
					"Position": "-3.5 6.25",
					"Size": "5.0 2.5",
					"HotZone": true
				},
				{
					"Position": "6.0 4.25",
					"Size": "2.25 1.25",
					"OneWay": true
				},
				{
					"Position": "1.5 6.25",
					"Size": "2.5 1.5"
				},
				{
					"Position": "8.5 7.0",
					"Size": "1.0 0.75"
				},
				{
					"Position": "-13.5 -0.25",
					"Size": "2.25 2.75"
				},
				{
					"Position": "-11.25 -0.25",
					"Size": "2.25 3.5"
				},
				{
					"Position": "5.25 4.25",
					"Size": "2.0 2.5",
					"OneWay": true
				},
				{
					"Position": "-9.5 7.75",
					"Size": "2.0 1.5",
					"OneWay": true
				},
				{
					"Position": "-9.5 6.75",
					"Size": "3.75 1.25",
					"OneWay": true
				},
				{
					"Position": "-11.5 17.25",
					"Size": "1.75 1.25",
					"OneWay": true
				},
				{
					"Position": "0.75 17.5",
					"Size": "1.0 0.75",
					"OneWay": true
				},
				{
					"Position": "-0.5 17.0",
					"Size": "0.5 2.5"
				},
				{
					"Position": "2.5 17.0",
					"Size": "0.5 2.5"
				},
				{
					"Position": "-0.5 12.25",
					"Size": "10.0 2.0"
				},
				{
					"Position": "5.5 14.25",
					"Size": "4.0 1.25",
					"OneWay": true
				},
				{
					"Position": "7.0 15.25",
					"Size": "2.5 1.5",
					"OneWay": true
				},
				{
					"Position": "-9.5 7.75",
					"Size": "5.0 4.0",
					"OneWay": true
				},
				{
					"Position": "-3.0 12.25",
					"Size": "2.5 0.75"
				},
				{
					"Position": "-4.5 14.0",
					"Size": "2.5 0.75",
					"OneWay": true
				},
				{
					"Position": "-26.0 23.0",
					"Size": "25.25 1.75"
				},
				{
					"Position": "-40.25 -0.25",
					"Size": "1.0 25.0"
				},
				{
					"Position": "-39.25 22.5",
					"Size": "6.25 2.25",
					"QuietZone": true
				},
				{
					"Position": "9.0 -0.25",
					"Size": "2.25 3.5"
				},
				{
					"Position": "11.25 -0.25",
					"Size": "2.25 2.75"
				},
				{
					"Position": "-34.25 4.25",
					"Size": "12.0 1.0"
				},
				{
					"Position": "-39.25 1.5",
					"Size": "2.75 1.25",
					"OneWay": true
				},
				{
					"Position": "-38.0 1.5",
					"Size": "2.5 2.5",
					"OneWay": true
				},
				{
					"Position": "-39.25 1.5",
					"Size": "2.0 3.75",
					"OneWay": true
				},
				{
					"Position": "-18.0 6.25",
					"Size": "4.5 1.5"
				},
				{
					"Position": "-21.75 1.5",
					"Size": "4.5 1.25",
					"OneWay": true
				},
				{
					"Position": "-20.75 2.5",
					"Size": "2.5 1.5",
					"OneWay": true
				},
				{
					"Position": "-20.25 6.25",
					"Size": "2.25 0.5"
				},
				{
					"Position": "-21.25 12.75",
					"Size": "7.75 1.5"
				},
				{
					"Position": "-35.5 13.5",
					"Size": "11.0 0.75",
					"HotZone": true
				},
				{
					"Position": "-21.25 10.5",
					"Size": "2.75 2.25"
				},
				{
					"Position": "-26.75 10.5",
					"Size": "5.5 1.25"
				},
				{
					"Position": "-23.25 11.75",
					"Size": "2.0 1.25",
					"OneWay": true
				},
				{
					"Position": "-31.5 8.5",
					"Size": "4.75 2.5"
				},
				{
					"Position": "-16.75 7.75",
					"Size": "2.0 0.5",
					"OneWay": true
				},
				{
					"Position": "-39.25 8.5",
					"Size": "4.75 2.5"
				},
				{
					"Position": "-39.25 11.0",
					"Size": "2.0 2.5",
					"OneWay": true
				},
				{
					"Position": "-38.25 11.0",
					"Size": "2.0 1.25",
					"OneWay": true
				},
				{
					"Position": "-26.75 8.5",
					"Size": "1.75 2.0"
				},
				{
					"Position": "-34.5 10.0",
					"Size": "3.0 0.25",
					"OneWay": true
				},
				{
					"Position": "-34.5 8.75",
					"Size": "3.0 0.25",
					"OneWay": true
				},
				{
					"Position": "-39.25 1.5",
					"Size": "8.25 5.0",
					"OneWay": true
				},
				{
					"Position": "-34.0 6.25",
					"Size": "2.0 1.5",
					"OneWay": true
				},
				{
					"Position": "13.5 18.75",
					"Size": "4.75 0.75"
				},
				{
					"Position": "-34.5 14.25",
					"Size": "8.5 4.25",
					"OneWay": true
				},
				{
					"Position": "-33.5 14.25",
					"Size": "2.5 1.25",
					"OneWay": true
				},
				{
					"Position": "-29.25 15.5",
					"Size": "2.75 0.5",
					"OneWay": true
				},
				{
					"Position": "-29.25 16.75",
					"Size": "2.75 0.5",
					"OneWay": true
				},
				{
					"Position": "-33.0 18.25",
					"Size": "2.25 1.5",
					"OneWay": true
				},
				{
					"Position": "-32.0 18.25",
					"Size": "5.0 4.0",
					"OneWay": true
				},
				{
					"Position": "-29.75 18.25",
					"Size": "2.0 2.75",
					"OneWay": true
				},
				{
					"Position": "-30.75 22.0",
					"Size": "2.5 1.5",
					"OneWay": true
				},
				{
					"Position": "-18.25 18.75",
					"Size": "4.75 0.75"
				},
				{
					"Position": "-23.5 17.25",
					"Size": "5.25 2.25"
				},
				{
					"Position": "-0.75 23.0",
					"Size": "1.5 7.25"
				},
				{
					"Position": "-4.25 24.75",
					"Size": "2.0 0.5",
					"OneWay": true
				},
				{
					"Position": "2.25 24.75",
					"Size": "2.0 0.5",
					"OneWay": true
				},
				{
					"Position": "-22.25 24.75",
					"Size": "10.0 1.5",
					"OneWay": true
				},
				{
					"Position": "-20.0 26.0",
					"Size": "5.5 1.5",
					"OneWay": true
				},
				{
					"Position": "39.25 -0.25",
					"Size": "1.0 25.0"
				},
				{
					"Position": "33.0 22.5",
					"Size": "6.25 2.25",
					"QuietZone": true
				},
				{
					"Position": "31.0 1.25",
					"Size": "8.25 5.25",
					"OneWay": true
				},
				{
					"Position": "36.5 1.5",
					"Size": "2.75 1.25",
					"OneWay": true
				},
				{
					"Position": "35.5 1.5",
					"Size": "2.5 2.5",
					"OneWay": true
				},
				{
					"Position": "37.25 1.5",
					"Size": "2.0 3.75",
					"OneWay": true
				},
				{
					"Position": "17.25 1.5",
					"Size": "4.5 1.25",
					"OneWay": true
				},
				{
					"Position": "18.25 2.5",
					"Size": "2.5 1.5",
					"OneWay": true
				},
				{
					"Position": "22.25 4.25",
					"Size": "12.0 1.0"
				},
				{
					"Position": "32.0 6.25",
					"Size": "2.0 1.5",
					"OneWay": true
				},
				{
					"Position": "34.5 8.5",
					"Size": "4.75 2.5"
				},
				{
					"Position": "36.25 11.0",
					"Size": "2.0 1.25",
					"OneWay": true
				},
				{
					"Position": "37.25 11.0",
					"Size": "2.0 2.5",
					"OneWay": true
				},
				{
					"Position": "31.5 10.0",
					"Size": "3.0 0.25",
					"OneWay": true
				},
				{
					"Position": "31.5 8.75",
					"Size": "3.0 0.25",
					"OneWay": true
				},
				{
					"Position": "13.5 6.25",
					"Size": "4.5 1.5"
				},
				{
					"Position": "14.75 7.75",
					"Size": "2.0 0.5",
					"OneWay": true
				},
				{
					"Position": "18.0 6.25",
					"Size": "2.25 0.5"
				},
				{
					"Position": "13.5 12.75",
					"Size": "7.75 1.5"
				},
				{
					"Position": "18.5 10.5",
					"Size": "2.75 2.25"
				},
				{
					"Position": "21.25 10.5",
					"Size": "5.5 1.25"
				},
				{
					"Position": "21.25 11.75",
					"Size": "2.0 1.25",
					"OneWay": true
				},
				{
					"Position": "26.75 8.5",
					"Size": "4.75 2.5"
				},
				{
					"Position": "25.0 8.5",
					"Size": "1.75 2.0"
				},
				{
					"Position": "24.5 13.5",
					"Size": "11.0 0.75",
					"HotZone": true
				},
				{
					"Position": "18.25 17.25",
					"Size": "5.25 2.25"
				},
				{
					"Position": "25.75 14.25",
					"Size": "8.5 4.25",
					"OneWay": true
				},
				{
					"Position": "27.0 18.25",
					"Size": "5.0 4.0",
					"OneWay": true
				},
				{
					"Position": "28.25 22.0",
					"Size": "2.5 1.5",
					"OneWay": true
				},
				{
					"Position": "27.75 18.25",
					"Size": "2.0 2.75",
					"OneWay": true
				},
				{
					"Position": "30.75 18.25",
					"Size": "2.25 1.5",
					"OneWay": true
				},
				{
					"Position": "26.5 16.75",
					"Size": "2.75 0.5",
					"OneWay": true
				},
				{
					"Position": "26.5 15.5",
					"Size": "2.75 0.5",
					"OneWay": true
				},
				{
					"Position": "31.0 14.25",
					"Size": "2.5 1.25",
					"OneWay": true
				},
				{
					"Position": "12.25 24.75",
					"Size": "10.0 1.5",
					"OneWay": true
				},
				{
					"Position": "14.5 26.0",
					"Size": "5.5 1.5",
					"OneWay": true
				},
				{
					"Position": "-17.5 14.25",
					"Size": "4.0 1.25",
					"OneWay": true
				},
				{
					"Position": "-16.0 15.250001",
					"Size": "2.5 1.5",
					"OneWay": true
				},
				{
					"Position": "13.5 14.25",
					"Size": "4.0 1.25",
					"OneWay": true
				},
				{
					"Position": "13.5 15.250001",
					"Size": "2.5 1.5",
					"OneWay": true
				},
				{
					"Position": "0.75 23.0",
					"Size": "25.25 1.75"
				},
				{
					"Position": "13.5 -0.25",
					"Size": "25.75 1.75"
				}
			]
		},
		"Backgrounds": []
	}
}