{
	"DisplayName": "CHRISTMAS TREE",
	"Description": "",
	"SupportedTeams": 2,
	"IsChallenge": true,
	"Level": {
		"WorldBounds": "-21.5 -1.0 43.0 40.0",
		"SpawnPoints": [
			{
				"Position": "-19.25 6.75",
				"Size": "0.25 0.25",
				"Mask": "Player|FreeForAll|Deathmatch"
			},
			{
				"Position": "-15.25 0.75",
				"Size": "0.25 0.25",
				"Mask": "Player|FreeForAll|Deathmatch"
			},
			{
				"Position": "4.0 0.75",
				"Size": "0.25 0.25",
				"Mask": "Player|FreeForAll|Deathmatch"
			},
			{
				"Position": "18.0 8.0",
				"Size": "0.25 0.25",
				"Mask": "Player|FreeForAll|Deathmatch"
			},
			{
				"Position": "0.0 13.5",
				"Size": "0.25 0.25",
				"Mask": "Player|FreeForAll|Deathmatch"
			}
		],
		"Entities": {
			"Platforms": [
				{
					"Position": "-21.75 -1.25",
					"Size": "1.0 16.5"
				},
				{
					"Position": "-20.75 0.25",
					"Size": "1.75 1.5",
					"OneWay": true,
					"QuietZone": true
				},
				{
					"Position": "-20.75 5.75",
					"Size": "3.25 0.5",
					"OneWay": true
				},
				{
					"Position": "-18.25 3.0",
					"Size": "1.5 0.25",
					"OneWay": true
				},
				{
					"Position": "-17.75 0.25",
					"Size": "5.25 7.25",
					"OneWay": true,
					"HotZone": true
				},
				{
					"Position": "-20.75 -1.25",
					"Size": "20.25 1.5",
					"HotZone": true
				},
				{
					"Position": "-11.75 0.25",
					"Size": "3.5 4.25",
					"OneWay": true
				},
				{
					"Position": "13.75 9.5",
					"Size": "2.5 1.75",
					"OneWay": true
				},
				{
					"Position": "9.25 9.25",
					"Size": "3.0 0.5",
					"OneWay": true
				},
				{
					"Position": "15.249999 0.25",
					"Size": "5.5 7.25",
					"OneWay": true
				},
				{
					"Position": "14.750001 0.25",
					"Size": "1.75 2.0",
					"OneWay": true
				},
				{
					"Position": "18.0 3.25",
					"Size": "2.75 0.5",
					"OneWay": true,
					"QuietZone": true
				},
				{
					"Position": "12.5 4.75",
					"Size": "4.5 0.5",
					"OneWay": true,
					"HotZone": true
				},
				{
					"Position": "9.5 0.25",
					"Size": "3.75 6.5",
					"OneWay": true
				},
				{
					"Position": "-0.5 -1.25",
					"Size": "1.0 3.0"
				},
				{
					"Position": "0.5 -1.25",
					"Size": "20.25 1.5"
				},
				{
					"Position": "-6.0 1.75",
					"Size": "12.0 1.25",
					"OneWay": true,
					"HotZone": true
				},
				{
					"Position": "-5.25 2.75",
					"Size": "10.5 1.5",
					"OneWay": true
				},
				{
					"Position": "-4.5 4.0",
					"Size": "9.0 1.5",
					"OneWay": true
				},
				{
					"Position": "-3.75 5.25",
					"Size": "7.5 1.5",
					"OneWay": true
				},
				{
					"Position": "-3.0 6.5",
					"Size": "6.0 1.5",
					"OneWay": true
				},
				{
					"Position": "-2.25 7.75",
					"Size": "4.5 1.5",
					"OneWay": true
				},
				{
					"Position": "-1.5 9.0",
					"Size": "3.0 1.5",
					"OneWay": true
				},
				{
					"Position": "1.75 0.25",
					"Size": "1.25 0.5",
					"OneWay": true
				},
				{
					"Position": "6.5 0.25",
					"Size": "1.25 1.25",
					"OneWay": true
				},
				{
					"Position": "-4.0 0.25",
					"Size": "1.25 0.5",
					"OneWay": true
				},
				{
					"Position": "-8.5 0.25",
					"Size": "1.25 1.25",
					"OneWay": true
				},
				{
					"Position": "-16.25 4.0",
					"Size": "1.75 0.75",
					"OneWay": true
				},
				{
					"Position": "-10.75 2.528019",
					"Size": "1.5 0.5",
					"OneWay": true
				},
				{
					"Position": "-0.75 10.25",
					"Size": "1.5 1.5",
					"OneWay": true
				},
				{
					"Position": "-0.25 11.5",
					"Size": "0.5 1.5",
					"OneWay": true
				},
				{
					"Position": "-6.0 9.5",
					"Size": "2.0 0.5",
					"OneWay": true
				},
				{
					"Position": "-11.25 8.5",
					"Size": "3.75 0.5",
					"OneWay": true
				},
				{
					"Position": "4.75 7.75",
					"Size": "3.0 0.5",
					"OneWay": true
				},
				{
					"Position": "11.25 0.25",
					"Size": "2.25 0.75",
					"OneWay": true
				},
				{
					"Position": "20.75 -1.25",
					"Size": "1.0 16.5"
				}
			],
			"Props": {}
		}
	},
	"PreviewArea": "-12.25 0.4 24.5 13.5",
	"PreviewPlatforms": [
		"-0.25 11.5 0.5 1.5",
		"-0.75 10.25 1.5 1.5",
		"-1.5 9.0 3.0 1.5",
		"-2.25 7.75 4.5 1.5",
		"-3.0 6.5 6.0 1.5",
		"-3.75 5.25 7.5 1.5",
		"-4.5 4.0 9.0 1.5",
		"-5.25 2.75 10.5 1.5",
		"-6.0 1.75 12.0 1.25",
		"-0.5 -1.25 1.0 3.0"
	]
}