{
	"DisplayName": "CORONA BOMB RANGE",
	"Description": "THE MAP USED FOR CORONA BOMB PRACTICE",
	"SupportedTeams": 2,
	"IsChallenge": true,
	"PreviewArea": "-6.125 0.9 12.500002 7.0",
	"PreviewPlatforms": [
		"-7.0 6.0 10.75 0.5",
		"-2.0 6.487978 0.5 0.75",
		"5.25 2.75 0.75 2.5",
		"6.0 2.75 0.75 2.25",
		"-8.25 -1.25 23.5 2.75",
		"-2.75 2.25 5.5 0.25"
	],
	"Level": {
		"WorldBounds": "-15.0 -1.0 30.0 30.0",
		"SpawnPoints": [
			{
				"Position": "0.0 2.0",
				"Mask": "Player|FreeForAll|BreakTheTargets"
			},
			{
				"Position": "-0.25 2.5",
				"Size": "0.25 0.25",
				"Angle": "Degrees(90.0)",
				"Flipped": true,
				"Mask": "Objective|BreakTheTargets"
			},
			{
				"Position": "0.25 2.5",
				"Size": "0.25 0.25",
				"Angle": "Degrees(90.0)",
				"Flipped": true,
				"Mask": "Objective|BreakTheTargets"
			},
			{
				"Position": "0.75 2.5",
				"Size": "0.25 0.25",
				"Angle": "Degrees(90.0)",
				"Flipped": true,
				"Mask": "Objective|BreakTheTargets"
			},
			{
				"Position": "1.25 2.5",
				"Size": "0.25 0.25",
				"Angle": "Degrees(90.0)",
				"Flipped": true,
				"Mask": "Objective|BreakTheTargets"
			},
			{
				"Position": "-0.75 2.5",
				"Size": "0.25 0.25",
				"Angle": "Degrees(90.0)",
				"Flipped": true,
				"Mask": "Objective|BreakTheTargets"
			},
			{
				"Position": "-1.25 2.5",
				"Size": "0.25 0.25",
				"Angle": "Degrees(90.0)",
				"Flipped": true,
				"Mask": "Objective|BreakTheTargets"
			},
			{
				"Position": "5.25 4.75",
				"Size": "0.25 0.25",
				"Mask": "Objective|BreakTheTargets"
			},
			{
				"Position": "5.25 4.25",
				"Size": "0.25 0.25",
				"Mask": "Objective|BreakTheTargets"
			},
			{
				"Position": "5.25 3.75",
				"Size": "0.25 0.25",
				"Mask": "Objective|BreakTheTargets"
			},
			{
				"Position": "5.25 3.25",
				"Size": "0.25 0.25",
				"Mask": "Objective|BreakTheTargets"
			},
			{
				"Position": "-5.25 1.75",
				"Size": "0.25 0.25",
				"Angle": "Degrees(90.0)",
				"Flipped": true,
				"Mask": "Weapon0"
			},
			{
				"Position": "-12.0 1.5",
				"Size": "0.25 0.25",
				"Angle": "Degrees(90.0)",
				"Flipped": true,
				"Mask": "Objective|BreakTheTargets"
			},
			{
				"Position": "-12.5 1.5",
				"Size": "0.25 0.25",
				"Angle": "Degrees(90.0)",
				"Flipped": true,
				"Mask": "Objective|BreakTheTargets"
			},
			{
				"Position": "-13.0 1.5",
				"Size": "0.25 0.25",
				"Angle": "Degrees(90.0)",
				"Flipped": true,
				"Mask": "Objective|BreakTheTargets"
			},
			{
				"Position": "-13.5 1.5",
				"Size": "0.25 0.25",
				"Angle": "Degrees(90.0)",
				"Flipped": true,
				"Mask": "Objective|BreakTheTargets"
			},
			{
				"Position": "-14.0 1.5",
				"Size": "0.25 0.25",
				"Angle": "Degrees(90.0)",
				"Flipped": true,
				"Mask": "Objective|BreakTheTargets"
			},
			{
				"Position": "-1.25 6.5",
				"Size": "0.25 0.25",
				"Angle": "Degrees(90.0)",
				"Flipped": true,
				"Mask": "Objective|BreakTheTargets"
			},
			{
				"Position": "-0.75 6.5",
				"Size": "0.25 0.25",
				"Angle": "Degrees(90.0)",
				"Flipped": true,
				"Mask": "Objective|BreakTheTargets"
			},
			{
				"Position": "-2.25 6.5",
				"Size": "0.25 0.25",
				"Angle": "Degrees(90.0)",
				"Flipped": true,
				"Mask": "Objective|BreakTheTargets"
			},
			{
				"Position": "-2.75 6.5",
				"Size": "0.25 0.25",
				"Angle": "Degrees(90.0)",
				"Flipped": true,
				"Mask": "Objective|BreakTheTargets"
			},
			{
				"Position": "6.5 5.0",
				"Size": "0.25 0.25",
				"Angle": "Degrees(90.0)",
				"Flipped": true,
				"Mask": "Objective|BreakTheTargets"
			},
			{
				"Position": "7.25 4.75",
				"Size": "0.25 0.25",
				"Angle": "Degrees(90.0)",
				"Flipped": true,
				"Mask": "Objective|BreakTheTargets"
			},
			{
				"Position": "8.0 4.5",
				"Size": "0.25 0.25",
				"Angle": "Degrees(90.0)",
				"Flipped": true,
				"Mask": "Objective|BreakTheTargets"
			},
			{
				"Position": "8.75 4.25",
				"Size": "0.25 0.25",
				"Angle": "Degrees(90.0)",
				"Flipped": true,
				"Mask": "Objective|BreakTheTargets"
			},
			{
				"Position": "9.5 4.0",
				"Size": "0.25 0.25",
				"Angle": "Degrees(90.0)",
				"Flipped": true,
				"Mask": "Objective|BreakTheTargets"
			},
			{
				"Position": "5.75 5.25",
				"Size": "0.25 0.25",
				"Angle": "Degrees(90.0)",
				"Flipped": true,
				"Mask": "Objective|BreakTheTargets"
			}
		],
		"Entities": {
			"Platforms": [
				{
					"Position": "-8.25 -1.25",
					"Size": "23.5 2.75"
				},
				{
					"Position": "5.25 2.75",
					"Size": "0.75 2.5"
				},
				{
					"Position": "-7.0 6.0",
					"Size": "10.75 0.5"
				},
				{
					"Position": "-2.75 2.25",
					"Size": "5.5 0.25",
					"OneWay": true
				},
				{
					"Position": "-11.5 -1.25",
					"Size": "3.25 3.75"
				},
				{
					"Position": "-15.25 -1.25",
					"Size": "3.75 2.75"
				},
				{
					"Position": "-15.25 1.5",
					"Size": "0.75 3.75"
				},
				{
					"Position": "-14.5 3.5",
					"Size": "1.75 0.5"
				},
				{
					"Position": "-11.0 2.5",
					"Size": "2.25 2.75",
					"OneWay": true
				},
				{
					"Position": "-2.0 6.487978",
					"Size": "0.5 0.75"
				},
				{
					"Position": "12.0 1.5",
					"Size": "2.5 1.5"
				},
				{
					"Position": "14.5 1.5",
					"Size": "0.75 6.0"
				},
				{
					"Position": "6.75 2.75",
					"Size": "0.75 2.0"
				},
				{
					"Position": "7.5 2.75",
					"Size": "0.75 1.75"
				},
				{
					"Position": "6.0 2.75",
					"Size": "0.75 2.25"
				},
				{
					"Position": "8.25 2.75",
					"Size": "0.75 1.5"
				},
				{
					"Position": "9.0 2.75",
					"Size": "0.75 1.25"
				}
			],
			"Interactions": [
				{
					"Position": "2.5 2.5",
					"Size": "1.0 1.0",
					"Data": "Sign",
					"Interact": {
						"Action": "TutorialAction",
						"Type": "CoronaBombInfo"
					}
				}
			]
		},
		"Backgrounds": []
	}
}