{
	"DisplayName": "FIELD",
	"Description": "A LARGE OPEN MAP FOR NICE PLATFORMING AND OPEN GUNFIGHTS",
	"SupportedTeams": 2,
	"IsChallenge": false,
	"PreviewArea": "-49.499821 0.5 16.000019 9.000002",
	"PreviewPlatforms": [
		"-50.25 0.0 1.25 5.0",
		"-49.0 0.0 12.25 1.0",
		"-36.75 0.0 1.0 1.25",
		"-35.75 0.0 1.5 1.75",
		"-34.25 0.0 1.5 3.0",
		"-39.0 1.0 1.0 6.25",
		"-43.25 1.0 1.5 0.5",
		"-41.25 1.0 1.0 6.25",
		"-46.25 1.0 1.25 1.25",
		"-42.5 4.0 1.5 0.5",
		"-38.25 4.0 1.5 0.5",
		"-40.5 5.5 1.75 0.5",
		"-42.0 7.0 4.75 1.0",
		"-41.25 7.75 1.5 1.25",
		"-49.0 3.0 1.25 0.5",
		"-40.5 2.5 1.75 0.5"
	],
	"Level": {
		"WorldBounds": "-50.0 0.0 100.0 50.0",
		"SpawnPoints": [
			{
				"Position": "43.75 1.75",
				"Size": "0.25 0.25",
				"Flipped": true,
				"Mask": "Player|BlueTeam|Deathmatch|CaptureTheFlag|Keepaway|Race|Conquest|ZoneControl"
			},
			{
				"Position": "44.75 1.75",
				"Size": "0.25 0.25",
				"Flipped": true,
				"Mask": "Player|BlueTeam|Deathmatch|CaptureTheFlag|Keepaway|Race|Conquest|ZoneControl"
			},
			{
				"Position": "42.5 1.75",
				"Size": "0.25 0.25",
				"Mask": "Objective|BlueTeam|CaptureTheFlag"
			},
			{
				"Position": "38.25 1.75",
				"Size": "0.25 0.25",
				"Flipped": true,
				"Mask": "Player|BlueTeam|Deathmatch|CaptureTheFlag|Keepaway|Race|Conquest|ZoneControl"
			},
			{
				"Position": "40.75 1.75",
				"Size": "0.25 0.25",
				"Flipped": true,
				"Mask": "Player|BlueTeam|Deathmatch|CaptureTheFlag|Keepaway|Race|Conquest|ZoneControl"
			},
			{
				"Position": "41.5 9.25",
				"Size": "0.25 0.25",
				"Flipped": true,
				"Mask": "Player|BlueTeam|Deathmatch|CaptureTheFlag|Keepaway|Race|Conquest|ZoneControl"
			},
			{
				"Position": "37.5 9.25",
				"Size": "0.25 0.25",
				"Flipped": true,
				"Mask": "Player|BlueTeam|Deathmatch|CaptureTheFlag|Keepaway|Race|Conquest|ZoneControl"
			},
			{
				"Position": "39.5 5.5",
				"Size": "0.25 0.25",
				"Flipped": true,
				"Mask": "Player|BlueTeam|Deathmatch|CaptureTheFlag|Keepaway|Race|Conquest|ZoneControl"
			},
			{
				"Position": "36.75 2.5",
				"Size": "0.25 0.25",
				"Flipped": true,
				"Mask": "Player|BlueTeam|FreeForAll|Deathmatch|CaptureTheFlag|Keepaway|Race|Conquest|ZoneControl"
			},
			{
				"Position": "46.25 3.0",
				"Size": "0.25 0.25",
				"Flipped": true,
				"Mask": "Player|BlueTeam|FreeForAll|Deathmatch|CaptureTheFlag|Keepaway|Race|Conquest|ZoneControl"
			},
			{
				"Position": "39.5 1.75",
				"Size": "0.25 0.25",
				"Flipped": true,
				"Mask": "Player|BlueTeam|Deathmatch|CaptureTheFlag|Keepaway|Race|Conquest|ZoneControl"
			},
			{
				"Position": "45.5 3.0",
				"Size": "0.25 0.25",
				"Flipped": true,
				"Mask": "Player|BlueTeam|Deathmatch|CaptureTheFlag|Keepaway|Race|Conquest|ZoneControl"
			},
			{
				"Position": "39.5 4.0",
				"Size": "0.25 0.25",
				"Flipped": true,
				"Mask": "Player|BlueTeam|Deathmatch|CaptureTheFlag|Keepaway|Race|Conquest|ZoneControl"
			},
			{
				"Position": "39.5 9.25",
				"Size": "0.25 0.25",
				"Flipped": true,
				"Mask": "Player|BlueTeam|Deathmatch|CaptureTheFlag|Keepaway|Race|Conquest|ZoneControl"
			},
			{
				"Position": "39.5 7.0",
				"Size": "0.25 0.25",
				"Flipped": true,
				"Mask": "Player|BlueTeam|Deathmatch|CaptureTheFlag|Keepaway|Race|Conquest|ZoneControl"
			},
			{
				"Position": "38.5 10.25",
				"Size": "0.25 0.25",
				"Flipped": true,
				"Mask": "Player|BlueTeam|Deathmatch|CaptureTheFlag|Keepaway|Race|Conquest|ZoneControl"
			},
			{
				"Position": "39.5 11.0",
				"Size": "0.25 0.25",
				"Flipped": true,
				"Mask": "Player|BlueTeam|FreeForAll|Deathmatch|CaptureTheFlag|Keepaway|Race|Conquest|ZoneControl"
			},
			{
				"Position": "-42.5 1.5",
				"Size": "0.25 0.25",
				"Mask": "Objective|RedTeam|CaptureTheFlag"
			},
			{
				"Position": "-44.5 1.5",
				"Size": "0.25 0.25",
				"Mask": "Player|RedTeam|Deathmatch|CaptureTheFlag|Keepaway|Race|Conquest|ZoneControl"
			},
			{
				"Position": "-43.75 1.5",
				"Size": "0.25 0.25",
				"Mask": "Player|RedTeam|Deathmatch|CaptureTheFlag|Keepaway|Race|Conquest|ZoneControl"
			},
			{
				"Position": "-41.75 5.0",
				"Size": "0.25 0.25",
				"Mask": "Player|RedTeam|Deathmatch|CaptureTheFlag|Keepaway|Race|Conquest|ZoneControl"
			},
			{
				"Position": "-37.5 5.0",
				"Size": "0.25 0.25",
				"Mask": "Player|RedTeam|Deathmatch|CaptureTheFlag|Keepaway|Race|Conquest|ZoneControl"
			},
			{
				"Position": "-46.0 2.75",
				"Size": "0.25 0.25",
				"Mask": "Player|RedTeam|FreeForAll|Deathmatch|CaptureTheFlag|Keepaway|Race|Conquest|ZoneControl"
			},
			{
				"Position": "-45.25 2.75",
				"Size": "0.25 0.25",
				"Mask": "Player|RedTeam|Deathmatch|CaptureTheFlag|Keepaway|Race|Conquest|ZoneControl"
			},
			{
				"Position": "-40.75 1.5",
				"Size": "0.25 0.25",
				"Mask": "Player|RedTeam|Deathmatch|CaptureTheFlag|Keepaway|Race|Conquest|ZoneControl"
			},
			{
				"Position": "-38.5 1.5",
				"Size": "0.25 0.25",
				"Mask": "Player|RedTeam|Deathmatch|CaptureTheFlag|Keepaway|Race|Conquest|ZoneControl"
			},
			{
				"Position": "-39.625 3.5",
				"Size": "0.25 0.25",
				"Mask": "Player|RedTeam|Deathmatch|CaptureTheFlag|Keepaway|Race|Conquest|ZoneControl"
			},
			{
				"Position": "-39.625 6.5",
				"Size": "0.25 0.25",
				"Mask": "Player|RedTeam|Deathmatch|CaptureTheFlag|Keepaway|Race|Conquest|ZoneControl"
			},
			{
				"Position": "-38.5 8.5",
				"Size": "0.25 0.25",
				"Mask": "Player|RedTeam|Deathmatch|CaptureTheFlag|Keepaway|Race|Conquest|ZoneControl"
			},
			{
				"Position": "-40.5 9.5",
				"Size": "0.25 0.25",
				"Mask": "Player|RedTeam|Deathmatch|CaptureTheFlag|Keepaway|Race|Conquest|ZoneControl"
			},
			{
				"Position": "-38.5 10.25",
				"Size": "0.25 0.25",
				"Mask": "Player|RedTeam|FreeForAll|Deathmatch|CaptureTheFlag|Keepaway|Race|Conquest|ZoneControl"
			},
			{
				"Position": "-37.375 1.5",
				"Size": "0.25 0.25",
				"Mask": "Player|RedTeam|Deathmatch|CaptureTheFlag|Keepaway|Race|Conquest|ZoneControl"
			},
			{
				"Position": "-36.25 1.75",
				"Size": "0.25 0.25",
				"Mask": "Player|RedTeam|Deathmatch|CaptureTheFlag|Keepaway|Race|Conquest|ZoneControl"
			},
			{
				"Position": "-35.0 2.25",
				"Size": "0.25 0.25",
				"Mask": "Player|RedTeam|FreeForAll|Deathmatch|CaptureTheFlag|Keepaway|Race|Conquest|ZoneControl"
			},
			{
				"Position": "4.5 20.25",
				"Size": "0.25 0.25",
				"Flipped": true,
				"Mask": "Player|FreeForAll|Deathmatch|CaptureTheFlag|Keepaway|Race|Conquest|ZoneControl"
			},
			{
				"Position": "14.25 14.0",
				"Size": "0.25 0.25",
				"Flipped": true,
				"Mask": "Player|FreeForAll|Deathmatch|CaptureTheFlag|Keepaway|Race|Conquest|ZoneControl"
			},
			{
				"Position": "29.5 8.25",
				"Size": "0.25 0.25",
				"Flipped": true,
				"Mask": "Player|FreeForAll|Deathmatch|CaptureTheFlag|Keepaway|Race|Conquest|ZoneControl"
			},
			{
				"Position": "5.0 1.75",
				"Size": "0.25 0.25",
				"Flipped": true,
				"Mask": "Player|FreeForAll|Deathmatch|CaptureTheFlag|Keepaway|Race|Conquest|ZoneControl"
			},
			{
				"Position": "-2.5 6.25",
				"Size": "0.25 0.25",
				"Mask": "Player|FreeForAll|Deathmatch|CaptureTheFlag|Keepaway|Race|Conquest|ZoneControl"
			},
			{
				"Position": "-21.0 2.25",
				"Size": "0.25 0.25",
				"Flipped": true,
				"Mask": "Player|FreeForAll|Deathmatch|CaptureTheFlag|Keepaway|Race|Conquest|ZoneControl"
			},
			{
				"Position": "-4.0 15.25",
				"Size": "0.25 0.25",
				"Mask": "Player|FreeForAll|Deathmatch|CaptureTheFlag|Keepaway|Race|Conquest|ZoneControl"
			},
			{
				"Position": "-17.25 15.0",
				"Size": "0.25 0.25",
				"Mask": "Player|FreeForAll|Deathmatch|CaptureTheFlag|Keepaway|Race|Conquest|ZoneControl"
			},
			{
				"Position": "-10.875 9.0",
				"Size": "0.25 0.25",
				"Mask": "Player|FreeForAll|Deathmatch|CaptureTheFlag|Keepaway|Race|Conquest|ZoneControl"
			},
			{
				"Position": "23.0 1.75",
				"Size": "0.25 0.25",
				"Flipped": true,
				"Mask": "FreeForAll|Deathmatch|CaptureTheFlag|Keepaway|Race|Conquest|ZoneControl"
			},
			{
				"Position": "-47.75 1.25",
				"Size": "0.25 0.25",
				"Mask": "Weapon0"
			},
			{
				"Position": "-39.625 1.25",
				"Size": "0.25 0.25",
				"Mask": "Weapon0"
			},
			{
				"Position": "-39.5 10.75",
				"Size": "0.25 0.25",
				"Mask": "Weapon1"
			},
			{
				"Position": "-31.25 1.25",
				"Size": "0.25 0.25",
				"Mask": "Weapon2"
			},
			{
				"Position": "-24.5 2.25",
				"Size": "0.25 0.25",
				"Mask": "Weapon1"
			},
			{
				"Position": "-20.0 2.0",
				"Size": "0.25 0.25",
				"Mask": "Weapon3"
			},
			{
				"Position": "-48.5 3.75",
				"Size": "0.25 0.25",
				"Mask": "Weapon1"
			},
			{
				"Position": "-13.25 5.75",
				"Size": "0.25 0.25",
				"Mask": "Weapon0"
			},
			{
				"Position": "0.0 1.5",
				"Size": "0.25 0.25",
				"Mask": "Weapon4"
			},
			{
				"Position": "0.0 13.5",
				"Size": "0.25 0.25",
				"Mask": "Weapon5"
			},
			{
				"Position": "-15.0 15.5",
				"Size": "0.25 0.25",
				"Mask": "Weapon1"
			},
			{
				"Position": "16.0 17.0",
				"Size": "0.25 0.25",
				"Mask": "Weapon1"
			},
			{
				"Position": "-41.75 8.25",
				"Size": "0.25 0.25",
				"Mask": "Weapon0"
			},
			{
				"Position": "32.375 1.5",
				"Size": "0.25 0.25",
				"Mask": "Weapon2"
			},
			{
				"Position": "47.75 1.5",
				"Size": "0.25 0.25",
				"Mask": "Weapon0"
			},
			{
				"Position": "48.25 4.0",
				"Size": "0.25 0.25",
				"Mask": "Weapon1"
			},
			{
				"Position": "37.75 11.5",
				"Size": "0.25 0.25",
				"Mask": "Weapon1"
			},
			{
				"Position": "39.5 8.25",
				"Size": "0.25 0.25",
				"Mask": "Weapon0"
			},
			{
				"Position": "34.75 3.5",
				"Size": "0.25 0.25",
				"Mask": "Weapon0"
			},
			{
				"Position": "19.5 6.25",
				"Size": "0.25 0.25",
				"Mask": "Weapon3"
			},
			{
				"Position": "9.5 13.25",
				"Size": "0.25 0.25",
				"Mask": "Weapon3"
			},
			{
				"Position": "-9.5 13.25",
				"Size": "0.25 0.25",
				"Mask": "Weapon3"
			},
			{
				"Position": "25.0 12.0",
				"Size": "0.25 0.25",
				"Mask": "Weapon2"
			},
			{
				"Position": "13.25 5.25",
				"Size": "0.25 0.25",
				"Mask": "Weapon0"
			},
			{
				"Position": "-16.875 8.75",
				"Size": "0.25 0.25",
				"Mask": "Weapon2"
			},
			{
				"Position": "42.5 2.25",
				"Size": "1.5 1.0",
				"Mask": "Objective|ZoneControl"
			},
			{
				"Position": "-42.5 2.0",
				"Size": "1.5 1.0",
				"Mask": "Objective|ZoneControl"
			},
			{
				"Position": "0.0 6.25",
				"Size": "3.0 1.0",
				"Mask": "Objective|Keepaway|ZoneControl"
			},
			{
				"Position": "0.0 18.0",
				"Size": "0.25 0.25",
				"Mask": "Objective|Keepaway"
			},
			{
				"Position": "0.0 8.25",
				"Size": "0.25 0.25",
				"Mask": "Objective|Keepaway"
			},
			{
				"Position": "0.0 11.75",
				"Size": "0.25 0.25",
				"Mask": "Objective|RedTeam|BlueTeam|Race"
			},
			{
				"Position": "-13.25 11.5",
				"Size": "0.25 0.25",
				"Mask": "Objective|BlueTeam|Race"
			},
			{
				"Position": "13.5 13.5",
				"Size": "0.25 0.25",
				"Mask": "Objective|RedTeam|Race"
			},
			{
				"Position": "45.875 2.5",
				"Size": "0.25 0.25",
				"Mask": "Objective|RedTeam|Race"
			},
			{
				"Position": "-4.5 19.75",
				"Size": "0.25 0.25",
				"Mask": "Objective|RedTeam|Race"
			},
			{
				"Position": "-48.5 1.0",
				"Size": "0.25 0.25",
				"Mask": "Objective|RedTeam|Race"
			},
			{
				"Position": "-45.625 2.25",
				"Size": "0.25 0.25",
				"Mask": "Objective|BlueTeam|Race"
			},
			{
				"Position": "4.5 19.75",
				"Size": "0.25 0.25",
				"Mask": "Objective|BlueTeam|Race"
			},
			{
				"Position": "48.25 1.25",
				"Size": "0.25 0.25",
				"Mask": "Objective|BlueTeam|Race"
			},
			{
				"Position": "0.0 5.75",
				"Size": "0.25 0.25",
				"Mask": "Objective|FreeForAll|Race"
			},
			{
				"Position": "0.0 16.25",
				"Size": "0.25 0.25",
				"Mask": "Objective|FreeForAll|Race"
			},
			{
				"Position": "25.0 9.25",
				"Size": "0.25 0.25",
				"Mask": "Objective|FreeForAll|Race"
			},
			{
				"Position": "-13.875 10.0",
				"Size": "0.25 0.25",
				"Mask": "Objective|FreeForAll|Race"
			},
			{
				"Position": "15.5 3.5",
				"Size": "0.25 0.25",
				"Mask": "Objective|FreeForAll|Race"
			},
			{
				"Position": "-33.5 3.0",
				"Size": "0.25 0.25",
				"Mask": "Objective|FreeForAll|Race"
			},
			{
				"Position": "39.5 10.5",
				"Size": "0.25 0.25",
				"Mask": "Objective|FreeForAll|Race"
			},
			{
				"Position": "-7.25 18.25",
				"Size": "0.25 0.25",
				"Mask": "Objective|FreeForAll|Race"
			},
			{
				"Position": "-23.5 4.25",
				"Size": "0.25 0.25",
				"Mask": "Objective|FreeForAll|Race"
			},
			{
				"Position": "30.736897 4.764591",
				"Size": "0.25 0.25",
				"Mask": "Objective|FreeForAll|Race"
			}
		],
		"Entities": {
			"Platforms": [
				{
					"Position": "17.75 0.0",
					"Size": "8.25 1.25"
				},
				{
					"Position": "35.75 0.0",
					"Size": "13.0 1.25",
					"HotZone": true,
					"QuietZone": true
				},
				{
					"Position": "31.0 0.0",
					"Size": "2.75 1.25"
				},
				{
					"Position": "48.75 0.0",
					"Size": "1.5 5.0"
				},
				{
					"Position": "41.75 1.25",
					"Size": "1.5 0.5",
					"OneWay": true
				},
				{
					"Position": "47.75 3.25",
					"Size": "1.0 0.5"
				},
				{
					"Position": "45.25 1.25",
					"Size": "1.25 1.25",
					"OneWay": true
				},
				{
					"Position": "33.75 0.0",
					"Size": "2.0 3.25"
				},
				{
					"Position": "35.75 1.25",
					"Size": "1.75 0.75",
					"OneWay": true
				},
				{
					"Position": "38.75 3.0",
					"Size": "1.5 0.5",
					"OneWay": true
				},
				{
					"Position": "38.75 4.5",
					"Size": "1.5 0.5",
					"OneWay": true
				},
				{
					"Position": "-4.75 18.25",
					"Size": "1.25 1.5"
				},
				{
					"Position": "29.75 0.0",
					"Size": "1.25 3.25"
				},
				{
					"Position": "31.0 1.25",
					"Size": "2.75 1.0",
					"OneWay": true
				},
				{
					"Position": "28.75 0.0",
					"Size": "1.0 2.25"
				},
				{
					"Position": "30.5 3.0",
					"Size": "0.5 1.75",
					"OneWay": true
				},
				{
					"Position": "23.0 7.0",
					"Size": "4.0 2.25",
					"HotZone": true
				},
				{
					"Position": "29.25 5.75",
					"Size": "1.25 0.5",
					"OneWay": true
				},
				{
					"Position": "27.0 7.25",
					"Size": "3.0 0.5",
					"OneWay": true
				},
				{
					"Position": "18.75 7.25",
					"Size": "4.25 1.0"
				},
				{
					"Position": "38.75 6.0",
					"Size": "1.5 0.5",
					"OneWay": true
				},
				{
					"Position": "36.75 7.0",
					"Size": "5.5 1.75",
					"OneWay": true
				},
				{
					"Position": "38.75 7.5",
					"Size": "1.5 0.5",
					"OneWay": true
				},
				{
					"Position": "24.25 9.25",
					"Size": "1.5 1.25",
					"OneWay": true
				},
				{
					"Position": "24.5 10.25",
					"Size": "1.0 1.5",
					"OneWay": true
				},
				{
					"Position": "37.25 8.5",
					"Size": "1.25 2.75",
					"OneWay": true
				},
				{
					"Position": "20.75 1.25",
					"Size": "1.75 1.5",
					"OneWay": true
				},
				{
					"Position": "23.5 1.25",
					"Size": "1.25 2.0",
					"OneWay": true
				},
				{
					"Position": "22.0 1.25",
					"Size": "1.75 3.25",
					"OneWay": true
				},
				{
					"Position": "18.75 5.5",
					"Size": "2.0 0.5"
				},
				{
					"Position": "10.5 1.75",
					"Size": "2.25 6.5",
					"OneWay": true
				},
				{
					"Position": "18.25 5.5",
					"Size": "0.5 0.75",
					"Impassable": true
				},
				{
					"Position": "18.25 7.0",
					"Size": "0.5 1.25"
				},
				{
					"Position": "-3.25 4.75",
					"Size": "6.5 1.0",
					"HotZone": true
				},
				{
					"Position": "0.75 0.0",
					"Size": "1.0 1.75"
				},
				{
					"Position": "3.25 2.75",
					"Size": "0.75 3.5"
				},
				{
					"Position": "-4.0 2.75",
					"Size": "0.75 3.5"
				},
				{
					"Position": "-0.75 0.0",
					"Size": "1.5 1.25",
					"HotZone": true
				},
				{
					"Position": "-1.75 0.0",
					"Size": "1.0 1.75"
				},
				{
					"Position": "-5.75 0.0",
					"Size": "4.0 1.25"
				},
				{
					"Position": "1.75 0.0",
					"Size": "4.0 1.25"
				},
				{
					"Position": "4.0 4.75",
					"Size": "0.75 0.5",
					"OneWay": true
				},
				{
					"Position": "7.75 1.75",
					"Size": "3.25 1.0",
					"OneWay": true
				},
				{
					"Position": "10.0 3.75",
					"Size": "1.25 1.75",
					"OneWay": true
				},
				{
					"Position": "14.25 0.0",
					"Size": "3.5 1.5"
				},
				{
					"Position": "12.25 -0.0",
					"Size": "2.0 2.0"
				},
				{
					"Position": "5.75 0.0",
					"Size": "6.5 1.75"
				},
				{
					"Position": "26.0 0.0",
					"Size": "2.75 1.5"
				},
				{
					"Position": "11.0 4.25",
					"Size": "2.75 0.75",
					"OneWay": true
				},
				{
					"Position": "8.5 6.5",
					"Size": "2.5 0.5",
					"OneWay": true
				},
				{
					"Position": "9.25 4.0",
					"Size": "1.0 0.5",
					"OneWay": true
				},
				{
					"Position": "4.0 3.25",
					"Size": "2.25 0.5"
				},
				{
					"Position": "-0.5 9.0",
					"Size": "1.0 2.75"
				},
				{
					"Position": "0.5 9.0",
					"Size": "1.25 0.5"
				},
				{
					"Position": "-1.75 9.0",
					"Size": "1.25 0.5"
				},
				{
					"Position": "0.5 10.75",
					"Size": "1.25 0.5"
				},
				{
					"Position": "-1.75 10.75",
					"Size": "1.25 0.5"
				},
				{
					"Position": "-2.75 5.75",
					"Size": "5.5 2.25",
					"OneWay": true
				},
				{
					"Position": "14.75 1.5",
					"Size": "1.5 2.0",
					"OneWay": true
				},
				{
					"Position": "14.25 9.0",
					"Size": "2.25 0.75",
					"OneWay": true
				},
				{
					"Position": "-1.0 12.5",
					"Size": "2.0 0.75",
					"OneWay": true
				},
				{
					"Position": "-5.5 15.75",
					"Size": "0.75 4.0"
				},
				{
					"Position": "-4.75 14.25",
					"Size": "3.75 0.5",
					"OneWay": true
				},
				{
					"Position": "1.0 14.25",
					"Size": "3.75 0.5",
					"OneWay": true
				},
				{
					"Position": "4.75 15.75",
					"Size": "0.75 4.0"
				},
				{
					"Position": "-5.5 14.0",
					"Size": "0.75 1.0",
					"Impassable": true
				},
				{
					"Position": "4.75 14.0",
					"Size": "0.75 1.0",
					"Impassable": true
				},
				{
					"Position": "3.5 18.25",
					"Size": "1.25 1.5"
				},
				{
					"Position": "-1.25 15.75",
					"Size": "2.5 0.5",
					"OneWay": true
				},
				{
					"Position": "-1.75 17.25",
					"Size": "3.5 0.5",
					"OneWay": true,
					"HotZone": true
				},
				{
					"Position": "2.75 18.75",
					"Size": "0.75 0.5",
					"OneWay": true
				},
				{
					"Position": "-3.5 18.75",
					"Size": "0.75 0.5",
					"OneWay": true
				},
				{
					"Position": "5.5 17.0",
					"Size": "3.5 1.25",
					"OneWay": true
				},
				{
					"Position": "10.0 11.5",
					"Size": "6.25 2.0",
					"OneWay": true
				},
				{
					"Position": "14.5 12.0",
					"Size": "3.5 0.5",
					"OneWay": true
				},
				{
					"Position": "11.75 15.25",
					"Size": "3.5 0.5",
					"OneWay": true
				},
				{
					"Position": "-14.0 1.5",
					"Size": "1.5 4.0",
					"OneWay": true
				},
				{
					"Position": "15.5 12.75",
					"Size": "1.75 1.75",
					"OneWay": true
				},
				{
					"Position": "39.0 8.5",
					"Size": "1.0 2.0",
					"OneWay": true
				},
				{
					"Position": "38.25 8.5",
					"Size": "1.5 1.25",
					"OneWay": true
				},
				{
					"Position": "13.75 8.5",
					"Size": "3.25 2.5",
					"OneWay": true
				},
				{
					"Position": "12.0 13.5",
					"Size": "1.0 1.0",
					"OneWay": true
				},
				{
					"Position": "10.75 13.249999",
					"Size": "6.25 3.5",
					"OneWay": true,
					"HotZone": true
				},
				{
					"Position": "11.5 11.0",
					"Size": "1.25 1.0",
					"OneWay": true
				},
				{
					"Position": "-14.25 0.0",
					"Size": "8.5 1.75"
				},
				{
					"Position": "-6.25 3.25",
					"Size": "2.25 0.5"
				},
				{
					"Position": "-4.75 4.75",
					"Size": "0.75 0.5",
					"OneWay": true
				},
				{
					"Position": "-9.0 1.75",
					"Size": "1.25 5.5",
					"OneWay": true
				},
				{
					"Position": "-11.5 1.752846",
					"Size": "1.25 6.75",
					"OneWay": true
				},
				{
					"Position": "-10.75 1.75",
					"Size": "2.25 1.25",
					"OneWay": true
				},
				{
					"Position": "-50.25 0.0",
					"Size": "1.25 5.0"
				},
				{
					"Position": "-49.0 0.0",
					"Size": "12.25 1.0",
					"HotZone": true,
					"QuietZone": true
				},
				{
					"Position": "-16.0 12.0",
					"Size": "1.0 1.0",
					"OneWay": true
				},
				{
					"Position": "-23.0 0.0",
					"Size": "3.75 1.75"
				},
				{
					"Position": "-19.25 0.0",
					"Size": "0.5 2.0",
					"Impassable": true
				},
				{
					"Position": "-19.25 2.75",
					"Size": "0.5 1.5"
				},
				{
					"Position": "-21.5 3.75",
					"Size": "2.25 0.5"
				},
				{
					"Position": "-32.75 0.0",
					"Size": "3.0 1.0"
				},
				{
					"Position": "-18.75 0.0",
					"Size": "4.5 1.5"
				},
				{
					"Position": "-28.5 0.0",
					"Size": "2.75 1.75"
				},
				{
					"Position": "-35.75 0.0",
					"Size": "1.5 1.75"
				},
				{
					"Position": "-36.75 0.0",
					"Size": "1.0 1.25"
				},
				{
					"Position": "-25.75 0.0",
					"Size": "1.75 2.0"
				},
				{
					"Position": "-24.0 0.0",
					"Size": "1.0 4.25"
				},
				{
					"Position": "-10.5 5.75",
					"Size": "1.75 0.5",
					"OneWay": true
				},
				{
					"Position": "-17.75 1.5",
					"Size": "2.5 1.25",
					"OneWay": true
				},
				{
					"Position": "-49.0 3.0",
					"Size": "1.25 0.5"
				},
				{
					"Position": "-32.75 1.0",
					"Size": "3.0 1.0",
					"OneWay": true
				},
				{
					"Position": "-29.75 0.0",
					"Size": "1.25 3.0"
				},
				{
					"Position": "-34.25 0.0",
					"Size": "1.5 3.0"
				},
				{
					"Position": "-23.0 1.25",
					"Size": "1.0 1.75",
					"OneWay": true
				},
				{
					"Position": "-25.5 1.75",
					"Size": "1.5 1.5",
					"OneWay": true
				},
				{
					"Position": "-28.5 1.75",
					"Size": "2.25 0.75",
					"OneWay": true
				},
				{
					"Position": "-12.75 3.75",
					"Size": "1.5 0.5",
					"OneWay": true
				},
				{
					"Position": "-15.25 3.75",
					"Size": "1.5 0.5",
					"OneWay": true
				},
				{
					"Position": "-46.25 1.0",
					"Size": "1.25 1.25",
					"OneWay": true
				},
				{
					"Position": "-43.25 1.0",
					"Size": "1.5 0.5",
					"OneWay": true
				},
				{
					"Position": "-41.25 1.0",
					"Size": "1.0 6.25",
					"OneWay": true
				},
				{
					"Position": "-39.0 1.0",
					"Size": "1.0 6.25",
					"OneWay": true
				},
				{
					"Position": "-40.5 2.5",
					"Size": "1.75 0.5",
					"OneWay": true
				},
				{
					"Position": "-40.5 5.5",
					"Size": "1.75 0.5",
					"OneWay": true
				},
				{
					"Position": "-38.25 4.0",
					"Size": "1.5 0.5",
					"OneWay": true
				},
				{
					"Position": "-42.5 4.0",
					"Size": "1.5 0.5",
					"OneWay": true
				},
				{
					"Position": "-42.0 7.0",
					"Size": "4.75 1.0",
					"OneWay": true
				},
				{
					"Position": "-14.75 9.5",
					"Size": "1.75 0.5",
					"OneWay": true
				},
				{
					"Position": "-9.0 17.0",
					"Size": "3.5 1.25",
					"OneWay": true
				},
				{
					"Position": "-21.0 4.25",
					"Size": "1.5 1.5",
					"OneWay": true
				},
				{
					"Position": "-17.5 2.5",
					"Size": "1.25 6.0",
					"OneWay": true
				},
				{
					"Position": "-18.25 6.75",
					"Size": "1.25 0.5",
					"OneWay": true
				},
				{
					"Position": "-16.5 10.75",
					"Size": "6.5 4.5",
					"OneWay": true,
					"HotZone": true
				},
				{
					"Position": "-13.25 15.0",
					"Size": "2.5 1.75",
					"OneWay": true
				},
				{
					"Position": "-16.25 11.0",
					"Size": "6.0 0.5",
					"OneWay": true
				},
				{
					"Position": "-41.25 7.75",
					"Size": "1.5 1.25",
					"OneWay": true
				},
				{
					"Position": "-39.25 7.75",
					"Size": "1.5 2.0",
					"OneWay": true
				},
				{
					"Position": "-40.0 8.0",
					"Size": "1.0 2.5",
					"OneWay": true
				},
				{
					"Position": "-13.25 13.25",
					"Size": "1.0 1.0",
					"OneWay": true
				},
				{
					"Position": "-17.75 14.0",
					"Size": "1.5 0.5",
					"OneWay": true
				},
				{
					"Position": "-10.5 12.5",
					"Size": "1.5 0.5",
					"OneWay": true
				},
				{
					"Position": "9.0 12.5",
					"Size": "1.25 0.5",
					"OneWay": true
				}
			],
			"Props": {}
		}
	}
}