{
	"DisplayName": "FIREBIRD RANGE",
	"Description": "THE MAP USED FOR FIREBIRD PRACTICE",
	"SupportedTeams": 2,
	"IsChallenge": true,
	"Level": {
		"WorldBounds": "-15.0 0.0 97.0 30.0",
		"SpawnPoints": [
			{
				"Position": "-12.75 1.75",
				"Mask": "Player|FreeForAll|BreakTheTargets"
			},
			{
				"Position": "-2.5 3.75",
				"Mask": "Weapon0"
			},
			{
				"Position": "-8.0 3.0",
				"Size": "0.25 0.25",
				"Angle": "Degrees(90.0)",
				"Mask": "Objective|BreakTheTargets"
			},
			{
				"Position": "-4.75 3.0",
				"Size": "0.25 0.25",
				"Angle": "Degrees(90.0)",
				"Mask": "Objective|BreakTheTargets"
			},
			{
				"Position": "-3.75 5.0",
				"Size": "0.25 0.25",
				"Angle": "Degrees(90.0)",
				"Mask": "Objective|BreakTheTargets"
			},
			{
				"Position": "-3.750816 1.240746",
				"Size": "0.25 0.25",
				"Angle": "Degrees(90.0)",
				"Flipped": true,
				"Mask": "Objective|BreakTheTargets"
			},
			{
				"Position": "7.25 1.25",
				"Size": "0.25 0.25",
				"Angle": "Degrees(90.0)",
				"Flipped": true,
				"Mask": "Objective|BreakTheTargets"
			},
			{
				"Position": "12.75 1.25",
				"Size": "0.25 0.25",
				"Angle": "Degrees(90.0)",
				"Flipped": true,
				"Mask": "Objective|BreakTheTargets"
			},
			{
				"Position": "13.75 1.25",
				"Size": "0.25 0.25",
				"Angle": "Degrees(90.0)",
				"Flipped": true,
				"Mask": "Objective|BreakTheTargets"
			},
			{
				"Position": "28.75 4.25",
				"Size": "0.25 0.25",
				"Angle": "Degrees(90.0)",
				"Flipped": true,
				"Mask": "Objective|BreakTheTargets"
			},
			{
				"Position": "30.0 4.25",
				"Size": "0.25 0.25",
				"Angle": "Degrees(90.0)",
				"Flipped": true,
				"Mask": "Objective|BreakTheTargets"
			},
			{
				"Position": "35.75 4.0",
				"Size": "0.25 0.25",
				"Angle": "Degrees(90.0)",
				"Mask": "Objective|BreakTheTargets"
			},
			{
				"Position": "40.25 2.5",
				"Size": "0.25 0.25",
				"Angle": "Degrees(90.0)",
				"Mask": "Objective|BreakTheTargets"
			},
			{
				"Position": "41.5 2.5",
				"Size": "0.25 0.25",
				"Angle": "Degrees(90.0)",
				"Mask": "Objective|BreakTheTargets"
			},
			{
				"Position": "42.75 2.5",
				"Size": "0.25 0.25",
				"Angle": "Degrees(90.0)",
				"Mask": "Objective|BreakTheTargets"
			},
			{
				"Position": "41.5 4.0",
				"Size": "0.25 0.25",
				"Angle": "Degrees(90.0)",
				"Mask": "Objective|BreakTheTargets"
			},
			{
				"Position": "47.999878 4.250041",
				"Size": "0.25 0.25",
				"Angle": "Degrees(90.0)",
				"Flipped": true,
				"Mask": "Objective|BreakTheTargets"
			},
			{
				"Position": "48.75 4.25",
				"Size": "0.25 0.25",
				"Angle": "Degrees(90.0)",
				"Flipped": true,
				"Mask": "Objective|BreakTheTargets"
			},
			{
				"Position": "63.0 2.5",
				"Size": "0.25 0.25",
				"Angle": "Degrees(90.0)",
				"Mask": "Objective|BreakTheTargets"
			},
			{
				"Position": "63.75 2.5",
				"Size": "0.25 0.25",
				"Angle": "Degrees(90.0)",
				"Mask": "Objective|BreakTheTargets"
			},
			{
				"Position": "74.25 1.75",
				"Size": "0.25 0.25",
				"Angle": "Degrees(90.0)",
				"Flipped": true,
				"Mask": "Objective|BreakTheTargets"
			},
			{
				"Position": "19.0 2.5",
				"Size": "0.25 0.25",
				"Angle": "Degrees(90.0)",
				"Mask": "Objective|BreakTheTargets"
			}
		],
		"Entities": {
			"Platforms": [
				{
					"Position": "-15.25 -0.25",
					"Size": "16.25 1.5"
				},
				{
					"Position": "-8.5 3.0",
					"Size": "1.0 0.5"
				},
				{
					"Position": "-6.0 3.0",
					"Size": "4.5 0.5"
				},
				{
					"Position": "-4.25 5.0",
					"Size": "1.0 0.5"
				},
				{
					"Position": "1.0 -0.25",
					"Size": "0.75 2.5"
				},
				{
					"Position": "1.75 -0.25",
					"Size": "3.75 1.5"
				},
				{
					"Position": "5.5 -0.25",
					"Size": "0.75 2.75"
				},
				{
					"Position": "10.25 -0.25",
					"Size": "0.75 3.0"
				},
				{
					"Position": "6.25 -0.25",
					"Size": "4.0 1.5"
				},
				{
					"Position": "11.0 -0.25",
					"Size": "4.0 1.5"
				},
				{
					"Position": "15.0 -0.25",
					"Size": "0.75 3.0"
				},
				{
					"Position": "15.75 -0.25",
					"Size": "5.0 1.5"
				},
				{
					"Position": "23.75 -0.25",
					"Size": "5.75 1.5"
				},
				{
					"Position": "26.5 2.5",
					"Size": "1.75 0.25"
				},
				{
					"Position": "28.25 4.0",
					"Size": "3.25 0.25"
				},
				{
					"Position": "32.75 -0.25",
					"Size": "17.25 1.5"
				},
				{
					"Position": "18.75 2.5",
					"Size": "0.5 0.5"
				},
				{
					"Position": "34.25 4.0",
					"Size": "2.0 0.25"
				},
				{
					"Position": "35.75 2.5",
					"Size": "0.5 0.25"
				},
				{
					"Position": "50.0 -0.25",
					"Size": "0.25 1.75"
				},
				{
					"Position": "50.25 -0.25",
					"Size": "0.25 2.0"
				},
				{
					"Position": "50.5 -0.25",
					"Size": "0.25 2.25"
				},
				{
					"Position": "50.75 -0.25",
					"Size": "0.25 2.5"
				},
				{
					"Position": "52.0 -0.25",
					"Size": "0.25 2.5"
				},
				{
					"Position": "52.25 -0.25",
					"Size": "0.25 2.25"
				},
				{
					"Position": "52.5 -0.25",
					"Size": "0.25 2.0"
				},
				{
					"Position": "52.75 -0.25",
					"Size": "0.25 1.75"
				},
				{
					"Position": "53.0 -0.25",
					"Size": "2.5 1.5"
				},
				{
					"Position": "55.5 -0.25",
					"Size": "0.25 1.75"
				},
				{
					"Position": "55.75 -0.25",
					"Size": "0.25 2.0"
				},
				{
					"Position": "56.0 -0.25",
					"Size": "0.25 2.25"
				},
				{
					"Position": "56.25 -0.25",
					"Size": "0.5 2.5"
				},
				{
					"Position": "57.75 -0.25",
					"Size": "0.25 2.5"
				},
				{
					"Position": "58.0 -0.25",
					"Size": "0.25 2.25"
				},
				{
					"Position": "58.25 -0.25",
					"Size": "0.25 2.0"
				},
				{
					"Position": "58.5 -0.25",
					"Size": "0.25 1.75"
				},
				{
					"Position": "58.75 -0.25",
					"Size": "1.75 1.5"
				},
				{
					"Position": "60.5 -0.25",
					"Size": "0.75 2.25"
				},
				{
					"Position": "51.0 -0.25",
					"Size": "1.0 1.5"
				},
				{
					"Position": "56.75 -0.25",
					"Size": "1.0 1.5"
				},
				{
					"Position": "61.25 -0.25",
					"Size": "6.0 1.5"
				},
				{
					"Position": "67.25 -0.25",
					"Size": "0.75 2.25"
				},
				{
					"Position": "68.0 -0.25",
					"Size": "0.25 1.75"
				},
				{
					"Position": "68.25 -0.25",
					"Size": "0.25 2.0"
				},
				{
					"Position": "68.5 -0.25",
					"Size": "0.25 2.25"
				},
				{
					"Position": "68.75 -0.25",
					"Size": "0.25 2.5"
				},
				{
					"Position": "69.0 -0.25",
					"Size": "0.25 2.75"
				},
				{
					"Position": "69.25 -0.25",
					"Size": "0.25 3.0"
				},
				{
					"Position": "69.5 -0.25",
					"Size": "0.25 3.25"
				},
				{
					"Position": "69.75 -0.25",
					"Size": "0.25 3.5"
				},
				{
					"Position": "70.0 -0.25",
					"Size": "0.25 3.75"
				},
				{
					"Position": "70.25 -0.25",
					"Size": "0.25 4.0"
				},
				{
					"Position": "70.5 -0.25",
					"Size": "3.5 1.75"
				},
				{
					"Position": "74.0 -0.25",
					"Size": "0.5 2.0"
				},
				{
					"Position": "78.0 1.5",
					"Size": "1.25 1.5",
					"OneWay": true
				},
				{
					"Position": "78.5 2.5",
					"Size": "2.0 1.75",
					"OneWay": true
				},
				{
					"Position": "80.5 2.75",
					"Size": "0.25 0.5",
					"OneWay": true
				},
				{
					"Position": "78.25 2.75",
					"Size": "0.25 0.5",
					"OneWay": true
				},
				{
					"Position": "79.25 -0.25",
					"Size": "0.5 2.75"
				},
				{
					"Position": "79.75 -0.25",
					"Size": "3.5 1.75"
				},
				{
					"Position": "79.75 1.5",
					"Size": "1.25 1.5",
					"OneWay": true
				},
				{
					"Position": "78.75 2.75",
					"Size": "0.25 0.5",
					"OneWay": true
				},
				{
					"Position": "80.0 2.75",
					"Size": "0.25 0.5",
					"OneWay": true
				},
				{
					"Position": "78.75 4.0",
					"Size": "0.25 0.5",
					"OneWay": true
				},
				{
					"Position": "80.0 4.0",
					"Size": "0.25 0.5",
					"OneWay": true
				},
				{
					"Position": "79.25 4.0",
					"Size": "0.5 0.5",
					"OneWay": true
				},
				{
					"Position": "40.0 2.5",
					"Size": "0.5 0.25"
				},
				{
					"Position": "41.25 2.5",
					"Size": "0.5 0.25"
				},
				{
					"Position": "42.5 2.5",
					"Size": "0.5 0.25"
				},
				{
					"Position": "41.25 4.0",
					"Size": "0.5 0.25"
				},
				{
					"Position": "47.5 4.0",
					"Size": "1.75 0.25"
				},
				{
					"Position": "48.0 2.5",
					"Size": "0.75 0.25"
				},
				{
					"Position": "44.5 2.5",
					"Size": "0.25 0.25"
				},
				{
					"Position": "45.5 4.0",
					"Size": "0.75 0.25"
				},
				{
					"Position": "62.25 2.5",
					"Size": "2.75 0.25"
				},
				{
					"Position": "74.5 -0.25",
					"Size": "4.75 1.75"
				},
				{
					"Position": "38.0 2.5",
					"Size": "0.75 0.25"
				}
			],
			"Interactions": [
				{
					"Position": "-10.75 1.25",
					"Size": "1.0 1.0",
					"Data": "Sign",
					"Interact": {
						"Action": "TutorialAction",
						"Type": "FireBirdInfo"
					}
				}
			]
		},
		"Backgrounds": []
	},
	"PreviewArea": "-12.900013 0.3 16.0 9.0",
	"PreviewPlatforms": [
		"-15.25 -0.25 16.25 1.5",
		"1.0 -0.25 0.75 2.5",
		"1.75 -0.25 3.75 1.5",
		"-6.0 3.0 4.5 0.5",
		"-4.25 5.0 1.0 0.5",
		"-8.5 3.0 1.0 0.5"
	]
}