{
	"DisplayName": "GRENADE LAUNCHER RANGE",
	"Description": "THE MAP USED FOR GRENADE LAUNCHER PRACTICE",
	"SupportedTeams": 2,
	"IsChallenge": true,
	"PreviewArea": "-14.10002 -0.4 32.0 18.0",
	"PreviewPlatforms": [
		"-2.75 -0.5 1.0 0.5",
		"-3.0 -0.5 0.25 1.0",
		"-1.75 -0.5 0.25 1.0",
		"-0.5 -0.5 1.0 0.5",
		"-0.75 -0.5 0.25 1.0",
		"0.5 -0.5 0.25 1.0",
		"-13.75 0.5 1.25 0.5",
		"-15.25 -1.25 9.5 1.75",
		"-4.5 8.75 0.25 1.0",
		"-4.25 8.75 1.0 0.5",
		"-3.25 8.75 0.25 1.0",
		"3.5 8.75 0.25 1.0",
		"3.75 8.75 1.0 0.5",
		"4.75 8.75 0.25 1.0",
		"3.75 2.498372 0.5 0.25",
		"4.25 1.5 0.25 1.25",
		"3.75 1.5 0.5 0.25",
		"7.75 0.75 0.25 1.0",
		"8.0 0.75 1.0 0.5",
		"9.0 0.75 0.25 1.0",
		"15.75 1.25 0.25 1.0",
		"16.0 1.25 1.0 0.5",
		"17.0 1.25 0.25 1.0",
		"1.25 3.5 1.0 0.5",
		"2.25 3.5 0.25 1.0",
		"1.0 3.5 0.25 1.0"
	],
	"Level": {
		"WorldBounds": "-15.0 -1.0 50.0 30.0",
		"SpawnPoints": [
			{
				"Position": "-10.75 1.0",
				"Mask": "Player|FreeForAll|BreakTheTargets"
			},
			{
				"Position": "-13.25 1.25",
				"Mask": "Weapon0"
			},
			{
				"Position": "-2.25 0.0",
				"Size": "0.25 0.25",
				"Angle": "Degrees(90.0)",
				"Flipped": true,
				"Mask": "Objective|BreakTheTargets"
			},
			{
				"Position": "0.0 0.0",
				"Size": "0.25 0.25",
				"Angle": "Degrees(90.0)",
				"Flipped": true,
				"Mask": "Objective|BreakTheTargets"
			},
			{
				"Position": "1.75 4.0",
				"Size": "0.25 0.25",
				"Angle": "Degrees(90.0)",
				"Flipped": true,
				"Mask": "Objective|BreakTheTargets"
			},
			{
				"Position": "-3.75 9.25",
				"Size": "0.25 0.25",
				"Angle": "Degrees(90.0)",
				"Flipped": true,
				"Mask": "Objective|BreakTheTargets"
			},
			{
				"Position": "4.25 9.25",
				"Size": "0.25 0.25",
				"Angle": "Degrees(90.0)",
				"Flipped": true,
				"Mask": "Objective|BreakTheTargets"
			},
			{
				"Position": "8.5 1.25",
				"Size": "0.25 0.25",
				"Angle": "Degrees(90.0)",
				"Flipped": true,
				"Mask": "Objective|BreakTheTargets"
			},
			{
				"Position": "16.5 1.75",
				"Size": "0.25 0.25",
				"Angle": "Degrees(90.0)",
				"Flipped": true,
				"Mask": "Objective|BreakTheTargets"
			},
			{
				"Position": "4.25 2.125",
				"Size": "0.25 0.25",
				"Mask": "Objective|BreakTheTargets"
			}
		],
		"Entities": {
			"Platforms": [
				{
					"Position": "-15.25 -1.25",
					"Size": "9.5 1.75"
				},
				{
					"Position": "-3.0 -0.5",
					"Size": "0.25 1.0"
				},
				{
					"Position": "-2.75 -0.5",
					"Size": "1.0 0.5"
				},
				{
					"Position": "-1.75 -0.5",
					"Size": "0.25 1.0"
				},
				{
					"Position": "-13.75 0.5",
					"Size": "1.25 0.5",
					"OneWay": true
				},
				{
					"Position": "16.0 1.25",
					"Size": "1.0 0.5"
				},
				{
					"Position": "17.0 1.25",
					"Size": "0.25 1.0"
				},
				{
					"Position": "15.75 1.25",
					"Size": "0.25 1.0"
				},
				{
					"Position": "-0.75 -0.5",
					"Size": "0.25 1.0"
				},
				{
					"Position": "-0.5 -0.5",
					"Size": "1.0 0.5"
				},
				{
					"Position": "0.5 -0.5",
					"Size": "0.25 1.0"
				},
				{
					"Position": "-4.5 8.75",
					"Size": "0.25 1.0"
				},
				{
					"Position": "-4.25 8.75",
					"Size": "1.0 0.5"
				},
				{
					"Position": "-3.25 8.75",
					"Size": "0.25 1.0"
				},
				{
					"Position": "1.0 3.5",
					"Size": "0.25 1.0"
				},
				{
					"Position": "1.25 3.5",
					"Size": "1.0 0.5"
				},
				{
					"Position": "2.25 3.5",
					"Size": "0.25 1.0"
				},
				{
					"Position": "8.0 0.75",
					"Size": "1.0 0.5"
				},
				{
					"Position": "9.0 0.75",
					"Size": "0.25 1.0"
				},
				{
					"Position": "7.75 0.75",
					"Size": "0.25 1.0"
				},
				{
					"Position": "3.75 8.75",
					"Size": "1.0 0.5"
				},
				{
					"Position": "4.75 8.75",
					"Size": "0.25 1.0"
				},
				{
					"Position": "3.5 8.75",
					"Size": "0.25 1.0"
				},
				{
					"Position": "4.25 1.5",
					"Size": "0.25 1.25"
				},
				{
					"Position": "3.75 2.498372",
					"Size": "0.5 0.25"
				},
				{
					"Position": "3.75 1.5",
					"Size": "0.5 0.25"
				}
			],
			"Interactions": [
				{
					"Position": "-9.0 0.5",
					"Size": "1.0 1.0",
					"Data": "Sign",
					"Interact": {
						"Action": "TutorialAction",
						"Type": "GrenadeLauncherInfo"
					}
				}
			]
		},
		"Backgrounds": []
	}
}