{
	"DisplayName": "HOMING ROCKETS RANGE",
	"Description": "THE MAP USED FOR HOMING ROCKETS PRACTICE",
	"SupportedTeams": 2,
	"IsChallenge": true,
	"PreviewArea": "-12.0 -0.5 16.0 9.0",
	"PreviewPlatforms": [
		"-8.75 6.25 1.75 0.5",
		"-5.75 7.0 1.25 0.25",
		"-5.25 2.0 0.25 5.0",
		"-3.25 6.25 1.75 0.5",
		"-3.5 5.0 0.25 1.75",
		"-3.5 3.75 0.25 1.0",
		"-5.0 4.75 1.75 0.25",
		"-7.0 4.75 1.75 0.25",
		"-7.0 5.0 0.25 1.75",
		"-5.0 2.0 1.75 0.25",
		"-7.0 2.217556 0.25 1.0",
		"-7.0 2.0 1.75 0.25",
		"-13.25 6.25 2.5 0.5",
		"-13.25 4.75 2.5 0.5",
		"-13.25 3.25 2.5 0.5",
		"-13.25 0.5 2.5 2.0",
		"-10.75 0.5 1.75 1.0",
		"-13.25 -1.25 22.75 1.75",
		"0.0 0.5 2.75 2.0",
		"2.75 0.5 2.25 1.0",
		"2.5 6.25 3.0 0.5",
		"2.5 8.25 0.5 1.5"
	],
	"Level": {
		"WorldBounds": "-15.0 0.0 30.0 30.0",
		"SpawnPoints": [
			{
				"Position": "8.0 2.0",
				"Size": "0.25 0.25",
				"Flipped": true,
				"Mask": "Player|FreeForAll|BreakTheTargets"
			},
			{
				"Position": "0.499999 3.757576",
				"Size": "0.25 0.25",
				"Mask": "Weapon0"
			},
			{
				"Position": "-4.25 5.75",
				"Size": "0.25 0.25",
				"Angle": "Degrees(90.0)",
				"Mask": "Objective|BreakTheTargets"
			},
			{
				"Position": "-5.25 6.75",
				"Size": "0.25 0.25",
				"Mask": "Objective|FreeForAll|BreakTheTargets"
			},
			{
				"Position": "-6.0 3.25",
				"Size": "0.25 0.25",
				"Angle": "Degrees(90.0)",
				"Flipped": true,
				"Mask": "Objective|FreeForAll|BreakTheTargets"
			},
			{
				"Position": "-5.0 6.75",
				"Size": "0.25 0.25",
				"Flipped": true,
				"Mask": "Objective|FreeForAll|BreakTheTargets"
			},
			{
				"Position": "-13.25 1.5",
				"Size": "0.25 0.25",
				"Mask": "Objective|FreeForAll|BreakTheTargets"
			},
			{
				"Position": "14.5 0.5",
				"Size": "0.25 0.25",
				"Mask": "Objective|FreeForAll|BreakTheTargets"
			},
			{
				"Position": "3.995823 10.75",
				"Size": "0.25 0.25",
				"Angle": "Degrees(90.0)",
				"Mask": "Objective|FreeForAll|BreakTheTargets"
			}
		],
		"Entities": {
			"Platforms": [
				{
					"Position": "-13.25 -0.25",
					"Size": "22.75 1.75"
				},
				{
					"Position": "-5.0 5.75",
					"Size": "1.75 0.25"
				},
				{
					"Position": "-5.25 3.0",
					"Size": "0.25 5.0"
				},
				{
					"Position": "-3.5 5.0",
					"Size": "0.25 1.0"
				},
				{
					"Position": "-5.0 3.0",
					"Size": "1.75 0.25"
				},
				{
					"Position": "0.0 1.5",
					"Size": "2.75 2.0"
				},
				{
					"Position": "2.75 1.5",
					"Size": "2.25 1.0"
				},
				{
					"Position": "-3.5 6.0",
					"Size": "0.25 1.75"
				},
				{
					"Position": "-7.0 6.0",
					"Size": "0.25 1.75"
				},
				{
					"Position": "-7.0 5.75",
					"Size": "1.75 0.25"
				},
				{
					"Position": "-5.75 8.0",
					"Size": "1.25 0.25"
				},
				{
					"Position": "-7.0 3.0",
					"Size": "1.75 0.25"
				},
				{
					"Position": "-7.0 3.217556",
					"Size": "0.25 1.0"
				},
				{
					"Position": "-13.25 1.5",
					"Size": "2.5 2.0"
				},
				{
					"Position": "-10.75 1.5",
					"Size": "1.75 1.0"
				},
				{
					"Position": "-13.25 4.25",
					"Size": "2.5 0.5",
					"OneWay": true
				},
				{
					"Position": "-13.25 5.75",
					"Size": "2.5 0.5",
					"OneWay": true
				},
				{
					"Position": "-13.25 7.25",
					"Size": "2.5 0.5",
					"OneWay": true
				},
				{
					"Position": "-8.75 7.25",
					"Size": "1.75 0.5"
				},
				{
					"Position": "-3.25 7.25",
					"Size": "1.75 0.5"
				},
				{
					"Position": "-13.5 2.25",
					"Size": "0.25 0.25"
				},
				{
					"Position": "12.0 1.0",
					"Size": "3.25 0.5"
				},
				{
					"Position": "14.5 -0.25",
					"Size": "0.75 1.25"
				},
				{
					"Position": "2.5 7.25",
					"Size": "3.0 0.5"
				},
				{
					"Position": "2.5 9.25",
					"Size": "0.5 1.5"
				},
				{
					"Position": "2.5 10.75",
					"Size": "3.0 0.5"
				},
				{
					"Position": "5.0 7.75",
					"Size": "0.5 3.0"
				}
			],
			"Interactions": [
				{
					"Position": "4.25 2.5",
					"Size": "1.0 1.0",
					"Data": "Sign",
					"Interact": {
						"Action": "TutorialAction",
						"Type": "PistolInfo"
					}
				}
			]
		},
		"Backgrounds": []
	}
}