{
	"DisplayName": "JK47 RANGE",
	"Description": "THE MAP USED FOR JK47 PRACTICE",
	"SupportedTeams": 2,
	"IsChallenge": true,
	"PreviewArea": "-2.900002 0.5 16.0 9.0",
	"PreviewPlatforms": [
		"-14.5 -0.25 29.0 1.5",
		"2.25 1.286811 1.25 2.0",
		"4.0 1.25 1.25 0.5",
		"-5.0 3.75 6.0 0.5",
		"5.0 3.75 3.5 0.5",
		"9.0 3.75 3.25 0.5",
		"9.0 4.25 0.75 1.0",
		"8.5 3.75 0.5 3.0",
		"7.75 4.25 0.75 1.0",
		"-1.75 8.25 1.25 0.5",
		"-5.0 5.75 11.0 0.5",
		"8.5 8.25 0.5 1.5",
		"11.25 5.75 0.5 3.0",
		"11.75 6.75 1.0 0.5",
		"-12.5 7.75 19.0 0.5",
		"6.0 5.75 0.5 2.0"
	],
	"Level": {
		"WorldBounds": "-15.0 0.0 30.0 30.0",
		"SpawnPoints": [
			{
				"Position": "1.25 1.75",
				"Mask": "Player|FreeForAll|BreakTheTargets"
			},
			{
				"Position": "5.25 2.0",
				"Mask": "Weapon0"
			},
			{
				"Position": "2.875 5.75",
				"Size": "0.25 0.25",
				"Angle": "Degrees(90.0)",
				"Mask": "Objective|BreakTheTargets"
			},
			{
				"Position": "-4.5 3.25",
				"Size": "0.25 0.25",
				"Flipped": true,
				"Mask": "Objective|BreakTheTargets"
			},
			{
				"Position": "6.0 7.0",
				"Size": "0.25 0.25",
				"Mask": "Objective|BreakTheTargets"
			},
			{
				"Position": "-9.0 7.75",
				"Size": "0.25 0.25",
				"Angle": "Degrees(90.0)",
				"Mask": "Objective|BreakTheTargets"
			},
			{
				"Position": "-10.5 6.5",
				"Size": "0.25 0.25",
				"Mask": "Objective|BreakTheTargets"
			},
			{
				"Position": "14.5 11.5",
				"Size": "0.25 0.25",
				"Mask": "Objective|BreakTheTargets"
			},
			{
				"Position": "3.25 10.75",
				"Size": "0.25 0.25",
				"Mask": "Objective|BreakTheTargets"
			},
			{
				"Position": "-7.5 10.75",
				"Size": "0.25 0.25",
				"Mask": "Objective|BreakTheTargets"
			},
			{
				"Position": "-14.5 11.75",
				"Size": "0.25 0.25",
				"Flipped": true,
				"Mask": "Objective|BreakTheTargets"
			},
			{
				"Position": "11.75 8.0",
				"Size": "0.25 0.25",
				"Flipped": true,
				"Mask": "Objective|BreakTheTargets"
			}
		],
		"Entities": {
			"Platforms": [
				{
					"Position": "-14.5 -0.25",
					"Size": "29.0 1.5"
				},
				{
					"Position": "4.75 1.25",
					"Size": "1.25 0.5",
					"OneWay": true
				},
				{
					"Position": "2.0 1.286811",
					"Size": "1.75 2.0",
					"OneWay": true
				},
				{
					"Position": "5.0 3.75",
					"Size": "3.5 0.5"
				},
				{
					"Position": "14.5 -0.25",
					"Size": "0.75 14.25"
				},
				{
					"Position": "-14.5 13.0",
					"Size": "29.0 1.0"
				},
				{
					"Position": "-15.25 -0.25",
					"Size": "0.75 14.25"
				},
				{
					"Position": "8.5 3.75",
					"Size": "0.5 3.0"
				},
				{
					"Position": "9.0 3.75",
					"Size": "3.25 0.5"
				},
				{
					"Position": "11.25 5.75",
					"Size": "0.5 3.0"
				},
				{
					"Position": "8.5 8.25",
					"Size": "0.5 1.5"
				},
				{
					"Position": "0.0 9.75",
					"Size": "3.25 0.5"
				},
				{
					"Position": "-12.5 7.75",
					"Size": "19.0 0.5"
				},
				{
					"Position": "-5.0 5.75",
					"Size": "11.0 0.5"
				},
				{
					"Position": "6.0 5.75",
					"Size": "0.5 2.0"
				},
				{
					"Position": "-11.5 9.75",
					"Size": "4.0 0.5"
				},
				{
					"Position": "-12.0 9.75",
					"Size": "0.5 1.5"
				},
				{
					"Position": "-12.0 12.0",
					"Size": "0.5 1.0"
				},
				{
					"Position": "-14.5 9.75",
					"Size": "2.5 0.5"
				},
				{
					"Position": "-8.0 4.25",
					"Size": "0.5 3.5"
				},
				{
					"Position": "-5.0 3.75",
					"Size": "6.0 0.5"
				},
				{
					"Position": "-5.0 2.5",
					"Size": "0.5 1.25"
				},
				{
					"Position": "-12.5 2.5",
					"Size": "7.5 0.5"
				},
				{
					"Position": "-14.5 4.5",
					"Size": "2.0 0.5"
				},
				{
					"Position": "-10.5 5.5",
					"Size": "0.5 2.25"
				},
				{
					"Position": "-14.5 1.25",
					"Size": "1.0 0.75",
					"OneWay": true
				},
				{
					"Position": "13.25 1.25",
					"Size": "1.25 1.5",
					"OneWay": true
				},
				{
					"Position": "-12.0 3.0",
					"Size": "1.0 0.5",
					"OneWay": true
				},
				{
					"Position": "-7.5 4.5",
					"Size": "0.75 0.5",
					"OneWay": true
				},
				{
					"Position": "-14.5 6.0",
					"Size": "0.75 0.5",
					"OneWay": true
				},
				{
					"Position": "-12.5 6.25",
					"Size": "0.5 1.5"
				},
				{
					"Position": "-13.25 7.0",
					"Size": "0.75 0.5",
					"OneWay": true
				},
				{
					"Position": "-1.75 8.25",
					"Size": "1.25 0.5",
					"OneWay": true
				},
				{
					"Position": "-7.5 9.75",
					"Size": "1.75 1.5"
				},
				{
					"Position": "-5.75 9.75",
					"Size": "3.5 0.5"
				},
				{
					"Position": "3.25 9.75",
					"Size": "2.0 1.5"
				},
				{
					"Position": "5.25 9.75",
					"Size": "3.75 0.5"
				},
				{
					"Position": "11.25 10.5",
					"Size": "0.5 2.5"
				},
				{
					"Position": "13.75 10.25",
					"Size": "0.75 0.5"
				},
				{
					"Position": "13.5 5.25",
					"Size": "1.0 0.5",
					"OneWay": true
				},
				{
					"Position": "11.75 6.75",
					"Size": "1.0 0.5",
					"OneWay": true
				},
				{
					"Position": "7.75 4.25",
					"Size": "0.75 1.0",
					"OneWay": true
				},
				{
					"Position": "9.0 4.25",
					"Size": "0.75 1.0",
					"OneWay": true
				},
				{
					"Position": "-11.25 5.5",
					"Size": "0.75 0.5"
				}
			],
			"Interactions": [
				{
					"Position": "0.0 1.25",
					"Size": "1.0 1.0",
					"Data": "Sign",
					"Interact": {
						"Action": "TutorialAction",
						"Type": "JkInfo"
					}
				}
			]
		},
		"Backgrounds": []
	}
}