{
	"DisplayName": "NAVIGATOR",
	"Description": "THE MAP USED FOR LOADOUT TRAINING",
	"SupportedTeams": 2,
	"IsChallenge": true,
	"Level": {
		"WorldBounds": "-41.0 0.0 59.0 34.0",
		"SpawnPoints": [
			{
				"Position": "-38.25 14.25",
				"Size": "0.25 0.25",
				"Mask": "Player|RedTeam|Deathmatch|Conquest"
			},
			{
				"Position": "0.0 9.5",
				"Size": "0.25 0.25",
				"Mask": "Player|BlueTeam|Deathmatch|Conquest"
			}
		],
		"Entities": {
			"Platforms": [
				{
					"Position": "-1.0 -0.25",
					"Size": "0.5 4.0"
				},
				{
					"Position": "-40.5 -0.25",
					"Size": "10.5 14.0"
				},
				{
					"Position": "-33.75 16.75",
					"Size": "3.0 0.5",
					"OneWay": true
				},
				{
					"Position": "-30.0 -0.25",
					"Size": "6.25 18.5",
					"Impassable": true
				},
				{
					"Position": "-25.0 21.0",
					"Size": "3.0 1.0"
				},
				{
					"Position": "-23.75 16.5",
					"Size": "9.75 1.75",
					"Impassable": true
				},
				{
					"Position": "-9.75 6.0",
					"Size": "1.25 25.5"
				},
				{
					"Position": "-14.25 7.0",
					"Size": "4.5 6.5"
				},
				{
					"Position": "-12.0 14.75",
					"Size": "2.25 1.75",
					"OneWay": true
				},
				{
					"Position": "-16.75 8.0",
					"Size": "2.5 4.5"
				},
				{
					"Position": "-19.25 9.0",
					"Size": "2.5 2.5"
				},
				{
					"Position": "-23.75 -0.25",
					"Size": "2.0 5.75"
				},
				{
					"Position": "-21.75 10.0",
					"Size": "2.5 0.5"
				},
				{
					"Position": "-21.75 -0.25",
					"Size": "2.5 4.75"
				},
				{
					"Position": "-19.25 -0.25",
					"Size": "2.5 3.75"
				},
				{
					"Position": "-16.75 -0.25",
					"Size": "2.5 2.75"
				},
				{
					"Position": "-14.25 -0.25",
					"Size": "13.25 1.75"
				},
				{
					"Position": "5.5 -0.25",
					"Size": "8.5 2.25"
				},
				{
					"Position": "-0.5 -0.25",
					"Size": "6.0 1.75"
				},
				{
					"Position": "-13.25 13.5",
					"Size": "3.5 1.5",
					"OneWay": true
				},
				{
					"Position": "14.0 -0.25",
					"Size": "3.25 3.5"
				},
				{
					"Position": "-1.75 6.5",
					"Size": "11.25 2.5"
				},
				{
					"Position": "17.25 -0.25",
					"Size": "1.0 34.75"
				},
				{
					"Position": "-40.5 32.75",
					"Size": "57.75 1.75"
				},
				{
					"Position": "-41.25 -0.25",
					"Size": "0.75 34.75"
				},
				{
					"Position": "9.5 6.0",
					"Size": "2.0 6.0"
				},
				{
					"Position": "15.25 3.25",
					"Size": "2.0 2.5",
					"OneWay": true
				},
				{
					"Position": "11.5 6.5",
					"Size": "2.25 1.0"
				},
				{
					"Position": "11.5 7.5",
					"Size": "1.5 1.5",
					"OneWay": true
				},
				{
					"Position": "11.5 8.75",
					"Size": "1.0 1.75",
					"OneWay": true
				},
				{
					"Position": "-8.5 6.5",
					"Size": "6.75 4.5"
				},
				{
					"Position": "3.0 9.0",
					"Size": "2.5 2.5",
					"OneWay": true
				}
			],
			"Hazards": [
				{
					"Position": "-30.0 18.25",
					"Size": "16.0 0.5",
					"Data": "Gap"
				},
				{
					"Position": "-16.75 12.5",
					"Size": "2.5 0.5",
					"Data": "Gap"
				},
				{
					"Position": "-19.25 11.500001",
					"Size": "2.5 0.5",
					"Data": "Gap"
				},
				{
					"Position": "-21.75 10.5",
					"Size": "2.5 0.5",
					"Data": "Gap"
				},
				{
					"Position": "-23.749998 5.5",
					"Size": "2.0 0.5",
					"Data": "Gap"
				},
				{
					"Position": "-21.750002 4.5",
					"Size": "2.5 0.5",
					"Data": "Gap"
				},
				{
					"Position": "-19.25 3.5",
					"Size": "2.5 0.5",
					"Data": "Gap"
				},
				{
					"Position": "-16.75 2.5",
					"Size": "2.5 0.5",
					"Data": "Gap"
				},
				{
					"Position": "-0.5 1.5",
					"Size": "6.0 0.5",
					"Data": "Gap"
				}
			],
			"Interactions": [
				{
					"Position": "-33.0 13.75",
					"Size": "1.0 1.0",
					"Data": "Sign",
					"Interact": {
						"Action": "TutorialAction",
						"Type": "LoadoutTrainingThree"
					}
				},
				{
					"Position": "-31.375 17.25",
					"Size": "1.25 1.25",
					"Data": "Sign",
					"Interact": {
						"Action": "TutorialAction",
						"Type": "LoadoutTrainingFive"
					}
				},
				{
					"Position": "-24.0 22.0",
					"Size": "1.0 1.0",
					"Data": "Sign",
					"Interact": {
						"Action": "TutorialAction",
						"Type": "LoadoutTrainingSix"
					}
				},
				{
					"Position": "-2.25 1.5",
					"Size": "1.0 1.0",
					"Data": "Sign",
					"Interact": {
						"Action": "TutorialAction",
						"Type": "LoadoutTrainingSeven"
					}
				},
				{
					"Position": "10.5 12.0",
					"Size": "1.0 1.0",
					"Data": "Sign",
					"Interact": {
						"Action": "TutorialAction",
						"Type": "LoadoutTrainingEight"
					}
				},
				{
					"Position": "-34.25 13.75",
					"Size": "1.0 1.0",
					"Data": "Sign",
					"Interact": {
						"Action": "TutorialAction",
						"Type": "LoadoutTrainingTwo"
					}
				},
				{
					"Position": "-31.75 13.75",
					"Size": "1.0 1.0",
					"Data": "Sign",
					"Interact": {
						"Action": "TutorialAction",
						"Type": "LoadoutTrainingFour"
					}
				},
				{
					"Position": "-35.5 13.75",
					"Size": "1.0 1.0",
					"Data": "Sign",
					"Interact": {
						"Action": "TutorialAction",
						"Type": "LoadoutTrainingOne"
					}
				}
			]
		},
		"Backgrounds": []
	},
	"PreviewArea": "-25.000059 0.5 16.0 9.0",
	"PreviewPlatforms": [
		"-30.0 -0.25 6.25 18.5",
		"-23.75 -0.25 2.0 5.75",
		"-16.75 -0.25 2.5 2.75",
		"-19.25 -0.25 2.5 3.75",
		"-21.75 -0.25 2.5 4.75",
		"-14.25 -0.25 13.25 1.75",
		"-14.25 7.0 4.5 6.5",
		"-9.75 6.0 1.25 25.5",
		"-16.75 8.0 2.5 4.5",
		"-19.25 9.0 2.5 2.5"
	]
}