{
	"DisplayName": "MACHINE GUN RANGE",
	"Description": "THE MAP USED FOR MACHINE GUN PRACTICE",
	"SupportedTeams": 2,
	"IsChallenge": true,
	"PreviewArea": "-9.700001 0.5 24.0 13.5",
	"PreviewPlatforms": [
		"13.75 -0.25 1.5 19.0",
		"13.0 12.25 0.75 1.25",
		"6.75 11.75 7.0 0.5",
		"5.0 3.5 0.5 11.5",
		"4.0 11.75 1.0 0.5",
		"3.25 13.25 1.0 0.5",
		"5.5 9.0 7.0 0.5",
		"13.0 6.75 0.75 1.25",
		"6.75 6.25 7.0 0.5",
		"5.5 4.0 0.75 1.25",
		"5.5 3.5 7.0 0.5",
		"13.0 1.25 0.75 1.25",
		"0.0 -0.25 13.75 1.5",
		"-7.75 -0.25 0.5 3.0",
		"-7.25 2.0 6.75 0.5",
		"-0.5 -0.25 0.5 3.0",
		"0.0 3.75 1.5 0.5",
		"-2.5 5.25 1.5 0.5",
		"-13.75 6.5 11.0 0.75",
		"-9.75 9.75 6.0 0.5",
		"-9.25 10.25 3.25 1.25",
		"-8.25 11.25 2.0 1.75",
		"-1.25 10.25 1.75 0.5",
		"1.5 10.25 1.75 0.5",
		"3.25 7.75 0.5 3.0",
		"-1.75 7.75 0.5 3.0",
		"-2.75 8.25 1.0 0.5",
		"-1.75 7.25 5.5 0.5",
		"5.5 9.5 0.75 1.25"
	],
	"Level": {
		"WorldBounds": "-15.0 0.0 30.0 30.0",
		"SpawnPoints": [
			{
				"Position": "-10.75 7.75",
				"Mask": "Player|FreeForAll|BreakTheTargets"
			},
			{
				"Position": "5.5 7.75",
				"Size": "0.25 0.25",
				"Flipped": true,
				"Mask": "Objective|BreakTheTargets"
			},
			{
				"Position": "-6.5 1.25",
				"Size": "0.25 0.25",
				"Angle": "Degrees(90.0)",
				"Flipped": true,
				"Mask": "Objective|BreakTheTargets"
			},
			{
				"Position": "-13.75 2.0",
				"Size": "0.25 0.25",
				"Flipped": true,
				"Mask": "Objective|BreakTheTargets"
			},
			{
				"Position": "-13.75 13.75",
				"Size": "0.25 0.25",
				"Flipped": true,
				"Mask": "Objective|BreakTheTargets"
			},
			{
				"Position": "-13.25 12.75",
				"Size": "0.25 0.25",
				"Angle": "Degrees(90.0)",
				"Mask": "Objective|BreakTheTargets"
			},
			{
				"Position": "-0.5 7.75",
				"Size": "0.25 0.25",
				"Angle": "Degrees(90.0)",
				"Flipped": true,
				"Mask": "Objective|BreakTheTargets"
			},
			{
				"Position": "13.75 15.25",
				"Size": "0.25 0.25",
				"Mask": "Objective|BreakTheTargets"
			},
			{
				"Position": "-9.0 9.75",
				"Size": "0.25 0.25",
				"Angle": "Degrees(90.0)",
				"Mask": "Objective|BreakTheTargets"
			},
			{
				"Position": "13.75 10.5",
				"Size": "0.25 0.25",
				"Mask": "Objective|BreakTheTargets"
			},
			{
				"Position": "5.5 12.5",
				"Size": "0.25 0.25",
				"Flipped": true,
				"Mask": "Objective|BreakTheTargets"
			},
			{
				"Position": "13.75 9.75",
				"Size": "0.25 0.25",
				"Mask": "Objective|BreakTheTargets"
			},
			{
				"Position": "5.5 8.5",
				"Size": "0.25 0.25",
				"Flipped": true,
				"Mask": "Objective|BreakTheTargets"
			},
			{
				"Position": "-1.25 9.75",
				"Size": "0.25 0.25",
				"Flipped": true,
				"Mask": "Objective|BreakTheTargets"
			},
			{
				"Position": "13.745467 4.248367",
				"Size": "0.25 0.25",
				"Mask": "Objective|BreakTheTargets"
			},
			{
				"Position": "5.5 7.0",
				"Size": "0.25 0.25",
				"Flipped": true,
				"Mask": "Objective|BreakTheTargets"
			},
			{
				"Position": "-13.75 14.5",
				"Size": "0.25 0.25",
				"Flipped": true,
				"Mask": "Objective|BreakTheTargets"
			},
			{
				"Position": "-13.75 15.25",
				"Size": "0.25 0.25",
				"Flipped": true,
				"Mask": "Objective|BreakTheTargets"
			},
			{
				"Position": "-13.75 16.0",
				"Size": "0.25 0.25",
				"Flipped": true,
				"Mask": "Objective|BreakTheTargets"
			},
			{
				"Position": "-13.75 2.75",
				"Size": "0.25 0.25",
				"Flipped": true,
				"Mask": "Objective|BreakTheTargets"
			},
			{
				"Position": "-13.75 3.5",
				"Size": "0.25 0.25",
				"Flipped": true,
				"Mask": "Objective|BreakTheTargets"
			},
			{
				"Position": "-13.75 4.25",
				"Size": "0.25 0.25",
				"Flipped": true,
				"Mask": "Objective|BreakTheTargets"
			},
			{
				"Position": "-13.75 5.0",
				"Size": "0.25 0.25",
				"Flipped": true,
				"Mask": "Objective|BreakTheTargets"
			},
			{
				"Position": "-13.75 5.75",
				"Size": "0.25 0.25",
				"Flipped": true,
				"Mask": "Objective|BreakTheTargets"
			},
			{
				"Position": "-5.75 1.25",
				"Size": "0.25 0.25",
				"Angle": "Degrees(90.0)",
				"Flipped": true,
				"Mask": "Objective|BreakTheTargets"
			},
			{
				"Position": "-5.0 1.25",
				"Size": "0.25 0.25",
				"Angle": "Degrees(90.0)",
				"Flipped": true,
				"Mask": "Objective|BreakTheTargets"
			},
			{
				"Position": "-4.25 1.25",
				"Size": "0.25 0.25",
				"Angle": "Degrees(90.0)",
				"Flipped": true,
				"Mask": "Objective|BreakTheTargets"
			},
			{
				"Position": "-3.5 1.25",
				"Size": "0.25 0.25",
				"Angle": "Degrees(90.0)",
				"Flipped": true,
				"Mask": "Objective|BreakTheTargets"
			},
			{
				"Position": "-2.75 1.25",
				"Size": "0.25 0.25",
				"Angle": "Degrees(90.0)",
				"Flipped": true,
				"Mask": "Objective|BreakTheTargets"
			},
			{
				"Position": "-2.0 1.25",
				"Size": "0.25 0.25",
				"Angle": "Degrees(90.0)",
				"Flipped": true,
				"Mask": "Objective|BreakTheTargets"
			},
			{
				"Position": "-1.25 1.25",
				"Size": "0.25 0.25",
				"Angle": "Degrees(90.0)",
				"Flipped": true,
				"Mask": "Objective|BreakTheTargets"
			},
			{
				"Position": "13.75 5.0",
				"Size": "0.25 0.25",
				"Mask": "Objective|BreakTheTargets"
			},
			{
				"Position": "13.75 5.75",
				"Size": "0.25 0.25",
				"Mask": "Objective|BreakTheTargets"
			},
			{
				"Position": "13.75 11.25",
				"Size": "0.25 0.25",
				"Mask": "Objective|BreakTheTargets"
			},
			{
				"Position": "5.5 13.25",
				"Size": "0.25 0.25",
				"Flipped": true,
				"Mask": "Objective|BreakTheTargets"
			},
			{
				"Position": "5.5 14.0",
				"Size": "0.25 0.25",
				"Flipped": true,
				"Mask": "Objective|BreakTheTargets"
			},
			{
				"Position": "13.75 16.0",
				"Size": "0.25 0.25",
				"Mask": "Objective|BreakTheTargets"
			},
			{
				"Position": "13.75 16.75",
				"Size": "0.25 0.25",
				"Mask": "Objective|BreakTheTargets"
			},
			{
				"Position": "-13.75 16.75",
				"Size": "0.25 0.25",
				"Flipped": true,
				"Mask": "Objective|BreakTheTargets"
			},
			{
				"Position": "-1.25 9.0",
				"Size": "0.25 0.25",
				"Flipped": true,
				"Mask": "Objective|BreakTheTargets"
			},
			{
				"Position": "-1.25 8.25",
				"Size": "0.25 0.25",
				"Flipped": true,
				"Mask": "Objective|BreakTheTargets"
			},
			{
				"Position": "3.25 9.75",
				"Size": "0.25 0.25",
				"Mask": "Objective|BreakTheTargets"
			},
			{
				"Position": "3.25 9.0",
				"Size": "0.25 0.25",
				"Mask": "Objective|BreakTheTargets"
			},
			{
				"Position": "3.25 8.25",
				"Size": "0.25 0.25",
				"Mask": "Objective|BreakTheTargets"
			},
			{
				"Position": "0.25 7.75",
				"Size": "0.25 0.25",
				"Angle": "Degrees(90.0)",
				"Flipped": true,
				"Mask": "Objective|BreakTheTargets"
			},
			{
				"Position": "1.0 7.75",
				"Size": "0.25 0.25",
				"Angle": "Degrees(90.0)",
				"Flipped": true,
				"Mask": "Objective|BreakTheTargets"
			},
			{
				"Position": "1.75 7.75",
				"Size": "0.25 0.25",
				"Angle": "Degrees(90.0)",
				"Flipped": true,
				"Mask": "Objective|BreakTheTargets"
			},
			{
				"Position": "2.5 7.75",
				"Size": "0.25 0.25",
				"Angle": "Degrees(90.0)",
				"Flipped": true,
				"Mask": "Objective|BreakTheTargets"
			},
			{
				"Position": "-0.75 10.25",
				"Size": "0.25 0.25",
				"Angle": "Degrees(90.0)",
				"Mask": "Objective|BreakTheTargets"
			},
			{
				"Position": "0.0 10.25",
				"Size": "0.25 0.25",
				"Angle": "Degrees(90.0)",
				"Mask": "Objective|BreakTheTargets"
			},
			{
				"Position": "2.0 10.25",
				"Size": "0.25 0.25",
				"Angle": "Degrees(90.0)",
				"Mask": "Objective|BreakTheTargets"
			},
			{
				"Position": "2.75 10.25",
				"Size": "0.25 0.25",
				"Angle": "Degrees(90.0)",
				"Mask": "Objective|BreakTheTargets"
			},
			{
				"Position": "-8.25 9.75",
				"Size": "0.25 0.25",
				"Angle": "Degrees(90.0)",
				"Mask": "Objective|BreakTheTargets"
			},
			{
				"Position": "-7.5 9.75",
				"Size": "0.25 0.25",
				"Angle": "Degrees(90.0)",
				"Mask": "Objective|BreakTheTargets"
			},
			{
				"Position": "-6.75 9.75",
				"Size": "0.25 0.25",
				"Angle": "Degrees(90.0)",
				"Mask": "Objective|BreakTheTargets"
			},
			{
				"Position": "-6.0 9.75",
				"Size": "0.25 0.25",
				"Angle": "Degrees(90.0)",
				"Mask": "Objective|BreakTheTargets"
			},
			{
				"Position": "-5.25 9.75",
				"Size": "0.25 0.25",
				"Angle": "Degrees(90.0)",
				"Mask": "Objective|BreakTheTargets"
			},
			{
				"Position": "-4.5 9.75",
				"Size": "0.25 0.25",
				"Angle": "Degrees(90.0)",
				"Mask": "Objective|BreakTheTargets"
			},
			{
				"Position": "-6.0 17.75",
				"Size": "0.25 0.25",
				"Angle": "Degrees(90.0)",
				"Mask": "Objective|BreakTheTargets"
			},
			{
				"Position": "-5.25 17.75",
				"Size": "0.25 0.25",
				"Angle": "Degrees(90.0)",
				"Mask": "Objective|BreakTheTargets"
			},
			{
				"Position": "-4.5 17.75",
				"Size": "0.25 0.25",
				"Angle": "Degrees(90.0)",
				"Mask": "Objective|BreakTheTargets"
			},
			{
				"Position": "-3.75 17.75",
				"Size": "0.25 0.25",
				"Angle": "Degrees(90.0)",
				"Mask": "Objective|BreakTheTargets"
			},
			{
				"Position": "-3.0 17.75",
				"Size": "0.25 0.25",
				"Angle": "Degrees(90.0)",
				"Mask": "Objective|BreakTheTargets"
			},
			{
				"Position": "-2.25 17.75",
				"Size": "0.25 0.25",
				"Angle": "Degrees(90.0)",
				"Mask": "Objective|BreakTheTargets"
			},
			{
				"Position": "-1.5 17.75",
				"Size": "0.25 0.25",
				"Angle": "Degrees(90.0)",
				"Mask": "Objective|BreakTheTargets"
			},
			{
				"Position": "-0.75 17.75",
				"Size": "0.25 0.25",
				"Angle": "Degrees(90.0)",
				"Mask": "Objective|BreakTheTargets"
			},
			{
				"Position": "0.0 17.75",
				"Size": "0.25 0.25",
				"Angle": "Degrees(90.0)",
				"Mask": "Objective|BreakTheTargets"
			},
			{
				"Position": "0.75 17.75",
				"Size": "0.25 0.25",
				"Angle": "Degrees(90.0)",
				"Mask": "Objective|BreakTheTargets"
			},
			{
				"Position": "-4.0 2.75",
				"Size": "0.25 0.25",
				"Mask": "Weapon0"
			},
			{
				"Position": "0.5 15.25",
				"Size": "0.25 0.25",
				"Mask": "Weapon0"
			}
		],
		"Entities": {
			"Platforms": [
				{
					"Position": "6.75 6.25",
					"Size": "7.0 0.5"
				},
				{
					"Position": "-13.75 -0.25",
					"Size": "6.0 1.5"
				},
				{
					"Position": "-15.25 -0.25",
					"Size": "1.5 19.0"
				},
				{
					"Position": "-7.75 -0.25",
					"Size": "0.5 3.0"
				},
				{
					"Position": "-11.75 2.25",
					"Size": "1.0 0.25",
					"OneWay": true
				},
				{
					"Position": "5.5 14.5",
					"Size": "7.0 0.5"
				},
				{
					"Position": "-7.25 2.0",
					"Size": "6.75 0.5",
					"OneWay": true
				},
				{
					"Position": "13.75 -0.25",
					"Size": "1.5 19.0"
				},
				{
					"Position": "-2.75 8.25",
					"Size": "1.0 0.5",
					"OneWay": true
				},
				{
					"Position": "0.0 3.75",
					"Size": "1.5 0.5",
					"OneWay": true
				},
				{
					"Position": "-1.75 7.25",
					"Size": "5.5 0.5"
				},
				{
					"Position": "-7.25 -0.25",
					"Size": "6.75 1.5"
				},
				{
					"Position": "-7.5 14.5",
					"Size": "9.75 0.5"
				},
				{
					"Position": "3.25 7.75",
					"Size": "0.5 3.0"
				},
				{
					"Position": "-11.75 4.75",
					"Size": "1.0 0.25",
					"OneWay": true
				},
				{
					"Position": "-13.75 6.5",
					"Size": "11.0 0.75"
				},
				{
					"Position": "0.0 -0.25",
					"Size": "13.75 1.5"
				},
				{
					"Position": "5.5 3.5",
					"Size": "7.0 0.5"
				},
				{
					"Position": "5.0 3.5",
					"Size": "0.5 11.5"
				},
				{
					"Position": "13.0 6.75",
					"Size": "0.75 1.25",
					"OneWay": true
				},
				{
					"Position": "5.5 9.0",
					"Size": "7.0 0.5"
				},
				{
					"Position": "0.5 8.75",
					"Size": "1.0 0.5",
					"OneWay": true
				},
				{
					"Position": "-1.25 10.25",
					"Size": "1.75 0.5"
				},
				{
					"Position": "-0.5 -0.25",
					"Size": "0.5 3.0"
				},
				{
					"Position": "3.25 13.25",
					"Size": "1.0 0.5",
					"OneWay": true
				},
				{
					"Position": "4.0 11.75",
					"Size": "1.0 0.5"
				},
				{
					"Position": "13.0 12.25",
					"Size": "0.75 1.25",
					"OneWay": true
				},
				{
					"Position": "1.5 10.25",
					"Size": "1.75 0.5"
				},
				{
					"Position": "-1.75 7.75",
					"Size": "0.5 3.0"
				},
				{
					"Position": "-2.5 5.25",
					"Size": "1.5 0.5",
					"OneWay": true
				},
				{
					"Position": "-13.75 7.25",
					"Size": "2.0 1.25",
					"OneWay": true
				},
				{
					"Position": "-9.25 10.25",
					"Size": "3.25 1.25",
					"OneWay": true
				},
				{
					"Position": "-9.75 9.75",
					"Size": "6.0 0.5"
				},
				{
					"Position": "5.5 9.5",
					"Size": "0.75 1.25",
					"OneWay": true
				},
				{
					"Position": "-11.75 3.5",
					"Size": "1.0 0.25",
					"OneWay": true
				},
				{
					"Position": "-13.75 7.25",
					"Size": "1.25 2.75",
					"OneWay": true
				},
				{
					"Position": "-8.25 11.25",
					"Size": "2.0 1.75",
					"OneWay": true
				},
				{
					"Position": "-11.25 13.75",
					"Size": "1.25 0.5",
					"OneWay": true
				},
				{
					"Position": "-13.75 12.75",
					"Size": "1.0 0.5"
				},
				{
					"Position": "-13.75 17.75",
					"Size": "27.5 1.0"
				},
				{
					"Position": "13.0 1.25",
					"Size": "0.75 1.25",
					"OneWay": true
				},
				{
					"Position": "5.5 4.0",
					"Size": "0.75 1.25",
					"OneWay": true
				},
				{
					"Position": "6.75 11.75",
					"Size": "7.0 0.5"
				}
			],
			"Interactions": [
				{
					"Position": "-12.25 8.5",
					"Size": "1.0 1.0",
					"Data": "Sign",
					"Interact": {
						"Action": "TutorialAction",
						"Type": "MachineGunInfo"
					}
				}
			],
			"Props": {}
		}
	}
}