{
	"DisplayName": "PISTOL RANGE",
	"Description": "THE MAP USED FOR PISTOL PRACTICE",
	"SupportedTeams": 2,
	"IsChallenge": true,
	"PreviewArea": "-4.125 0.5 16.0 9.0",
	"PreviewPlatforms": [
		"8.75 8.25 0.75 0.75",
		"7.75 7.0 1.0 1.75",
		"7.0 8.280276 0.75 0.75",
		"4.5 6.75 1.5 0.5",
		"11.25 6.5 0.75 3.5",
		"8.75 6.5 0.75 1.0",
		"7.0 6.5 0.75 1.0",
		"10.5 7.0 0.75 0.5",
		"11.25 -0.25 0.75 4.5",
		"10.0 1.25 1.25 1.5",
		"7.0 -0.25 4.25 1.5",
		"0.5 5.0 1.5 0.5",
		"7.5 3.5 1.5 0.5",
		"0.25 3.5 2.0 0.5",
		"5.5 -0.25 1.5 3.25",
		"-1.75 -0.25 7.25 1.5",
		"-1.75 1.25 1.0 1.0",
		"-3.25 -0.25 1.5 3.5",
		"-7.0 2.0 3.75 1.25",
		"-14.0 -0.25 11.0 1.5",
		"-1.25 9.25 5.0 1.5",
		"3.0 1.25 1.0 0.5"
	],
	"Level": {
		"WorldBounds": "-15.0 0.0 30.0 30.0",
		"SpawnPoints": [
			{
				"Position": "1.25 1.75",
				"Mask": "Player|FreeForAll|BreakTheTargets"
			},
			{
				"Position": "3.25 2.0",
				"Mask": "Weapon0"
			},
			{
				"Position": "5.5 2.0",
				"Size": "0.25 0.25",
				"Mask": "Objective|BreakTheTargets"
			},
			{
				"Position": "-3.25 1.625",
				"Size": "0.25 0.25",
				"Mask": "Objective|BreakTheTargets"
			},
			{
				"Position": "-13.75 1.75",
				"Size": "0.25 0.25",
				"Flipped": true,
				"Mask": "Objective|BreakTheTargets"
			},
			{
				"Position": "-13.75 9.75",
				"Size": "0.25 0.25",
				"Flipped": true,
				"Mask": "Objective|BreakTheTargets"
			},
			{
				"Position": "-8.0 9.25",
				"Size": "0.25 0.25",
				"Mask": "Objective|BreakTheTargets"
			},
			{
				"Position": "1.25 9.25",
				"Size": "0.25 0.25",
				"Angle": "Degrees(90.0)",
				"Mask": "Objective|BreakTheTargets"
			},
			{
				"Position": "8.25 14.25",
				"Size": "0.25 0.25",
				"Angle": "Degrees(90.0)",
				"Flipped": true,
				"Mask": "Objective|BreakTheTargets"
			},
			{
				"Position": "1.25 10.75",
				"Size": "0.25 0.25",
				"Angle": "Degrees(90.0)",
				"Flipped": true,
				"Mask": "Objective|BreakTheTargets"
			},
			{
				"Position": "7.75 7.875",
				"Size": "0.25 0.25",
				"Mask": "Objective|BreakTheTargets"
			},
			{
				"Position": "8.25 8.75",
				"Size": "0.25 0.25",
				"Angle": "Degrees(90.0)",
				"Flipped": true,
				"Mask": "Objective|BreakTheTargets"
			},
			{
				"Position": "8.75 7.875",
				"Size": "0.25 0.25",
				"Flipped": true,
				"Mask": "Objective|BreakTheTargets"
			},
			{
				"Position": "8.25 7.0",
				"Size": "0.25 0.25",
				"Angle": "Degrees(90.0)",
				"Mask": "Objective|BreakTheTargets"
			},
			{
				"Position": "3.75 10.0",
				"Size": "0.25 0.25",
				"Flipped": true,
				"Mask": "Objective|BreakTheTargets"
			},
			{
				"Position": "12.875 1.25",
				"Size": "0.25 0.25",
				"Angle": "Degrees(90.0)",
				"Flipped": true,
				"Mask": "Objective|BreakTheTargets"
			},
			{
				"Position": "7.0 2.0",
				"Size": "0.25 0.25",
				"Flipped": true,
				"Mask": "Objective|BreakTheTargets"
			}
		],
		"Entities": {
			"Platforms": [
				{
					"Position": "11.25 -0.25",
					"Size": "0.75 4.5"
				},
				{
					"Position": "-1.75 -0.25",
					"Size": "7.25 1.5"
				},
				{
					"Position": "-15.25 -0.25",
					"Size": "1.5 12.25"
				},
				{
					"Position": "-1.75 1.25",
					"Size": "1.0 1.0",
					"OneWay": true
				},
				{
					"Position": "-13.75 1.25",
					"Size": "2.0 3.0",
					"OneWay": true
				},
				{
					"Position": "5.5 -0.25",
					"Size": "1.5 3.25"
				},
				{
					"Position": "-11.5 5.25",
					"Size": "1.5 0.5",
					"OneWay": true
				},
				{
					"Position": "13.75 -0.25",
					"Size": "1.5 13.0"
				},
				{
					"Position": "7.5 3.5",
					"Size": "1.5 0.5",
					"OneWay": true
				},
				{
					"Position": "0.5 5.0",
					"Size": "1.5 0.5",
					"OneWay": true
				},
				{
					"Position": "0.25 3.5",
					"Size": "2.0 0.5",
					"OneWay": true
				},
				{
					"Position": "12.0 1.25",
					"Size": "1.75 1.5",
					"OneWay": true
				},
				{
					"Position": "-14.0 -0.25",
					"Size": "11.0 1.5"
				},
				{
					"Position": "-1.25 9.25",
					"Size": "5.0 1.5"
				},
				{
					"Position": "7.75 7.0",
					"Size": "1.0 1.75"
				},
				{
					"Position": "-12.0 1.25",
					"Size": "2.0 1.5",
					"OneWay": true
				},
				{
					"Position": "-3.25 -0.25",
					"Size": "1.5 3.5"
				},
				{
					"Position": "3.0 1.25",
					"Size": "1.0 0.5",
					"OneWay": true
				},
				{
					"Position": "-7.0 2.0",
					"Size": "3.75 1.25"
				},
				{
					"Position": "7.0 -0.25",
					"Size": "4.25 1.5"
				},
				{
					"Position": "12.0 -0.25",
					"Size": "1.75 1.5"
				},
				{
					"Position": "11.25 6.5",
					"Size": "0.75 3.5"
				},
				{
					"Position": "13.0 5.25",
					"Size": "0.75 0.5",
					"OneWay": true
				},
				{
					"Position": "12.0 6.75",
					"Size": "0.75 0.5",
					"OneWay": true
				},
				{
					"Position": "13.0 8.230248",
					"Size": "0.75 0.5",
					"OneWay": true
				},
				{
					"Position": "4.75 9.75",
					"Size": "1.0 0.5",
					"OneWay": true
				},
				{
					"Position": "7.5 10.0",
					"Size": "1.5 0.5",
					"OneWay": true
				},
				{
					"Position": "4.5 6.75",
					"Size": "1.5 0.5",
					"OneWay": true
				},
				{
					"Position": "10.5 7.0",
					"Size": "0.75 0.5",
					"OneWay": true
				},
				{
					"Position": "10.0 1.25",
					"Size": "1.25 1.5",
					"OneWay": true
				},
				{
					"Position": "7.75 13.75",
					"Size": "1.0 0.5"
				},
				{
					"Position": "0.5 10.75",
					"Size": "1.5 1.25",
					"OneWay": true
				},
				{
					"Position": "2.25 13.0",
					"Size": "1.75 0.5",
					"OneWay": true
				},
				{
					"Position": "7.25 13.75",
					"Size": "0.5 1.0"
				},
				{
					"Position": "8.75 13.75",
					"Size": "0.5 1.0"
				},
				{
					"Position": "4.75 14.5",
					"Size": "1.5 0.5",
					"OneWay": true
				},
				{
					"Position": "7.5 15.75",
					"Size": "1.5 0.5",
					"OneWay": true
				},
				{
					"Position": "8.75 8.25",
					"Size": "0.75 0.75"
				},
				{
					"Position": "8.75 6.5",
					"Size": "0.75 1.0"
				},
				{
					"Position": "7.0 6.5",
					"Size": "0.75 1.0"
				},
				{
					"Position": "7.0 8.280276",
					"Size": "0.75 0.75"
				},
				{
					"Position": "-9.25 6.75",
					"Size": "1.5 0.5",
					"OneWay": true
				},
				{
					"Position": "-11.5 8.25",
					"Size": "1.5 0.5",
					"OneWay": true
				},
				{
					"Position": "-13.75 8.777782",
					"Size": "0.75 0.5"
				},
				{
					"Position": "-8.0 8.75",
					"Size": "2.5 1.0"
				},
				{
					"Position": "-4.0 9.75",
					"Size": "1.0 0.5",
					"OneWay": true
				}
			],
			"Interactions": [
				{
					"Position": "2.25 1.25",
					"Size": "1.0 1.0",
					"Data": "Sign",
					"Interact": {
						"Action": "TutorialAction",
						"Type": "PistolInfo"
					}
				}
			],
			"Props": {
				"Cavern": [],
				"Grass": [
					{
						"Position": "0.0 0.0",
						"Size": "0.0 0.0",
						"Offset": "0.0 0.0",
						"FlippedHorizontally": true,
						"FlippedVertically": true,
						"InFront": true,
						"Texture": ""
					}
				]
			}
		}
	}
}