{
	"DisplayName": "RICOCHET SHOT RANGE",
	"Description": "THE MAP USED FOR RICOCHET SHOT PRACTICE",
	"SupportedTeams": 2,
	"IsChallenge": true,
	"PreviewArea": "-15.200024 1.0 8.0 4.5",
	"PreviewPlatforms": [
		"-14.75 4.0 1.5 3.25",
		"-13.25 5.25 2.5 0.5",
		"-10.75 2.5 0.5 3.25",
		"-9.25 1.25 0.75 4.5",
		"-10.25 4.25 1.0 0.25",
		"-8.5 3.0 1.0 0.5",
		"-10.25 3.0 1.0 0.25",
		"-11.75 1.25 2.5 0.5",
		"-12.25 1.25 0.5 3.25",
		"-13.25 1.25 1.0 0.5",
		"-13.75 1.25 0.5 1.25",
		"-14.75 2.5 1.5 0.5",
		"-15.25 -1.25 0.5 15.5",
		"-7.75 -1.25 3.5 3.25"
	],
	"Level": {
		"WorldBounds": "-15.0 -1.0 30.0 30.0",
		"SpawnPoints": [
			{
				"Position": "-0.75 1.5",
				"Mask": "Player|FreeForAll|BreakTheTargets"
			},
			{
				"Position": "-14.25 2.5",
				"Size": "0.25 0.25",
				"Angle": "Degrees(90.0)",
				"Mask": "Objective|BreakTheTargets"
			},
			{
				"Position": "-14.75 3.5",
				"Size": "0.25 0.25",
				"Flipped": true,
				"Mask": "Objective|BreakTheTargets"
			},
			{
				"Position": "-0.75 9.75",
				"Size": "0.25 0.25",
				"Mask": "Objective|BreakTheTargets"
			},
			{
				"Position": "-10.25 12.5",
				"Size": "0.25 0.25",
				"Flipped": true,
				"Mask": "Objective|BreakTheTargets"
			},
			{
				"Position": "2.0 10.25",
				"Size": "0.25 0.25",
				"Flipped": true,
				"Mask": "Objective|BreakTheTargets"
			},
			{
				"Position": "10.25 7.0",
				"Size": "0.25 0.25",
				"Angle": "Degrees(90.0)",
				"Flipped": true,
				"Mask": "Objective|BreakTheTargets"
			},
			{
				"Position": "12.25 11.75",
				"Size": "0.25 0.25",
				"Flipped": true,
				"Mask": "Objective|BreakTheTargets"
			},
			{
				"Position": "14.25 1.0",
				"Size": "0.25 0.25",
				"Mask": "Objective|BreakTheTargets"
			},
			{
				"Position": "-1.25 6.25",
				"Size": "0.25 0.25",
				"Mask": "Weapon0"
			}
		],
		"Entities": {
			"Platforms": [
				{
					"Position": "-4.25 -1.25",
					"Size": "7.25 2.25"
				},
				{
					"Position": "-15.25 -1.25",
					"Size": "0.5 15.5"
				},
				{
					"Position": "-14.75 -1.25",
					"Size": "7.0 1.75"
				},
				{
					"Position": "-14.75 2.5",
					"Size": "1.5 0.5"
				},
				{
					"Position": "-13.75 1.25",
					"Size": "0.5 1.25"
				},
				{
					"Position": "-11.75 1.25",
					"Size": "2.5 0.5"
				},
				{
					"Position": "-14.75 4.0",
					"Size": "1.5 3.25"
				},
				{
					"Position": "-13.25 5.25",
					"Size": "2.5 0.5"
				},
				{
					"Position": "-12.25 1.25",
					"Size": "0.5 3.25"
				},
				{
					"Position": "-10.75 2.5",
					"Size": "0.5 3.25"
				},
				{
					"Position": "-7.75 -1.25",
					"Size": "3.5 3.25"
				},
				{
					"Position": "-6.5 4.5",
					"Size": "2.25 0.5"
				},
				{
					"Position": "-9.25 1.25",
					"Size": "0.75 4.5"
				},
				{
					"Position": "-13.25 1.25",
					"Size": "1.0 0.5"
				},
				{
					"Position": "-8.5 3.0",
					"Size": "1.0 0.5"
				},
				{
					"Position": "-10.25 3.0",
					"Size": "1.0 0.25",
					"OneWay": true
				},
				{
					"Position": "-10.25 4.25",
					"Size": "1.0 0.25",
					"OneWay": true
				},
				{
					"Position": "-4.25 3.75",
					"Size": "2.0 2.25"
				},
				{
					"Position": "-11.5 8.25",
					"Size": "11.25 0.5"
				},
				{
					"Position": "-10.25 10.75",
					"Size": "10.0 0.75"
				},
				{
					"Position": "-0.75 8.75",
					"Size": "0.5 2.0"
				},
				{
					"Position": "1.5 8.25",
					"Size": "0.5 6.0"
				},
				{
					"Position": "-14.75 10.75",
					"Size": "4.5 3.5"
				},
				{
					"Position": "-10.25 13.5",
					"Size": "11.75 0.75"
				},
				{
					"Position": "2.0 11.0",
					"Size": "9.25 3.25"
				},
				{
					"Position": "11.25 6.0",
					"Size": "1.0 8.25"
				},
				{
					"Position": "-2.25 3.0",
					"Size": "3.0 3.0"
				},
				{
					"Position": "6.25 6.0",
					"Size": "3.0 3.5"
				},
				{
					"Position": "9.25 6.0",
					"Size": "2.0 1.0"
				},
				{
					"Position": "1.75 8.25",
					"Size": "1.75 1.25"
				},
				{
					"Position": "3.5 7.0",
					"Size": "1.0 2.5"
				},
				{
					"Position": "4.75 -1.25",
					"Size": "2.25 4.75"
				},
				{
					"Position": "3.0 -1.25",
					"Size": "1.75 3.5"
				},
				{
					"Position": "2.25 3.75",
					"Size": "1.0 1.0"
				},
				{
					"Position": "7.0 3.0",
					"Size": "5.25 0.5"
				},
				{
					"Position": "14.250001 -1.25",
					"Size": "1.0 15.5"
				},
				{
					"Position": "8.75 1.5",
					"Size": "5.5 0.5"
				},
				{
					"Position": "6.75 -1.25",
					"Size": "7.5 1.75"
				},
				{
					"Position": "12.25 12.5",
					"Size": "2.0 1.75"
				},
				{
					"Position": "12.25 6.0",
					"Size": "0.75 5.0"
				},
				{
					"Position": "0.75 3.75",
					"Size": "1.5 2.25"
				}
			],
			"Interactions": [
				{
					"Position": "0.75 1.0",
					"Size": "1.0 1.0",
					"Data": "Sign",
					"Interact": {
						"Action": "TutorialAction",
						"Type": "PistolInfo"
					}
				}
			]
		},
		"Backgrounds": []
	}
}