{
	"DisplayName": "ROCKET LAUNCHER RANGE",
	"Description": "THE MAP USED FOR ROCKET LAUNCHER PRACTICE",
	"SupportedTeams": 2,
	"IsChallenge": true,
	"PreviewArea": "-8.300001 1.5 7.999997 4.5",
	"PreviewPlatforms": [
		"-7.5 3.75 0.25 0.75",
		"-7.25 3.75 1.0 0.25",
		"-4.25 4.25 3.5 0.25",
		"-5.75 -0.25 11.5 2.5"
	],
	"Level": {
		"WorldBounds": "-15.0 0.0 30.0 50.0",
		"SpawnPoints": [
			{
				"Position": "-2.00138 2.75",
				"Size": "0.25 0.25",
				"Mask": "Player|FreeForAll|BreakTheTargets"
			},
			{
				"Position": "-6.75 4.0",
				"Size": "0.25 0.25",
				"Angle": "Degrees(90.0)",
				"Flipped": true,
				"Mask": "Objective|BreakTheTargets"
			},
			{
				"Position": "7.75 2.5",
				"Size": "0.25 0.25",
				"Angle": "Degrees(90.0)",
				"Flipped": true,
				"Mask": "Objective|BreakTheTargets"
			},
			{
				"Position": "-7.5 17.25",
				"Size": "0.25 0.25",
				"Mask": "Weapon0"
			},
			{
				"Position": "-2.5 7.75",
				"Size": "0.25 0.25",
				"Mask": "Weapon0"
			},
			{
				"Position": "14.0 24.75",
				"Size": "0.25 0.25",
				"Mask": "Weapon0"
			},
			{
				"Position": "-10.5 22.5",
				"Size": "0.25 0.25",
				"Angle": "Degrees(90.0)",
				"Flipped": true,
				"Mask": "Objective|BreakTheTargets"
			},
			{
				"Position": "-12.0 8.75",
				"Size": "0.25 0.25",
				"Angle": "Degrees(90.0)",
				"Flipped": true,
				"Mask": "Objective|BreakTheTargets"
			},
			{
				"Position": "-5.75 13.5",
				"Size": "0.25 0.25",
				"Angle": "Degrees(90.0)",
				"Flipped": true,
				"Mask": "Objective|BreakTheTargets"
			},
			{
				"Position": "-4.75 16.75",
				"Size": "0.25 0.25",
				"Angle": "Degrees(90.0)",
				"Flipped": true,
				"Mask": "Objective|BreakTheTargets"
			},
			{
				"Position": "10.75 11.5",
				"Size": "0.25 0.25",
				"Angle": "Degrees(90.0)",
				"Flipped": true,
				"Mask": "Objective|BreakTheTargets"
			},
			{
				"Position": "14.25 13.75",
				"Size": "0.25 0.25",
				"Angle": "Degrees(90.0)",
				"Flipped": true,
				"Mask": "Objective|BreakTheTargets"
			},
			{
				"Position": "3.5 16.5",
				"Size": "0.25 0.25",
				"Angle": "Degrees(90.0)",
				"Mask": "Objective|BreakTheTargets"
			},
			{
				"Position": "8.25 20.0",
				"Size": "0.25 0.25",
				"Angle": "Degrees(90.0)",
				"Flipped": true,
				"Mask": "Objective|BreakTheTargets"
			},
			{
				"Position": "12.75 20.0",
				"Size": "0.25 0.25",
				"Angle": "Degrees(90.0)",
				"Flipped": true,
				"Mask": "Objective|BreakTheTargets"
			},
			{
				"Position": "2.0 25.25",
				"Size": "0.25 0.25",
				"Angle": "Degrees(90.0)",
				"Flipped": true,
				"Mask": "Objective|BreakTheTargets"
			},
			{
				"Position": "2.0 33.75",
				"Size": "0.25 0.25",
				"Angle": "Degrees(90.0)",
				"Mask": "Objective|BreakTheTargets"
			},
			{
				"Position": "6.25 26.75",
				"Size": "0.25 0.25",
				"Angle": "Degrees(90.0)",
				"Mask": "Objective|BreakTheTargets"
			},
			{
				"Position": "0.375 22.0",
				"Size": "0.25 0.25",
				"Mask": "Weapon0"
			}
		],
		"Entities": {
			"Platforms": [
				{
					"Position": "-5.75 -0.25",
					"Size": "11.5 2.5"
				},
				{
					"Position": "-5.25 2.25",
					"Size": "7.25 6.75",
					"OneWay": true
				},
				{
					"Position": "-1.25 2.25",
					"Size": "6.5 8.0",
					"OneWay": true
				},
				{
					"Position": "1.25 2.25",
					"Size": "3.25 1.25",
					"OneWay": true
				},
				{
					"Position": "-4.25 4.25",
					"Size": "3.5 0.25",
					"OneWay": true
				},
				{
					"Position": "-7.25 3.75",
					"Size": "1.0 0.25"
				},
				{
					"Position": "-7.5 3.75",
					"Size": "0.25 0.75"
				},
				{
					"Position": "7.25 2.25",
					"Size": "1.0 0.25"
				},
				{
					"Position": "8.25 2.25",
					"Size": "0.25 0.75"
				},
				{
					"Position": "0.0 5.5",
					"Size": "2.25 0.5",
					"OneWay": true
				},
				{
					"Position": "-3.5 7.25",
					"Size": "2.0 0.25",
					"OneWay": true
				},
				{
					"Position": "4.25 6.25",
					"Size": "4.0 1.0",
					"OneWay": true
				},
				{
					"Position": "6.0 7.0",
					"Size": "1.5 1.75",
					"OneWay": true
				},
				{
					"Position": "-9.5 15.25",
					"Size": "10.25 2.75",
					"OneWay": true
				},
				{
					"Position": "-5.25 16.5",
					"Size": "1.0 0.25",
					"OneWay": true
				},
				{
					"Position": "-8.75 16.5",
					"Size": "2.5 0.5",
					"OneWay": true
				},
				{
					"Position": "2.0 10.0",
					"Size": "2.5 1.5",
					"OneWay": true
				},
				{
					"Position": "2.75 11.25",
					"Size": "1.5 1.5",
					"OneWay": true
				},
				{
					"Position": "10.25 11.25",
					"Size": "1.0 0.25"
				},
				{
					"Position": "11.25 11.25",
					"Size": "0.25 0.75"
				},
				{
					"Position": "5.25 13.5",
					"Size": "3.75 0.75",
					"OneWay": true
				},
				{
					"Position": "13.75 13.468101",
					"Size": "1.0 0.25"
				},
				{
					"Position": "14.75 13.489408",
					"Size": "0.25 0.75"
				},
				{
					"Position": "5.75 14.0",
					"Size": "2.75 1.75",
					"OneWay": true
				},
				{
					"Position": "2.75 16.5",
					"Size": "1.5 0.5",
					"OneWay": true
				},
				{
					"Position": "-12.5 8.5",
					"Size": "1.0 0.25"
				},
				{
					"Position": "-12.75 8.5",
					"Size": "0.25 0.75"
				},
				{
					"Position": "-11.25 9.75",
					"Size": "4.75 0.75",
					"OneWay": true
				},
				{
					"Position": "-12.0 11.5",
					"Size": "2.5 0.25",
					"OneWay": true
				},
				{
					"Position": "-13.5 12.75",
					"Size": "1.75 0.25",
					"OneWay": true
				},
				{
					"Position": "-12.0 14.25",
					"Size": "1.5 0.25",
					"OneWay": true
				},
				{
					"Position": "-6.25 13.25",
					"Size": "1.0 0.25"
				},
				{
					"Position": "-12.25 15.75",
					"Size": "2.0 0.25",
					"OneWay": true
				},
				{
					"Position": "-4.75 17.75",
					"Size": "5.0 1.5",
					"OneWay": true
				},
				{
					"Position": "-7.0 17.75",
					"Size": "5.5 8.0",
					"OneWay": true
				},
				{
					"Position": "-0.75 21.25",
					"Size": "2.25 0.5",
					"OneWay": true
				},
				{
					"Position": "-3.75 20.25",
					"Size": "1.5 0.25",
					"OneWay": true
				},
				{
					"Position": "-11.0 22.226967",
					"Size": "1.0 0.25"
				},
				{
					"Position": "-11.25 22.227201",
					"Size": "0.25 0.75"
				},
				{
					"Position": "7.75 19.75",
					"Size": "1.0 0.25"
				},
				{
					"Position": "8.75 19.737207",
					"Size": "0.25 0.75"
				},
				{
					"Position": "3.5 22.5",
					"Size": "6.75 0.5",
					"OneWay": true
				},
				{
					"Position": "12.25 19.75",
					"Size": "1.0 0.25"
				},
				{
					"Position": "13.25 19.75",
					"Size": "0.25 0.75"
				},
				{
					"Position": "10.5 23.75",
					"Size": "4.5 0.75",
					"OneWay": true
				},
				{
					"Position": "10.75 24.25",
					"Size": "1.5 1.75",
					"OneWay": true
				},
				{
					"Position": "4.0 22.75",
					"Size": "4.5 4.5",
					"OneWay": true
				},
				{
					"Position": "5.75 26.75",
					"Size": "1.0 0.25",
					"OneWay": true
				},
				{
					"Position": "1.25 25.0",
					"Size": "0.25 0.75"
				},
				{
					"Position": "2.5 25.0",
					"Size": "0.25 0.75"
				},
				{
					"Position": "1.5 25.0",
					"Size": "1.0 0.25"
				},
				{
					"Position": "1.0 28.0",
					"Size": "2.0 0.5",
					"OneWay": true
				},
				{
					"Position": "-6.5 25.5",
					"Size": "4.5 2.75",
					"OneWay": true
				},
				{
					"Position": "-6.0 25.5",
					"Size": "1.5 1.5",
					"OneWay": true
				},
				{
					"Position": "1.25 33.75",
					"Size": "1.5 0.5"
				}
			],
			"Interactions": [
				{
					"Position": "-0.25 2.25",
					"Size": "1.0 1.0",
					"Data": "Sign",
					"Interact": {
						"Action": "TutorialAction",
						"Type": "RocketLauncherInfo"
					}
				}
			]
		},
		"Backgrounds": []
	}
}