{
	"DisplayName": "SHOTGUN RANGE",
	"Description": "THE MAP USED FOR SHOTGUN PRACTICE",
	"SupportedTeams": 2,
	"IsChallenge": true,
	"PreviewArea": "-11.25 6.0 8.0 4.5",
	"PreviewPlatforms": [
		"-13.0 5.75 3.0 5.5",
		"-10.0 10.0 1.25 1.25",
		"-4.75 5.75 3.0 5.75",
		"-6.25 8.75 1.5 2.75",
		"-6.75 9.5 0.5 0.5",
		"-10.0 7.5 1.25 1.75",
		"-8.75 8.25 0.5 0.5",
		"-6.25 5.75 1.5 2.25",
		"-6.75 7.0 0.5 0.5",
		"-10.0 5.75 1.25 1.0",
		"-8.75 5.75 0.5 0.5"
	],
	"Level": {
		"WorldBounds": "-25.0 -1.0 50.0 16.0",
		"SpawnPoints": [
			{
				"Position": "1.25 1.0",
				"Size": "0.25 0.25",
				"Mask": "Player|FreeForAll|BreakTheTargets"
			},
			{
				"Position": "6.75 1.0",
				"Size": "0.25 0.25",
				"Mask": "Objective|BreakTheTargets"
			},
			{
				"Position": "10.5 0.5",
				"Size": "0.25 0.25",
				"Angle": "Degrees(90.0)",
				"Flipped": true,
				"Mask": "Objective|BreakTheTargets"
			},
			{
				"Position": "23.25 4.5",
				"Size": "0.25 0.25",
				"Angle": "Degrees(90.0)",
				"Mask": "Objective|BreakTheTargets"
			},
			{
				"Position": "19.5 3.5",
				"Size": "0.25 0.25",
				"Mask": "Objective|BreakTheTargets"
			},
			{
				"Position": "22.5 12.25",
				"Size": "0.25 0.25",
				"Flipped": true,
				"Mask": "Objective|BreakTheTargets"
			},
			{
				"Position": "24.5 14.0",
				"Size": "0.25 0.25",
				"Mask": "Objective|BreakTheTargets"
			},
			{
				"Position": "7.25 12.5",
				"Size": "0.25 0.25",
				"Angle": "Degrees(90.0)",
				"Mask": "Objective|BreakTheTargets"
			},
			{
				"Position": "6.0 6.75",
				"Size": "0.25 0.25",
				"Mask": "Objective|BreakTheTargets"
			},
			{
				"Position": "1.75 6.75",
				"Size": "0.25 0.25",
				"Flipped": true,
				"Mask": "Objective|BreakTheTargets"
			},
			{
				"Position": "-10.0 9.625",
				"Size": "0.25 0.25",
				"Flipped": true,
				"Mask": "Objective|BreakTheTargets"
			},
			{
				"Position": "-10.0 7.125",
				"Size": "0.25 0.25",
				"Flipped": true,
				"Mask": "Objective|BreakTheTargets"
			},
			{
				"Position": "-4.75 8.375",
				"Size": "0.25 0.25",
				"Mask": "Objective|BreakTheTargets"
			},
			{
				"Position": "-1.25 1.0",
				"Size": "0.25 0.25",
				"Flipped": true,
				"Mask": "Objective|BreakTheTargets"
			},
			{
				"Position": "-5.25 5.0",
				"Size": "0.25 0.25",
				"Flipped": true,
				"Mask": "Objective|BreakTheTargets"
			},
			{
				"Position": "-13.25 1.0",
				"Size": "0.25 0.25",
				"Flipped": true,
				"Mask": "Objective|BreakTheTargets"
			},
			{
				"Position": "-14.5 1.0",
				"Size": "0.25 0.25",
				"Mask": "Objective|BreakTheTargets"
			},
			{
				"Position": "-16.0 5.0",
				"Size": "0.25 0.25",
				"Flipped": true,
				"Mask": "Objective|BreakTheTargets"
			},
			{
				"Position": "-24.0 3.0",
				"Size": "0.25 0.25",
				"Angle": "Degrees(90.0)",
				"Flipped": true,
				"Mask": "Objective|BreakTheTargets"
			},
			{
				"Position": "-16.0 7.0",
				"Size": "0.25 0.25",
				"Mask": "Objective|BreakTheTargets"
			},
			{
				"Position": "-20.25 8.75",
				"Size": "0.25 0.25",
				"Flipped": true,
				"Mask": "Objective|BreakTheTargets"
			},
			{
				"Position": "-13.75 10.25",
				"Size": "0.25 0.25",
				"Angle": "Degrees(90.0)",
				"Mask": "Objective|BreakTheTargets"
			},
			{
				"Position": "-21.875 8.75",
				"Size": "0.25 0.25",
				"Angle": "Degrees(90.0)",
				"Flipped": true,
				"Mask": "Objective|BreakTheTargets"
			},
			{
				"Position": "-24.5 11.25",
				"Size": "0.25 0.25",
				"Flipped": true,
				"Mask": "Objective|BreakTheTargets"
			},
			{
				"Position": "-19.5 13.75",
				"Size": "0.25 0.25",
				"Angle": "Degrees(90.0)",
				"Mask": "Objective|BreakTheTargets"
			},
			{
				"Position": "-11.5 3.75",
				"Size": "0.25 0.25",
				"Mask": "Weapon0"
			},
			{
				"Position": "-19.5 11.25",
				"Size": "0.25 0.25",
				"Mask": "Weapon0"
			},
			{
				"Position": "2.5 8.0",
				"Size": "0.25 0.25",
				"Mask": "Weapon0"
			}
		],
		"Entities": {
			"Platforms": [
				{
					"Position": "-19.5 -1.25",
					"Size": "44.0 1.75"
				},
				{
					"Position": "-25.25 -1.25",
					"Size": "0.75 17.0"
				},
				{
					"Position": "-15.75 14.75",
					"Size": "40.25 1.0"
				},
				{
					"Position": "24.5 -1.25",
					"Size": "0.75 17.0"
				},
				{
					"Position": "-8.0 0.5",
					"Size": "6.75 1.25"
				},
				{
					"Position": "-2.25 3.019047",
					"Size": "7.0 0.25"
				},
				{
					"Position": "7.75 0.5",
					"Size": "2.0 2.75"
				},
				{
					"Position": "6.75 0.400114",
					"Size": "1.0 1.5"
				},
				{
					"Position": "11.25 0.465717",
					"Size": "1.75 1.25"
				},
				{
					"Position": "11.5 4.0",
					"Size": "4.25 0.5"
				},
				{
					"Position": "14.5 2.25",
					"Size": "1.25 1.75"
				},
				{
					"Position": "15.75 2.25",
					"Size": "4.25 0.75"
				},
				{
					"Position": "17.25 4.0",
					"Size": "2.75 0.5"
				},
				{
					"Position": "19.5 3.0",
					"Size": "0.5 1.0"
				},
				{
					"Position": "21.75 2.25",
					"Size": "0.5 2.75"
				},
				{
					"Position": "22.25 4.5",
					"Size": "2.25 0.5"
				},
				{
					"Position": "22.0 6.25",
					"Size": "1.25 0.25"
				},
				{
					"Position": "17.25 7.5",
					"Size": "3.25 1.5"
				},
				{
					"Position": "20.5 7.5",
					"Size": "1.75 0.25"
				},
				{
					"Position": "22.0 6.5",
					"Size": "0.25 1.0"
				},
				{
					"Position": "12.5 5.75",
					"Size": "2.75 0.25"
				},
				{
					"Position": "14.75 6.0",
					"Size": "0.5 1.75"
				},
				{
					"Position": "15.25 7.5",
					"Size": "2.0 0.25"
				},
				{
					"Position": "21.75 10.0",
					"Size": "2.75 0.25"
				},
				{
					"Position": "6.5 7.25",
					"Size": "5.5 0.5"
				},
				{
					"Position": "-1.75 5.75",
					"Size": "3.5 4.25"
				},
				{
					"Position": "1.75 5.75",
					"Size": "4.25 0.5"
				},
				{
					"Position": "6.0 5.75",
					"Size": "0.5 2.0"
				},
				{
					"Position": "4.5 7.25",
					"Size": "1.5 0.5"
				},
				{
					"Position": "1.75 7.25",
					"Size": "1.5 0.5"
				},
				{
					"Position": "4.5 9.0",
					"Size": "3.5 0.25"
				},
				{
					"Position": "8.0 9.0",
					"Size": "0.75 4.0"
				},
				{
					"Position": "0.5 12.5",
					"Size": "7.5 0.5"
				},
				{
					"Position": "5.25 11.0",
					"Size": "1.25 1.5"
				},
				{
					"Position": "-4.75 5.75",
					"Size": "3.0 5.75"
				},
				{
					"Position": "8.749999 10.25",
					"Size": "8.5 2.0"
				},
				{
					"Position": "19.25 11.25",
					"Size": "1.5 0.5"
				},
				{
					"Position": "14.0 6.0",
					"Size": "0.75 0.75"
				},
				{
					"Position": "22.5 12.75",
					"Size": "2.0 0.5"
				},
				{
					"Position": "22.0 11.5",
					"Size": "0.5 1.75"
				},
				{
					"Position": "22.5 11.5",
					"Size": "0.75 0.25"
				},
				{
					"Position": "-10.0 7.5",
					"Size": "1.25 1.75"
				},
				{
					"Position": "-22.5 5.5",
					"Size": "6.5 1.0"
				},
				{
					"Position": "-24.5 -1.25",
					"Size": "5.0 4.25"
				},
				{
					"Position": "-17.25 1.75",
					"Size": "2.75 0.25"
				},
				{
					"Position": "-14.5 0.5",
					"Size": "1.25 1.5"
				},
				{
					"Position": "-16.0 5.75",
					"Size": "3.0 2.25"
				},
				{
					"Position": "-16.5 4.5",
					"Size": "0.5 1.0"
				},
				{
					"Position": "-16.5 4.25",
					"Size": "3.0 0.25"
				},
				{
					"Position": "-12.5 3.25",
					"Size": "2.0 0.25"
				},
				{
					"Position": "-8.75 5.75",
					"Size": "0.5 0.5"
				},
				{
					"Position": "-6.75 7.0",
					"Size": "0.5 0.5"
				},
				{
					"Position": "-8.75 8.25",
					"Size": "0.5 0.5"
				},
				{
					"Position": "-6.75 9.5",
					"Size": "0.5 0.5"
				},
				{
					"Position": "-10.0 5.75",
					"Size": "1.25 1.0"
				},
				{
					"Position": "-13.0 5.75",
					"Size": "3.0 5.5"
				},
				{
					"Position": "-6.25 8.75",
					"Size": "1.5 2.75"
				},
				{
					"Position": "-6.25 5.75",
					"Size": "1.5 2.25"
				},
				{
					"Position": "-10.0 10.0",
					"Size": "1.25 1.25"
				},
				{
					"Position": "-9.5 4.0",
					"Size": "2.75 0.5"
				},
				{
					"Position": "-6.75 4.0",
					"Size": "0.5 1.0"
				},
				{
					"Position": "-6.25 4.0",
					"Size": "1.0 1.75"
				},
				{
					"Position": "-23.5 3.0",
					"Size": "2.0 1.0"
				},
				{
					"Position": "-24.5 4.0",
					"Size": "0.25 1.25"
				},
				{
					"Position": "-18.5 7.5",
					"Size": "2.5 0.5"
				},
				{
					"Position": "-15.0 10.25",
					"Size": "2.0 0.5"
				},
				{
					"Position": "-15.0 9.5",
					"Size": "0.5 0.75"
				},
				{
					"Position": "-20.25 9.25",
					"Size": "3.25 0.25"
				},
				{
					"Position": "-21.25 8.0",
					"Size": "1.0 1.5"
				},
				{
					"Position": "-22.5 8.0",
					"Size": "1.25 0.75"
				},
				{
					"Position": "-20.25 8.0",
					"Size": "0.25 0.25"
				},
				{
					"Position": "-24.5 11.75",
					"Size": "2.0 4.0"
				},
				{
					"Position": "-20.75 10.75",
					"Size": "3.25 0.25"
				},
				{
					"Position": "-24.5 8.0",
					"Size": "2.0 2.75"
				},
				{
					"Position": "-22.5 12.75",
					"Size": "2.25 3.0"
				},
				{
					"Position": "-20.25 13.75",
					"Size": "1.5 2.0"
				},
				{
					"Position": "-18.75 12.75",
					"Size": "0.75 3.0"
				},
				{
					"Position": "-18.0 13.75",
					"Size": "2.25 2.0"
				},
				{
					"Position": "-5.25 4.0",
					"Size": "0.75 0.5"
				},
				{
					"Position": "-13.25 1.75",
					"Size": "3.25 0.25"
				}
			],
			"Interactions": [
				{
					"Position": "3.25 0.5",
					"Size": "1.0 1.0",
					"Data": "Sign",
					"Interact": {
						"Action": "TutorialAction",
						"Type": "ShotgunInfo"
					}
				}
			]
		},
		"Backgrounds": []
	}
}