{
	"DisplayName": "SNIPER PERCH",
	"Description": "THE MAP USED FOR THE SNIPER SHOTTY DEFENSE",
	"SupportedTeams": 2,
	"IsChallenge": true,
	"Level": {
		"WorldBounds": "-25.0 0.0 50.0 20.0",
		"SpawnPoints": [
			{
				"Position": "-20.25 10.25",
				"Size": "0.25 0.25",
				"Mask": "Player|RedTeam|Conquest"
			},
			{
				"Position": "18.25 5.0",
				"Size": "0.25 0.25",
				"Flipped": true,
				"Mask": "Player|BlueTeam|Conquest"
			},
			{
				"Position": "23.75 2.0",
				"Size": "0.25 0.25",
				"Flipped": true,
				"Mask": "Player|BlueTeam|Conquest"
			},
			{
				"Position": "20.25 2.0",
				"Size": "0.25 0.25",
				"Flipped": true,
				"Mask": "Player|BlueTeam|Conquest"
			},
			{
				"Position": "20.75 3.5",
				"Size": "0.25 0.25",
				"Flipped": true,
				"Mask": "Player|BlueTeam|Conquest"
			},
			{
				"Position": "8.5 6.0",
				"Size": "0.25 0.25",
				"Flipped": true,
				"Mask": "Player|BlueTeam|Conquest"
			},
			{
				"Position": "14.5 5.0",
				"Size": "0.25 0.25",
				"Flipped": true,
				"Mask": "Player|BlueTeam|Conquest"
			},
			{
				"Position": "12.5 3.5",
				"Size": "0.25 0.25",
				"Flipped": true,
				"Mask": "Player|BlueTeam|Conquest"
			},
			{
				"Position": "16.25 5.0",
				"Size": "0.25 0.25",
				"Flipped": true,
				"Mask": "Player|BlueTeam|Conquest"
			},
			{
				"Position": "1.25 9.5",
				"Size": "0.25 0.25",
				"Flipped": true,
				"Mask": "Player|BlueTeam|Conquest"
			},
			{
				"Position": "10.0 3.5",
				"Size": "0.25 0.25",
				"Flipped": true,
				"Mask": "Player|BlueTeam|Conquest"
			},
			{
				"Position": "9.25 2.0",
				"Size": "0.25 0.25",
				"Flipped": true,
				"Mask": "Player|BlueTeam|Conquest"
			},
			{
				"Position": "-21.25 10.25",
				"Size": "0.25 0.25",
				"Mask": "Weapon0"
			}
		],
		"Entities": {
			"Platforms": [
				{
					"Position": "-25.25 -0.25",
					"Size": "18.5 1.75"
				},
				{
					"Position": "-21.5 1.5",
					"Size": "0.75 8.5",
					"OneWay": true
				},
				{
					"Position": "-21.0 3.0",
					"Size": "1.0 0.5",
					"OneWay": true
				},
				{
					"Position": "-22.25 4.25",
					"Size": "1.0 0.5",
					"OneWay": true
				},
				{
					"Position": "-21.0 5.5",
					"Size": "1.0 0.5",
					"OneWay": true
				},
				{
					"Position": "-22.25 6.800043",
					"Size": "1.0 0.5",
					"OneWay": true
				},
				{
					"Position": "-22.25 9.0",
					"Size": "2.5 0.75",
					"OneWay": true,
					"HotZone": true,
					"QuietZone": true
				},
				{
					"Position": "-19.75 8.75",
					"Size": "0.25 1.25"
				},
				{
					"Position": "-22.5 8.75",
					"Size": "0.25 3.25"
				},
				{
					"Position": "-19.75 10.75",
					"Size": "0.25 1.25"
				},
				{
					"Position": "-22.25 11.5",
					"Size": "2.5 0.5"
				},
				{
					"Position": "-7.75 3.0",
					"Size": "6.0 1.0",
					"OneWay": true
				},
				{
					"Position": "-21.0 8.0",
					"Size": "1.0 0.5",
					"OneWay": true
				},
				{
					"Position": "-22.25 1.75",
					"Size": "1.0 0.5",
					"OneWay": true
				},
				{
					"Position": "-7.0 4.25",
					"Size": "3.75 0.5",
					"OneWay": true
				},
				{
					"Position": "-2.5 1.5",
					"Size": "4.0 1.0",
					"OneWay": true
				},
				{
					"Position": "2.5 1.5",
					"Size": "4.25 0.75",
					"OneWay": true
				},
				{
					"Position": "8.75 1.5",
					"Size": "4.5 1.5",
					"OneWay": true
				},
				{
					"Position": "16.25 1.495449",
					"Size": "6.75 1.5",
					"OneWay": true
				},
				{
					"Position": "11.5 1.5",
					"Size": "7.5 3.0",
					"OneWay": true
				},
				{
					"Position": "-10.75 1.5",
					"Size": "3.25 4.25",
					"OneWay": true
				},
				{
					"Position": "-15.75 5.25",
					"Size": "3.25 1.25",
					"OneWay": true,
					"HotZone": true
				},
				{
					"Position": "-12.25 4.0",
					"Size": "3.0 1.25",
					"OneWay": true
				},
				{
					"Position": "-12.75 2.011917",
					"Size": "1.75 0.75",
					"OneWay": true
				},
				{
					"Position": "-18.0 2.5",
					"Size": "4.25 1.0",
					"OneWay": true,
					"HotZone": true
				},
				{
					"Position": "-17.25 3.5",
					"Size": "1.75 1.5",
					"OneWay": true,
					"HotZone": true
				},
				{
					"Position": "-16.0 8.251266",
					"Size": "4.25 1.5",
					"OneWay": true,
					"HotZone": true
				},
				{
					"Position": "7.25 3.5",
					"Size": "3.75 1.0",
					"OneWay": true
				},
				{
					"Position": "3.25 3.5",
					"Size": "3.25 1.0",
					"OneWay": true
				},
				{
					"Position": "-1.75 4.25",
					"Size": "3.25 1.0",
					"OneWay": true
				},
				{
					"Position": "7.5 4.5",
					"Size": "1.75 1.0",
					"OneWay": true
				},
				{
					"Position": "6.0 5.5",
					"Size": "1.0 1.0",
					"OneWay": true
				},
				{
					"Position": "4.5 6.25",
					"Size": "1.0 1.0",
					"OneWay": true
				},
				{
					"Position": "3.25 7.005624",
					"Size": "0.75 1.25",
					"OneWay": true
				},
				{
					"Position": "0.0 8.25",
					"Size": "2.5 0.75",
					"OneWay": true
				},
				{
					"Position": "-3.75 7.0",
					"Size": "3.0 0.75",
					"OneWay": true
				},
				{
					"Position": "-8.75 5.75",
					"Size": "1.0 2.75",
					"OneWay": true
				},
				{
					"Position": "-6.5 4.75",
					"Size": "2.0 3.25",
					"OneWay": true
				},
				{
					"Position": "-8.0 7.25",
					"Size": "1.75 0.5",
					"OneWay": true
				},
				{
					"Position": "-10.25 5.75",
					"Size": "1.0 3.5",
					"OneWay": true
				},
				{
					"Position": "-12.0 8.5",
					"Size": "2.0 0.5",
					"OneWay": true
				},
				{
					"Position": "-6.75 -0.25",
					"Size": "1.5 2.75"
				},
				{
					"Position": "7.5 -0.25",
					"Size": "0.75 2.75"
				},
				{
					"Position": "8.25 -0.25",
					"Size": "17.0 1.75"
				},
				{
					"Position": "-5.25 -0.25",
					"Size": "12.75 1.75"
				}
			]
		},
		"Backgrounds": []
	},
	"PreviewArea": "-24.500017 3.799999 16.0 9.0",
	"PreviewPlatforms": [
		"-15.75 5.25 3.25 1.25",
		"-12.25 4.0 3.0 1.25",
		"-10.25 5.75 1.0 3.5",
		"-16.0 8.251266 4.25 1.5",
		"-22.25 4.25 1.0 0.5",
		"-21.5 1.5 0.75 8.5",
		"-21.0 5.5 1.0 0.5",
		"-22.25 6.800043 1.0 0.5",
		"-21.0 8.0 1.0 0.5",
		"-22.25 9.0 2.5 0.75",
		"-19.75 8.75 0.25 1.25",
		"-22.25 11.5 2.5 0.5",
		"-19.75 10.75 0.25 1.25",
		"-22.5 8.75 0.25 3.25"
	]
}