{
	"DisplayName": "SNIPER RIFLE RANGE",
	"Description": "THE MAP USED FOR SNIPER RIFLE PRACTICE",
	"SupportedTeams": 2,
	"IsChallenge": true,
	"PreviewArea": "-8.0 3.9 16.0 9.0",
	"PreviewPlatforms": [
		"-2.25 10.25 0.5 1.0",
		"4.5 10.25 0.5 1.0",
		"1.5 10.5 3.0 0.5",
		"1.0 -0.25 0.5 11.5",
		"0.0 9.0 1.0 0.5",
		"0.0 7.5 1.0 0.5",
		"0.0 6.0 1.0 0.5",
		"0.0 4.5 1.0 0.5",
		"-1.75 10.5 2.75 0.5"
	],
	"Level": {
		"WorldBounds": "-25.0 0.0 50.0 30.0",
		"SpawnPoints": [
			{
				"Position": "-0.5 11.5",
				"Mask": "Player|FreeForAll|BreakTheTargets"
			},
			{
				"Position": "1.0 11.5",
				"Mask": "Weapon0"
			},
			{
				"Position": "-2.0 10.25",
				"Size": "0.25 0.25",
				"Angle": "Degrees(90.0)",
				"Mask": "Objective|BreakTheTargets"
			},
			{
				"Position": "-13.25 4.75",
				"Size": "0.25 0.25",
				"Angle": "Degrees(90.0)",
				"Flipped": true,
				"Mask": "Objective|BreakTheTargets"
			},
			{
				"Position": "-13.75 3.5",
				"Size": "0.25 0.25",
				"Flipped": true,
				"Mask": "Objective|BreakTheTargets"
			},
			{
				"Position": "-24.0 11.75",
				"Size": "0.25 0.25",
				"Flipped": true,
				"Mask": "Objective|BreakTheTargets"
			},
			{
				"Position": "-12.25 29.5",
				"Size": "0.25 0.25",
				"Angle": "Degrees(90.0)",
				"Mask": "Objective|BreakTheTargets"
			},
			{
				"Position": "1.25 21.75",
				"Size": "0.25 0.25",
				"Angle": "Degrees(90.0)",
				"Mask": "Objective|BreakTheTargets"
			},
			{
				"Position": "15.0 17.0",
				"Size": "0.25 0.25",
				"Mask": "Objective|BreakTheTargets"
			},
			{
				"Position": "23.5 6.0",
				"Size": "0.25 0.25",
				"Mask": "Objective|BreakTheTargets"
			},
			{
				"Position": "4.75 1.25",
				"Size": "0.25 0.25",
				"Angle": "Degrees(90.0)",
				"Flipped": true,
				"Mask": "Objective|BreakTheTargets"
			}
		],
		"Entities": {
			"Platforms": [
				{
					"Position": "0.0 4.5",
					"Size": "1.0 0.5",
					"OneWay": true
				},
				{
					"Position": "0.0 3.0",
					"Size": "1.0 0.5",
					"OneWay": true
				},
				{
					"Position": "0.0 7.5",
					"Size": "1.0 0.5",
					"OneWay": true
				},
				{
					"Position": "0.0 9.0",
					"Size": "1.0 0.5",
					"OneWay": true
				},
				{
					"Position": "1.0 -0.25",
					"Size": "0.5 11.5"
				},
				{
					"Position": "0.0 6.0",
					"Size": "1.0 0.5",
					"OneWay": true
				},
				{
					"Position": "1.5 10.5",
					"Size": "3.0 0.5",
					"OneWay": true
				},
				{
					"Position": "-1.75 10.5",
					"Size": "2.75 0.5",
					"OneWay": true
				},
				{
					"Position": "-2.25 10.25",
					"Size": "0.5 1.0"
				},
				{
					"Position": "4.5 10.25",
					"Size": "0.5 1.0"
				},
				{
					"Position": "-24.5 11.25",
					"Size": "0.5 1.0"
				},
				{
					"Position": "-13.75 4.0",
					"Size": "1.5 0.75"
				},
				{
					"Position": "-14.25 3.0",
					"Size": "0.5 1.75"
				},
				{
					"Position": "0.75 21.75",
					"Size": "1.0 0.5"
				},
				{
					"Position": "-12.75 29.5",
					"Size": "1.0 0.5"
				},
				{
					"Position": "4.25 0.75",
					"Size": "1.0 0.5"
				},
				{
					"Position": "23.5 5.5",
					"Size": "0.5 1.0"
				},
				{
					"Position": "15.0 16.5",
					"Size": "0.5 1.0"
				}
			],
			"Interactions": [
				{
					"Position": "2.5 11.0",
					"Size": "1.0 1.0",
					"Data": "Sign",
					"Interact": {
						"Action": "TutorialAction",
						"Type": "SniperInfo"
					}
				}
			]
		},
		"Backgrounds": []
	}
}