{
	"DisplayName": "STICKY LAUNCHER RANGE",
	"Description": "THE MAP USED FOR STICKY LAUNCHER PRACTICE",
	"SupportedTeams": 2,
	"IsChallenge": true,
	"PreviewArea": "-15.25 0.0 32.0 18.0",
	"PreviewPlatforms": [
		"-15.25 1.75 0.25 0.75",
		"-10.0 5.5 0.25 0.75",
		"-7.75 5.0 0.25 0.75",
		"-11.25 10.503333 0.25 0.75",
		"-1.0 11.5 0.75 0.25",
		"1.0 6.25 0.75 0.25",
		"4.75 8.75 0.25 0.75",
		"8.5 6.75 0.25 0.75",
		"7.5 1.0 0.25 0.75",
		"0.5 1.25 1.25 0.5",
		"-3.5 -0.5 7.0 1.75",
		"16.5 4.5 0.25 0.75"
	],
	"Level": {
		"WorldBounds": "-20.0 0.0 40.0 30.0",
		"SpawnPoints": [
			{
				"Position": "-0.25 1.75",
				"Mask": "Player|FreeForAll|BreakTheTargets"
			},
			{
				"Position": "1.0 2.0",
				"Mask": "Weapon0"
			},
			{
				"Position": "7.5 1.375",
				"Size": "0.25 0.25",
				"Mask": "Objective|BreakTheTargets"
			},
			{
				"Position": "16.5 4.875",
				"Size": "0.25 0.25",
				"Mask": "Objective|BreakTheTargets"
			},
			{
				"Position": "8.5 7.125",
				"Size": "0.25 0.25",
				"Mask": "Objective|BreakTheTargets"
			},
			{
				"Position": "4.75 9.125",
				"Size": "0.25 0.25",
				"Mask": "Objective|BreakTheTargets"
			},
			{
				"Position": "1.375 6.25",
				"Size": "0.25 0.25",
				"Angle": "Degrees(90.0)",
				"Mask": "Objective|BreakTheTargets"
			},
			{
				"Position": "-0.625 11.5",
				"Size": "0.25 0.25",
				"Angle": "Degrees(90.0)",
				"Mask": "Objective|BreakTheTargets"
			},
			{
				"Position": "-7.5 5.375",
				"Size": "0.25 0.25",
				"Flipped": true,
				"Mask": "Objective|BreakTheTargets"
			},
			{
				"Position": "-9.75 5.875",
				"Size": "0.25 0.25",
				"Flipped": true,
				"Mask": "Objective|BreakTheTargets"
			},
			{
				"Position": "-11.0 10.875",
				"Size": "0.25 0.25",
				"Flipped": true,
				"Mask": "Objective|BreakTheTargets"
			},
			{
				"Position": "-15.0 2.125",
				"Size": "0.25 0.25",
				"Flipped": true,
				"Mask": "Objective|BreakTheTargets"
			}
		],
		"Entities": {
			"Platforms": [
				{
					"Position": "-3.5 -0.5",
					"Size": "7.0 1.75"
				},
				{
					"Position": "7.5 1.0",
					"Size": "0.25 0.75"
				},
				{
					"Position": "0.5 1.25",
					"Size": "1.25 0.5",
					"OneWay": true
				},
				{
					"Position": "8.5 6.75",
					"Size": "0.25 0.75"
				},
				{
					"Position": "-11.25 10.503333",
					"Size": "0.25 0.75"
				},
				{
					"Position": "-7.75 5.0",
					"Size": "0.25 0.75"
				},
				{
					"Position": "-15.25 1.75",
					"Size": "0.25 0.75"
				},
				{
					"Position": "-1.0 11.5",
					"Size": "0.75 0.25"
				},
				{
					"Position": "4.75 8.75",
					"Size": "0.25 0.75"
				},
				{
					"Position": "16.5 4.5",
					"Size": "0.25 0.75"
				},
				{
					"Position": "1.0 6.25",
					"Size": "0.75 0.25"
				},
				{
					"Position": "-10.0 5.5",
					"Size": "0.25 0.75"
				}
			],
			"Interactions": [
				{
					"Position": "-1.75 1.25",
					"Size": "1.0 1.0",
					"Data": "Sign",
					"Interact": {
						"Action": "TutorialAction",
						"Type": "StickyLauncherInfo"
					}
				}
			]
		},
		"Backgrounds": []
	}
}