{
	"DisplayName": "SUMO RING",
	"Description": "THE MAP USED FOR SUMO",
	"SupportedTeams": 2,
	"IsChallenge": true,
	"Level": {
		"WorldBounds": "-11.5 0.0 23.0 20.0",
		"SpawnPoints": [
			{
				"Position": "-4.25 2.75",
				"Size": "0.25 0.25",
				"Mask": "Player|RedTeam|Conquest"
			},
			{
				"Position": "4.5 2.75",
				"Size": "0.25 0.25",
				"Flipped": true,
				"Mask": "Player|BlueTeam|Conquest"
			}
		],
		"Entities": {
			"Platforms": [
				{
					"Position": "-5.0 -0.25",
					"Size": "10.0 2.5",
					"HotZone": true,
					"QuietZone": true
				},
				{
					"Position": "-11.75 -0.25",
					"Size": "6.75 1.75",
					"Impassable": true
				},
				{
					"Position": "5.0 -0.25",
					"Size": "6.75 1.75",
					"Impassable": true
				}
			],
			"Hazards": [
				{
					"Position": "-11.499997 1.5",
					"Size": "6.5 0.5",
					"Data": "Gap"
				},
				{
					"Position": "5.0 1.5",
					"Size": "6.5 0.5",
					"Data": "Gap"
				}
			]
		},
		"Backgrounds": []
	},
	"PreviewArea": "-8.0 0.7 16.0 9.0",
	"PreviewPlatforms": [
		"5.0 -0.25 6.75 1.75",
		"-5.0 -0.25 10.0 2.5",
		"-11.75 -0.25 6.75 1.75"
	]
}