{
	"DisplayName": "FIGHTING PIT",
	"Description": "THE MAP USED FOR WEAPONS TRAINING",
	"SupportedTeams": 2,
	"IsChallenge": true,
	"Level": {
		"WorldBounds": "-20.0 0.0 40.0 45.0",
		"SpawnPoints": [
			{
				"Position": "-16.25 13.0",
				"Size": "0.25 0.25",
				"Mask": "Weapon0"
			},
			{
				"Position": "-19.0 13.0",
				"Size": "0.25 0.25",
				"Mask": "Player|RedTeam|Deathmatch|Conquest"
			},
			{
				"Position": "-13.0 13.0",
				"Size": "0.25 0.25",
				"Mask": "Weapon1"
			},
			{
				"Position": "-9.75 13.0",
				"Size": "0.25 0.25",
				"Mask": "Weapon2"
			},
			{
				"Position": "-6.5 13.0",
				"Size": "0.25 0.25",
				"Mask": "Weapon3"
			},
			{
				"Position": "-3.25 13.0",
				"Size": "0.25 0.25",
				"Mask": "Weapon4"
			},
			{
				"Position": "18.75 9.0",
				"Size": "0.25 0.25",
				"Flipped": true,
				"Mask": "Player|BlueTeam|Deathmatch|Conquest"
			},
			{
				"Position": "17.75 8.75",
				"Size": "0.25 0.25",
				"Mask": "Weapon4"
			},
			{
				"Position": "18.25 3.25",
				"Size": "0.25 0.25",
				"Flipped": true,
				"Mask": "Player|BlueTeam|Deathmatch|Conquest"
			},
			{
				"Position": "17.25 3.0",
				"Size": "0.25 0.25",
				"Mask": "Weapon0"
			},
			{
				"Position": "10.75 2.75",
				"Size": "0.25 0.25",
				"Flipped": true,
				"Mask": "Player|BlueTeam|Deathmatch|Conquest"
			},
			{
				"Position": "10.25 2.5",
				"Size": "0.25 0.25",
				"Mask": "Weapon3"
			},
			{
				"Position": "6.25 5.25",
				"Size": "0.25 0.25",
				"Mask": "Player|BlueTeam|Deathmatch|Conquest"
			},
			{
				"Position": "7.0 5.0",
				"Size": "0.25 0.25",
				"Mask": "Weapon1"
			},
			{
				"Position": "-4.25 2.5",
				"Size": "0.25 0.25",
				"Mask": "Player|BlueTeam|Deathmatch|Conquest"
			},
			{
				"Position": "-3.5 2.25",
				"Size": "0.25 0.25",
				"Mask": "Weapon2"
			}
		],
		"Entities": {
			"Platforms": [
				{
					"Position": "-1.25 -0.25",
					"Size": "20.5 1.5"
				},
				{
					"Position": "-20.25 4.25",
					"Size": "19.0 8.25"
				},
				{
					"Position": "-16.5 12.5",
					"Size": "1.0 0.25",
					"OneWay": true
				},
				{
					"Position": "-20.25 -0.25",
					"Size": "15.25 4.5"
				},
				{
					"Position": "-13.25 12.5",
					"Size": "1.0 0.25",
					"OneWay": true
				},
				{
					"Position": "-10.0 12.5",
					"Size": "1.0 0.25",
					"OneWay": true
				},
				{
					"Position": "-6.75 12.5",
					"Size": "1.0 0.25",
					"OneWay": true
				},
				{
					"Position": "-3.5 12.5",
					"Size": "1.0 0.25",
					"OneWay": true
				},
				{
					"Position": "19.25 -0.25",
					"Size": "1.0 12.75"
				},
				{
					"Position": "-5.0 -0.25",
					"Size": "3.75 2.25"
				},
				{
					"Position": "-1.25 6.75",
					"Size": "3.25 3.75"
				},
				{
					"Position": "2.0 6.75",
					"Size": "2.0 1.75"
				},
				{
					"Position": "4.25 1.25",
					"Size": "8.5 3.5",
					"OneWay": true
				},
				{
					"Position": "5.25 4.5",
					"Size": "3.0 1.5",
					"OneWay": true
				},
				{
					"Position": "9.25 1.25",
					"Size": "2.75 1.0",
					"OneWay": true
				},
				{
					"Position": "6.0 3.25",
					"Size": "2.5 0.25",
					"OneWay": true
				},
				{
					"Position": "16.75 6.75",
					"Size": "2.5 1.75"
				},
				{
					"Position": "15.5 1.25",
					"Size": "3.75 1.5",
					"OneWay": true
				}
			],
			"Interactions": [
				{
					"Position": "-17.25 12.5",
					"Size": "1.0 1.0",
					"Data": "Sign",
					"Interact": {
						"Action": "TutorialAction",
						"Type": "WeaponTrainingOne"
					}
				},
				{
					"Position": "-14.0 12.5",
					"Size": "1.0 1.0",
					"Data": "Sign",
					"Interact": {
						"Action": "TutorialAction",
						"Type": "WeaponTrainingTwo"
					}
				},
				{
					"Position": "-10.75 12.5",
					"Size": "1.0 1.0",
					"Data": "Sign",
					"Interact": {
						"Action": "TutorialAction",
						"Type": "WeaponTrainingThree"
					}
				},
				{
					"Position": "-7.5 12.5",
					"Size": "1.0 1.0",
					"Data": "Sign",
					"Interact": {
						"Action": "TutorialAction",
						"Type": "WeaponTrainingFour"
					}
				},
				{
					"Position": "-4.25 12.5",
					"Size": "1.0 1.0",
					"Data": "Sign",
					"Interact": {
						"Action": "TutorialAction",
						"Type": "WeaponTrainingFive"
					}
				}
			]
		},
		"Backgrounds": []
	},
	"PreviewArea": "1.499999 0.5 16.0 9.0",
	"PreviewPlatforms": [
		"2.0 6.75 2.0 1.75",
		"-1.25 6.75 3.25 3.75",
		"5.25 4.5 3.0 1.5",
		"4.25 1.25 8.5 3.5",
		"6.0 3.25 2.5 0.25",
		"9.25 1.25 2.75 1.0",
		"16.75 6.75 2.5 1.75",
		"15.5 1.25 3.75 1.5",
		"-1.25 -0.25 20.5 1.5"
	]
}