{
	"DataType": "HelicopterHat",
	"DisplayName": "HELICOPTER HAT",
	"Description": "GLIDE TO THE GROUND WITH THE AID OF A PROPELLER",
	"Classification": "Cool",
	"HasAbility": true,
	"Size": "0.26 0.3",
	"Skull": {
		"Name": "Skull",
		"Children": [
			{
				"Name": "Hat",
				"LeftOrder": 14,
				"RightOrder": 18,
				"Position": "0.659998 0.825002",
				"Rotation": "Degrees(0.0)",
				"Size": "0.449999 0.25",
				"Offset": "0.5 0.5",
				"Shape": [
					"0.092157 0.173759",
					"0.172549 0.851064",
					"0.580392 0.900709",
					"0.933333 0.269504",
					"0.766667 0.113475"
				],
				"CellCountX": 2,
				"CellCountY": 2,
				"FrameCount": 4
			}
		]
	},
	"FrameRate": 30.0,
	"AerodynamicsModifier": 1.0,
	"ManeuverabilityModifier": 0.5,
	"MaximumFallingSpeedModifier": 0.1
}