{
	"DisplayName": "GRASS",
	"Description": "TRANQUIL GRASS THEME",
	"Backgrounds": [
		{
			"BottomColor": "#B2CAC6FF",
			"TopColor": "#B2CAC6FF",
			"Bottom": 0.2,
			"Top": 0.2,
			"Depth": 0.4,
			"PinLeft": true,
			"PinRight": true,
			"PinBottom": true
		},
		{
			"BottomColor": "White",
			"TopColor": "Grey",
			"Bottom": 0.0,
			"Top": 15.0,
			"Depth": 0.5,
			"PinLeft": true,
			"PinRight": true
		},
		{
			"Texture": "Mountains",
			"Bottom": 1.0,
			"Top": 10.0,
			"Depth": 0.5,
			"ScrollX": true
		},
		{
			"Texture": "Hills",
			"Bottom": 0.0,
			"Top": 5.0,
			"Depth": 0.4,
			"ScrollX": true
		},
		{
			"BottomColor": "Grey",
			"TopColor": "Purple",
			"Bottom": 15.0,
			"Top": 50.0,
			"Depth": 0.5,
			"PinLeft": true,
			"PinRight": true,
			"PinTop": true
		},
		{
			"Texture": "Underground",
			"Top": 0.0,
			"Depth": 0.5,
			"ScrollX": true,
			"ScrollY": true
		},
		{
			"Texture": "UndergroundEdge",
			"Top": 0.2,
			"Bottom": 0.0,
			"Depth": 0.0,
			"PinLeft": true,
			"PinRight": true
		}
	],
	"Objects": [
		{
			"Texture": "Cloud1",
			"Depth": 0.7,
			"Bottom": 10.0,
			"Spacing": "10.0 6.0",
			"Size": "3.8 2.54",
			"SpacingVariance": "5.0 3.0",
			"SizeVariance": "0.6 0.3"
		}
	],
	"TopSize": 0.5,
	"EdgeSize": 0.5,
	"ConveyerSize": 0.25,
	"DataMap": {
		"Gap": "Spikes",
		"Benefit1": "Healing",
		"Detriment1": "Muck",
		"PlatformSwitch": "Lever",
		"DoorSwitch": "Button"
	}
}
