{
	"DataType": "SplinterProjectile",
	"DisplayName": "CORONA BOMBS",
	"Description": "A BOMB THAT EXPLODES AND RELEASES MULTIPLE OTHER BOMBS",
	"Size": "0.225 0.225",
	"Offset": "0.5 0.5",
	"Orient": false,
	"CollideWithOneWay": true,
	"Splinter":
	{
		"Speed": 2.5,
		"SpeedVariance": 0.0,
		"Spread": 135.0,
		"Gravity": 12.0,
		"Lifetime": 2.0,
		"BulletCount": 6,
		"BounceLifetime": 0,
		"InnerExplosionRadius": 0.2,
		"OuterExplosionRadius": 0.6,
		"ExplosionDamage": 30.0,
		"ExplosionImpulse": 7.5,
		"Projectile": "CoronaSplinter"
	}
}
