{
	"DataType": "Binoculars",
	"DisplayName": "BINOCULARS",
	"Description": "SHIFT THE CAMERA FORWARD AND INCREASE CHANCE OF SPOTTING THE ORANGE-CROWNED WARBLER",
	"Classification": "Okay",
	"HasAbility": true,
	"ZoomLevels": [ "2.0,0.0", "5.0,-0.15", "10.0,-0.25"
	],
	"Size": "0.26 0.3",
	"Skull": {
		"Name": "Skull",
		"Children": [
			{
				"Name": "Binoculars",
				"LeftOrder": 47,
				"RightOrder": 67,
				"Position": "0.147 0.261",
				"Size": "0.3545 0.1233",
				"Shape": [
					"0.526667 0.817841",
					"0.96 0.980825",
					"0.986667 0.29054",
					"0.53 0.405587"
				]
			}
		]
	},
	"Neck": {
		"Name": "Neck"
	}
}