{
	"DataType": "Head",
	"DisplayName": "BLUETOOTH HEADSET",
	"Description": "SHARE INDICATORS WITH OTHER PLAYERS ON YOUR TEAM THAT ALSO HAVE BLUETOOTH EQUIPPED",
	"Classification": "Okay",
	"Abilities": [
		"Bluetooth"
	],
	"Size": "0.26 0.3",
	"Skull": {
		"Name": "Skull",
		"Children": [
			{
				"Name": "Bluetooth",
				"LeftOrder": 47,
				"RightOrder": 67,
				"Position": "0.157 0.301999",
				"Size": "0.101 0.0963",
				"Shape": [
					"0.16 0.713333",
					"0.953333 0.314797",
					"0.806667 0.042114",
					"0.103333 0.374228"
				]
			}
		]
	},
	"Neck": {
		"Name": "Neck"
	}
}