{
	"DataType": "Head",
	"DisplayName": "DETECTIVE HAT",
	"Description": "SEE OTHER PLAYERS' INDICATORS EVEN WHEN THEY'RE BEING RELATIVELY QUIET (AWARENESS) AND LOOK LIKE A VIOLENT SHERLOCK HOLMES",
	"Classification": "Okay",
	"Modifiers": {
		"Awareness": 0.7
	},
	"Size": "0.26 0.3",
	"Skull": {
		"Name": "Skull",
		"Children": [
			{
				"Name": "Hat",
				"LeftOrder": 47,
				"RightOrder": 67,
				"Position": "0.131 0.459001",
				"Size": "0.4484 0.2911",
				"Offset": "0.25 0.0",
				"Shape": [
					"0.026667 0.045",
					"0.373333 0.804892",
					"0.54 0.845968",
					"0.933333 0.322258"
				]
			}
		]
	},
	"Neck": {
		"Name": "Neck"
	}
}