{
	"DataType": "Head",
	"DisplayName": "DISGUISE",
	"Description": "HIDES YOUR TEAM FROM THAT DASTARDLY OTHER TEAM",
	"Classification": "Cool",
	"Abilities": [
		"Disguise"
	],
	"Size": "0.26 0.3",
	"Skull": {
		"Name": "Skull",
		"Children": [
			{
				"Name": "Disguise",
				"LeftOrder": 47,
				"RightOrder": 67,
				"Position": "0.223 0.201",
				"Size": "0.2254 0.1573",
				"Shape": [
					"0.053333 0.789851",
					"0.936667 0.727761",
					"0.966667 0.264478",
					"0.913333 0.164179",
					"0.69 0.168955"
				]
			}
		]
	},
	"Neck": {
		"Name": "Neck"
	}
}