{
	"DataType": "Head",
	"DisplayName": "EAGLE EYES",
	"Description": "SEE MORE OF THE SCREEN (CAMERA ZOOM), HEAR OTHER PLAYERS BETTER (AWARENESS), AND INCREASE AMERICAN-NESS BY 23%",
	"Classification": "Cool",
	"Modifiers": {
		"CameraZoom": 0.2,
		"Awareness": 0.2
	},
	"Size": "0.26 0.3",
	"Skull": {
		"Name": "Skull",
		"Size": "0.3767 0.3286",
		"Offset": "0.4204 0.1759",
		"Shape": [
			"0.083333 0.121071",
			"0.08 0.621679",
			"0.33 0.942679",
			"0.683333 0.931214",
			"0.986667 0.457357",
			"0.656667 0.101964"
		]
	}
}