{
	"DataType": "Head",
	"DisplayName": "GIRAFFE NECK",
	"Description": "SHIFTS THE CAMERA UP (CAMERA OFFSET) AND CREATES AN URGE TO VISIT THE ZOO",
	"Classification": "Okay",
	"CameraOffset": "0.0 1.0",
	"Size": "0.26 0.3",
	"Skull": {
		"Name": "Skull",
		"Position": "0.3 0.680998",
		"Size": "0.385 0.3169",
		"Offset": "0.3 0.3",
		"Shape": [
			"0.273333 0.295407",
			"0.35 0.708444",
			"0.533333 0.672",
			"0.916667 0.307556",
			"0.956667 0.109136",
			"0.766667 0.024099"
		]
	},
	"Neck": {
		"Name": "Neck",
		"Position": "0.5 0.816",
		"Size": "0.1256 0.1761",
		"Offset": "0.472 0.0",
		"Shape": [
			"0.07 0.142584",
			"0.283333 0.907267",
			"0.803333 0.909644",
			"0.93 0.067911"
		]
	}
}