{
	"DataType": "Head",
	"DisplayName": "GLASSES",
	"Description": "MAKES WEAPONS MORE ACCURATE (ACCURACY), YOU NERD",
	"Classification": "Okay",
	"Modifiers": {
		"Accuracy": 1.0
	},
	"Size": "0.26 0.3",
	"Skull": {
		"Name": "Skull",
		"Children": [
			{
				"Name": "Glasses",
				"LeftOrder": 47,
				"RightOrder": 67,
				"Position": "0.3 0.5",
				"Size": "0.21125 0.0775",
				"Offset": "0.085 0.623995",
				"Shape": [
					"0.05 0.827273",
					"0.766667 0.054545",
					"0.96 0.690909",
					"0.843333 0.936364"
				]
			}
		]
	}
}