{
	"DataType": "Head",
	"DisplayName": "NOISE CANCELLING HEADPHONES",
	"Description": "REDUCES SOUND FROM WEAPONS, MOVING, JUMPING (NOISINESS), AND THAT GUY ON THE BUS WATCHING CAT VIDEOS",
	"Classification": "Okay",
	"ZoomLevels": [ "0.0,0.0"
	],
	"Size": "0.26 0.3",
	"Skull": {
		"Name": "Skull",
		"Children": [
			{
				"Name": "Headphones",
				"LeftOrder": 47,
				"RightOrder": 67,
				"Position": "0.025 0.286",
				"Size": "0.1702 0.25",
				"Shape": [
					"0.04 0.176291",
					"0.586667 0.975039",
					"0.96 0.900156",
					"0.716667 0.180829",
					"0.373333 0.033333"
				]
			}
		]
	},
	"Neck": {
		"Name": "Neck"
	}
}