{
	"DataType": "Head",
	"DisplayName": "OXYGEN MASK",
	"Description": "INCREASES HOW LONG ACTIVE ABILITIES CAN BE USED (ENERGY DISCHARGE). IN THE EVENT OF AN EMERGENCY, PLEASE PUT ON YOUR OXYGEN MASK BEFORE ASSISTING OTHERS.",
	"Classification": "Okay",
	"Modifiers": {
		"EnergyDischarge": 0.5
	},
	"Size": "0.26 0.3",
	"Skull": {
		"Name": "Skull",
		"Children": [
			{
				"Name": "Mask",
				"LeftOrder": 47,
				"RightOrder": 67,
				"Size": "0.4625 0.4003",
				"Offset": "0.257 0.543999",
				"Shape": [
					"0.14 0.768915",
					"0.816667 0.988446",
					"0.963333 0.480059",
					"0.27 0.040997",
					"0.026667 0.025591",
					"0.016667 0.576344"
				]
			}
		]
	},
	"Neck": {
		"Name": "Neck"
	}
}