{
	"DataType": "Head",
	"DisplayName": "PIRATE HAT",
	"Description": "SHOOT FASTER (RATE OF FIRE), AND ASK QUESTIONS LATER.",
	"Classification": "Okay",
	"Modifiers": {
		"RateOfFire": 0.35
	},
	"Size": "0.26 0.3",
	"Skull": {
		"Name": "Skull",
		"Children": [
			{
				"Name": "Hat",
				"LeftOrder": 47,
				"RightOrder": 67,
				"Position": "0.56 1.04",
				"Size": "0.3956 0.2723",
				"Offset": "0.573999 0.776002",
				"Shape": [
					"0.06 0.036451",
					"0.03 0.288233",
					"0.286667 0.898319",
					"0.533333 0.970948",
					"0.85 0.80148",
					"0.99 0.443175",
					"0.87 0.191394"
				]
			}
		]
	},
	"Neck": {
		"Name": "Neck"
	}
}