{
	"DataType": "Head",
	"DisplayName": "REAR VIEW MIRROR",
	"Description": "SHIFTS THE CAMERA BACKWARD (WEAPON ZOOM). OBJECTS IN MIRROR ARE EXACT DISTANCE THEY APPEAR.",
	"Classification": "Okay",
	"ZoomLevels": [
		"-2.0,0.0"
	],
	"Size": "0.26 0.3",
	"Skull": {
		"Name": "Skull",
		"Children": [
			{
				"Name": "Mirror",
				"LeftOrder": 47,
				"RightOrder": 67,
				"Position": "0.0 0.274003",
				"Size": "0.4719 0.3029",
				"Offset": "0.162 0.0",
				"Shape": [
					"0.24 0.916899",
					"0.653333 0.927287",
					"0.983333 0.459845",
					"0.866667 0.049535",
					"0.016667 0.298837"
				]
			}
		]
	},
	"Neck": {
		"Name": "Neck"
	}
}