{
	"DataType": "SantaHat",
	"DisplayName": "SANTA HAT",
	"Description": "YOUR WEAPON IS REPLACED WITH A RANDOM WEAPON EVERY 30 SECONDS. MERRY CHRISTMAS?",
	"Classification": "Cool",
	"HasTimer": true,
	"EnergyDischargeTime": 30.0,
	"Size": "0.26 0.3",
	"Skull": {
		"Name": "Skull",
		"Children": [
			{
				"Name": "Hat",
				"LeftOrder": 47,
				"RightOrder": 67,
				"Position": "0.0 0.408001",
				"Size": "0.473 0.2524",
				"Offset": "0.295999 0.0",
				"Shape": [
					"0.143333 0.569612",
					"0.536667 0.98386",
					"0.976667 0.569612",
					"0.95 0.273721",
					"0.293333 0.015488"
				]
			}
		]
	},
	"Neck": {
		"Name": "Neck"
	}
}