{
	"DataType": "Head",
	"DisplayName": "SKULL",
	"Description": "INCREASES HEALTH REGENERATION. THE TRADE OFF IS YOU ONLY GET 75% OF THE HEALTH TO START WITH. AND YOU DON'T HAVE A FACE.",
	"Classification": "Okay",
	"Modifiers": {
		"MaximumHealth": -0.25,
		"HealthRegeneration": 15.0
	},
	"Size": "0.26 0.3",
	"Skull": {
		"Name": "Skull",
		"Position": "0.635998 0.830996",
		"Size": "0.2935 0.3216",
		"Offset": "0.392 0.2372",
		"Shape": [
			"0.136667 0.911801",
			"0.753333 0.966545",
			"0.953333 0.683698",
			"0.88 0.020681",
			"0.493333 0.029805",
			"0.033333 0.452555"
		]
	},
	"Neck": {
		"Name": "Neck",
		"Position": "0.342002 1.076004",
		"Size": "0.0716 0.0669",
		"Offset": "0.5 0.5",
		"Shape": [
			"0.133333 0.165263",
			"0.21 0.882281",
			"0.786667 0.825205",
			"0.846667 0.118889"
		]
	}
}