{
	"DataType": "Head",
	"DisplayName": "SPACE HELMET",
	"Description": "LOWER WEIGHT, SLOWER FALLING SPEED, LESS MANEUVERABILITY AND A DOSSIER WITH PROOF THE MOON LANDING WAS FAKED",
	"Classification": "Okay",
	"Modifiers": {
		"Hops": -0.4,
		"HangAmount": -0.2,
		"Maneuverability": -0.35,
		"Weight": -0.5,
		"MaximumFallingSpeed": -0.6
	},
	"Size": "0.26 0.3",
	"Skull": {
		"Name": "Skull",
		"Children": [
			{
				"Name": "Helmet",
				"LeftOrder": 47,
				"RightOrder": 67,
				"Position": "0.56 1.04",
				"Rotation": "Degrees(0.0)",
				"Size": "0.3612 0.3686",
				"Offset": "0.542999 0.961",
				"Shape": [
					"0.36 0.954225",
					"0.826667 0.895372",
					"1.0 0.512824",
					"0.793333 0.055074",
					"0.146667 0.084501",
					"0.023333 0.653418"
				]
			}
		]
	},
	"Neck": {
		"Name": "Neck"
	}
}