{
	"DisplayName": "PART PRACTICE",
	"Description": "THE MAP FOR THE PART PRACTICE CHALLENGE",
	"WorldBounds": "-25.0 0.0 33.5 32.0",
	"SpawnPoints": [
		{
			"Position": "-24.0 3.0",
			"Mask": "Player|FreeForAll|Race"
		},
		{
			"Position": "-12.75 9.0",
			"Mask": "Objective|FreeForAll|Race"
		},
		{
			"Position": "4.5 2.0",
			"Mask": "Objective|FreeForAll|Race"
		},
		{
			"Position": "2.0 19.5",
			"Mask": "Objective|FreeForAll|Race"
		},
		{
			"Position": "-22.75 14.5",
			"Mask": "Objective|FreeForAll|Race"
		}
	],
	"Entities": {
		"Platforms": [
			{
				"Position": "-23.5 -2.5",
				"Size": "8.0 4.5"
			},
			{
				"Position": "-19.0 2.0",
				"Size": "2.5 3.5",
				"OneWay": true
			},
			{
				"Position": "-15.5 -2.5",
				"Size": "5.5 11.5"
			},
			{
				"Position": "-10.0 -2.5",
				"Size": "2.0 10.5"
			},
			{
				"Position": "-8.0 -2.5",
				"Size": "2.0 9.5"
			},
			{
				"Position": "-6.0 -2.5",
				"Size": "2.0 8.5"
			},
			{
				"Position": "-4.0 -2.5",
				"Size": "2.0 7.5"
			},
			{
				"Position": "-2.0 -2.5",
				"Size": "2.0 6.5"
			},
			{
				"Position": "0.0 -2.5",
				"Size": "2.0 5.5"
			},
			{
				"Position": "1.5 -2.5",
				"Size": "6.5 4.5"
			},
			{
				"Position": "4.0 4.0",
				"Size": "1.0 15.5"
			},
			{
				"Position": "8.0 -2.5",
				"Size": "1.0 32.5"
			},
			{
				"Position": "-1.0 14.0",
				"Size": "5.0 5.5"
			},
			{
				"Position": "-24.5 -2.5",
				"Size": "1.0 5.0"
			},
			{
				"Position": "-25.5 -2.5",
				"Size": "1.0 32.5"
			},
			{
				"Position": "-24.5 13.0",
				"Size": "3.5 1.0"
			},
			{
				"Position": "6.5 5.0",
				"Size": "2.0 0.5",
				"OneWay": true
			},
			{
				"Position": "4.5 8.5",
				"Size": "2.0 0.5",
				"OneWay": true
			},
			{
				"Position": "6.5 12.0",
				"Size": "2.0 0.5",
				"OneWay": true
			},
			{
				"Position": "4.5 15.5",
				"Size": "2.0 0.5",
				"OneWay": true
			},
			{
				"Position": "-23.5 14.0",
				"Size": "1.5 0.5",
				"OneWay": true
			}
		],
		"Hazards": [
			{
				"Position": "-10.0 7.969999",
				"Size": "2.0 0.5",
				"Data": "Gap"
			},
			{
				"Position": "-8.0 6.97",
				"Size": "2.0 0.5",
				"Data": "Gap"
			},
			{
				"Position": "-6.0 5.97",
				"Size": "2.0 0.5",
				"Data": "Gap"
			},
			{
				"Position": "-4.0 4.97",
				"Size": "2.0 0.5",
				"Data": "Gap"
			},
			{
				"Position": "-2.0 3.97",
				"Size": "2.0 0.5",
				"Data": "Gap"
			},
			{
				"Position": "0.0 2.97",
				"Size": "2.0 0.5",
				"Data": "Gap"
			}
		]
	},
	"Backgrounds": []
}