{
	"Name": "CAR CAPTURE",
	"Description": "FOUR TEAM CTF IN THE CAR HOLE",
	"Map": "CarHole",
	"Theme": "Cavern",
	"TeamDistribution": "Even",
	"TeamCount": 4,
	"GameType": "CaptureTheFlag",
	"Game": {
		"RespawnTime": 5.0,
		"CapturesToWin": 3,
		"AtHomeToScore": false,
		"TouchToReset": false,
		"TimeToReset": 5.0
	},
	"Loadout": {
		"PrimaryWeapon": "MachineGun"
	},
	"Weapons": {
		"SpawnedWeapons": [
			"FireBird",
			"Pistol",
			"RicochetShot",
			"",
			"",
			""
		]
	},
	"Bots": [
		{
			"Name": "EL BUONARROTI",
			"Difficulty": "Pro",
			"RequestedTeam": 1
		},
		{
			"Name": "PIERRE WARHOL",
			"Difficulty": "Pro",
			"RequestedTeam": 1
		},
		{
			"Name": "REMBRANDT VAN GOGH",
			"Difficulty": "Pro",
			"RequestedTeam": 2
		},
		{
			"Name": "ALBRECT BOTTICELLI",
			"Difficulty": "Pro",
			"RequestedTeam": 2
		},
		{
			"Name": "VINCENT SANZIO",
			"Difficulty": "Pro",
			"RequestedTeam": 3
		},
		{
			"Name": "VINCENT SANZIO",
			"Difficulty": "Pro",
			"RequestedTeam": 3
		}
	],
	"Rewards": {
		"Ink": 25
	}
}
