{
	"Name": "CHRISTMAS",
	"Description": "CHRISTMAS COMES BUT ONCE A YEAR (EVERY 30 SECONDS), USE YOUR HAT TO SPREAD SOME CHEER (EXLOSIONS).",
	"Map": "ChristmasMap",
	"Theme": "Grass",
	"TeamDistribution": "FreeForAll",
	"GameType": "Deathmatch",
	"Game": {
		"PointsToWin": 25
	},
	"Loadout": {
		"Head": "SantaHat",
		"Core": "BasicCore",
		"Arms": "BasicArms",
		"Legs": "BasicLegs"
	},
	"Weapons": {
		"SpawnedWeapons": [
			"FireBird",
			"RocketLauncher",
			"GrenadeLauncher",
			"StickyLauncher",
			"CoronaBomb",
			"HomingRockets"
		]
	},
	"Rewards": {
		"Ink": 25
	},
	"Bots": [
		{
			"Name": "LEONARDO O'KEEFFE",
			"Difficulty": "Amateur"
		},
		{
			"Name": "ANDY KHALO",
			"Difficulty": "Amateur"
		},
		{
			"Name": "REMBRANDT DA VINCI",
			"Difficulty": "Amateur"
		},
		{
			"Name": "HENRI SANZIO",
			"Difficulty": "Amateur"
		}
	]
}
