{
	"Name": "HEAD TO HEAD",
	"Description": "THE PURE FIGHTING CHALLENGE. ONE ON ONE AGAINST A MASTER BOT WITH STANDARD WEAPONS",
	"Map": "Arena",
	"Theme": "Grass",
	"TeamDistribution": "FreeForAll",
	"GameType": "Deathmatch",
	"Game": {
		"PointsToWin": 15
	},
	"Loadout": {
		"PrimaryWeapon": "Pistol",
		"Head": "BasicHead",
		"Core": "BasicCore",
		"Arms": "BasicArms",
		"Legs": "BasicLegs"
	},
	"Weapons": {
		"SpawnedWeapons": [
			"MachineGun",
			"Pistol",
			"Shotgun",
			"SniperRifle",
			"GrenadeLauncher",
			"RocketLauncher"
		]
	},
	"Bots": [
		{
			"Name": "EL PICASSO",
			"Difficulty": "MASTER"
		}
	],
	"Rewards": {
		"Ink": 25
	}
}
