{
	"Name": "HEADHUNTERS",
	"Description": "DEATHMATCH ON BATTLEFIELD AGAINST THREE BOTS BUT ONLY HEADSHOTS COUNT. HIGH ACCURACY WEAPONS ARE ESSENTIAL.",
	"Map": "Battlefield",
	"Theme": "Grass",
	"TeamDistribution": "PlayersVsBots",
	"GameType": "Deathmatch",
	"Game": {
		"PointsToWin": 25
	},
	"Loadout": {
		"PrimaryWeapon": "Pistol"
	},
	"Weapons": {
		"SpawnedWeapons": [
			"MachineGun",
			"Pistol",
			"",
			"",
			"",
			"SniperRifle"
		]
	},
	"Attributes": {
		"HeadshotModifier": 2.0,
		"BodyshotModifier": 0.0,
		"LimbshotModifier": 0.0,
		"ExplosionModifier": 0.0
	},
	"Bots": [
		{
			"Name": "PABLO GRECO",
			"Difficulty": "Pro",
			"RequestedTeam": 1,
			"Loadout": {
				"Head": "BasicHead",
				"Core": "BasicCore",
				"Arms": "BasicArms",
				"Legs": "BasicLegs"
			}
		},
		{
			"Name": "M.C. ROCKWELL",
			"Difficulty": "Pro",
			"RequestedTeam": 1,
			"Loadout": {
				"Head": "BasicHead",
				"Core": "BasicCore",
				"Arms": "BasicArms",
				"Legs": "BasicLegs"
			}
		},
		{
			"Name": "FRIDA ALBRECT",
			"Difficulty": "Pro",
			"RequestedTeam": 1,
			"Loadout": {
				"Head": "BasicHead",
				"Core": "BasicCore",
				"Arms": "BasicArms",
				"Legs": "BasicLegs"
			}
		}
	],
	"Rewards": {
		"Ink": 25
	}
}
