{
	"Name": "HUNDRED MAN MELEE",
	"Description": "KILL 100 LIVES WORTH OF BOT MEAT WITH POWER WEAPONS WITHOUT DYING YOURSELF",
	"Map": "Battlefield",
	"Theme": "Grass",
	"TeamDistribution": "PlayersVsBots",
	"GameType": "Conquest",
	"Game": {
		"Lives": 10
	},
	"Loadout": {
		"PrimaryWeapon": "StickyLauncher"
	},
	"Weapons": {
		"SpawnedWeapons": [
			"",
			"RocketLauncher",
			"CoronaBomb",
			"GrenadeLauncher",
			"StickyLauncher",
			"HomingRockets"
		]
	},
	"Bots": [
		{
			"Name": "MICHAELANGELO ROUSSEAU",
			"Difficulty": "Kindergartener",
			"Lives": 10,
			"Loadout": {
				"Head": "BasicHead",
				"Core": "BasicCore",
				"Arms": "BasicArms",
				"Legs": "BasicLegs",
				"PrimaryWeapon": ""
			}
		},
		{
			"Name": "VIRCENT DA VINCI",
			"Difficulty": "Kindergartener",
			"Lives": 10,
			"Loadout": {
				"Head": "BasicHead",
				"Core": "BasicCore",
				"Arms": "BasicArms",
				"Legs": "BasicLegs",
				"PrimaryWeapon": ""
			}
		},
		{
			"Name": "FRANCISCO ROCKWELL",
			"Difficulty": "Kindergartener",
			"Lives": 10,
			"Loadout": {
				"Head": "BasicHead",
				"Core": "BasicCore",
				"Arms": "BasicArms",
				"Legs": "BasicLegs",
				"PrimaryWeapon": ""
			}
		},
		{
			"Name": "DONATELLO GRECO",
			"Difficulty": "Kindergartener",
			"Lives": 10,
			"Loadout": {
				"Head": "BasicHead",
				"Core": "BasicCore",
				"Arms": "BasicArms",
				"Legs": "BasicLegs",
				"PrimaryWeapon": ""
			}
		},
		{
			"Name": "CLAUDE KHALO",
			"Difficulty": "Kindergartener",
			"Lives": 10,
			"Loadout": {
				"Head": "BasicHead",
				"Core": "BasicCore",
				"Arms": "BasicArms",
				"Legs": "BasicLegs",
				"PrimaryWeapon": ""
			}
		},
		{
			"Name": "ANDY MOLDREM",
			"Difficulty": "Kindergartener",
			"Lives": 10,
			"Loadout": {
				"Head": "BasicHead",
				"Core": "BasicCore",
				"Arms": "BasicArms",
				"Legs": "BasicLegs",
				"PrimaryWeapon": ""
			}
		},
		{
			"Name": "M.C. BUONARROTI",
			"Difficulty": "Kindergartener",
			"Lives": 10,
			"Loadout": {
				"Head": "BasicHead",
				"Core": "BasicCore",
				"Arms": "BasicArms",
				"Legs": "BasicLegs",
				"PrimaryWeapon": ""
			}
		},
		{
			"Name": "HENRI MANET",
			"Difficulty": "Kindergartener",
			"Lives": 10,
			"Loadout": {
				"Head": "BasicHead",
				"Core": "BasicCore",
				"Arms": "BasicArms",
				"Legs": "BasicLegs",
				"PrimaryWeapon": ""
			}
		},
		{
			"Name": "ANDY MONET",
			"Difficulty": "Kindergartener",
			"Lives": 10,
			"Loadout": {
				"Head": "BasicHead",
				"Core": "BasicCore",
				"Arms": "BasicArms",
				"Legs": "BasicLegs",
				"PrimaryWeapon": ""
			}
		},
		{
			"Name": "SANDRO SANZIO",
			"Difficulty": "Kindergartener",
			"Lives": 10,
			"Loadout": {
				"Head": "BasicHead",
				"Core": "BasicCore",
				"Arms": "BasicArms",
				"Legs": "BasicLegs",
				"PrimaryWeapon": ""
			}
		}
	],
	"Rewards": {
		"Ink": 25
	}
}
