{
	"Name": "SNIPER DEFENSE",
	"Description": "DEFEND YOUR TOWER FROM DISTANCE AGAIST ONRUSHING FOES BEFORE THEY GET TOO CLOSE.",
	"Map": "SniperDefenseMap",
	"Theme": "Grass",
	"TeamDistribution": "PlayersVsBots",
	"GameType": "Conquest",
	"Game": {
		"Lives": 1
	},
	"Loadout": {
		"PrimaryWeapon": "SniperRifle"
	},
	"Weapons": {
		"SpawnedWeapons": [
			"SniperRifle",
			"",
			"",
			"",
			"",
			""
		]
	},
	"Attributes":
	{
		"MaximumForwardSpeed": 0.25,
		"CameraZoom": 2.5
	},
	"Bots": [
		{
			"Name": "MICHAELANGELO ROUSSEAU",
			"Difficulty": "Master",
			"Lives": 3,
			"Loadout": {
				"Head": "BasicHead",
				"Core": "BasicCore",
				"Arms": "BasicArms",
				"Legs": "BasicLegs",
				"PrimaryWeapon": "Shotgun"
			}
		},
		{
			"Name": "VIRCENT DA VINCI",
			"Difficulty": "Master",
			"Lives": 3,
			"Loadout": {
				"Head": "BasicHead",
				"Core": "BasicCore",
				"Arms": "BasicArms",
				"Legs": "BasicLegs",
				"PrimaryWeapon": "Shotgun"
			}
		},
		{
			"Name": "FRANCISCO ROCKWELL",
			"Difficulty": "Master",
			"Lives": 3,
			"Loadout": {
				"Head": "BasicHead",
				"Core": "BasicCore",
				"Arms": "BasicArms",
				"Legs": "BasicLegs",
				"PrimaryWeapon": "Shotgun"
			}
		},
		{
			"Name": "DONATELLO GRECO",
			"Difficulty": "Master",
			"Lives": 3,
			"Loadout": {
				"Head": "BasicHead",
				"Core": "BasicCore",
				"Arms": "BasicArms",
				"Legs": "BasicLegs",
				"PrimaryWeapon": "Shotgun"
			}
		},
		{
			"Name": "CLAUDE KHALO",
			"Difficulty": "Master",
			"Lives": 3,
			"Loadout": {
				"Head": "BasicHead",
				"Core": "BasicCore",
				"Arms": "BasicArms",
				"Legs": "BasicLegs",
				"PrimaryWeapon": "Shotgun"
			}
		},
		{
			"Name": "ANDY MOLDREM",
			"Difficulty": "Master",
			"Lives": 3,
			"Loadout": {
				"Head": "BasicHead",
				"Core": "BasicCore",
				"Arms": "BasicArms",
				"Legs": "BasicLegs",
				"PrimaryWeapon": "Shotgun"
			}
		},
		{
			"Name": "M.C. BUONARROTI",
			"Difficulty": "Master",
			"Lives": 3,
			"Loadout": {
				"Head": "BasicHead",
				"Core": "BasicCore",
				"Arms": "BasicArms",
				"Legs": "BasicLegs",
				"PrimaryWeapon": "Shotgun"
			}
		},
		{
			"Name": "HENRI MANET",
			"Difficulty": "Master",
			"Lives": 3,
			"Loadout": {
				"Head": "BasicHead",
				"Core": "BasicCore",
				"Arms": "BasicArms",
				"Legs": "BasicLegs",
				"PrimaryWeapon": "Shotgun"
			}
		},
		{
			"Name": "ANDY MONET",
			"Difficulty": "Master",
			"Lives": 3,
			"Loadout": {
				"Head": "BasicHead",
				"Core": "BasicCore",
				"Arms": "BasicArms",
				"Legs": "BasicLegs",
				"PrimaryWeapon": "Shotgun"
			}
		},
		{
			"Name": "SANDRO SANZIO",
			"Difficulty": "Master",
			"Lives": 3,
			"Loadout": {
				"Head": "BasicHead",
				"Core": "BasicCore",
				"Arms": "BasicArms",
				"Legs": "BasicLegs",
				"PrimaryWeapon": "Shotgun"
			}
		}
	],
	"Rewards": {
		"Ink": 25
	}
}
