{
	"Name": "SUMO",
	"Description": "USE EXPLOSION IMPULSES TO PUSH YOUR OPPONENT OUT OF THE RING",
	"Map": "SumoMap",
	"Theme": "Grass",
	"TeamDistribution": "PlayersVsBots",
	"GameType": "Conquest",
	"Game": {
		"Lives": 5
	},
	"Loadout": {
		"PrimaryWeapon": "RocketLauncher",
		"Head": "PirateHat",
		"Core": "AmmoBelt",
		"Arms": "",
		"Legs": "CargoShorts"
	},
	"Bots": [
		{
			"Name": "EL PICASSO",
			"Difficulty": "MASTER"
		}
	],
	"Attributes": {
		"CameraZoom": 1.2,
		"HeadshotModifier": 0.0,
		"BodyshotModifier": 0.0,
		"LimbshotModifier": 0.0,
		"ExplosionModifier": 0.0
	},
	"Rewards": {
		"Ink": 25
	}
}
