{
	"Name": "THE SCARY ZONE",
	"Description": "GET UP CLOSE AND PERSONAL WITH THE BOTS. ALL SHOTGUNS, NO INDICATORS, HIGH ZOOM",
	"Map": "CarHole",
	"Theme": "Cavern",
	"TeamDistribution": "PlayersVsBots",
	"GameType": "Deathmatch",
	"Game": {
		"PointsToWin": 25,
		"PlayerIndicators": "Never"
	},
	"Loadout": {
		"PrimaryWeapon": "Shotgun"
	},
	"Weapons": {
		"SpawnedWeapons": [
			"",
			"",
			"",
			"",
			"",
			""
		]
	},
	"Attributes": {
		"CameraZoom": 0.8
	},
	"Bots": [
		{
			"Name": "EL BUONARROTI",
			"Difficulty": "Amateur",
			"Loadout": {
				"Head": "BasicHead",
				"Core": "BasicCore",
				"Arms": "BasicArms",
				"Legs": "GroundBolts"
			}
		},
		{
			"Name": "PIERRE WARHOL",
			"Difficulty": "Amateur",
			"Loadout": {
				"Head": "BasicHead",
				"Core": "BasicCore",
				"Arms": "BasicArms",
				"Legs": "IceSkates"
			}
		},
		{
			"Name": "REMBRANDT VAN GOGH",
			"Difficulty": "Amateur",
			"Loadout": {
				"Head": "BasicHead",
				"Core": "Spoiler",
				"Arms": "BasicArms",
				"Legs": "BasicLegs"
			}
		},
		{
			"Name": "ALBRECT BOTTICELLI",
			"Difficulty": "Amateur",
			"Loadout": {
				"Head": "PirateHat",
				"Core": "BasicCore",
				"Arms": "BasicArms",
				"Legs": "BasicLegs"
			}
		},
		{
			"Name": "VINCENT SANZIO",
			"Difficulty": "Amateur",
			"Loadout": {
				"Head": "BasicHead",
				"Core": "LeadVest",
				"Arms": "BasicArms",
				"Legs": "BasicLegs"
			}
		}
	],
	"Rewards": {
		"Ink": 25
	}
}
