{
	"DataType": "SpaceBoots",
	"DisplayName": "SPACE BOOTS",
	"Description": "DEFY GRAVITY BY JUMPING IN MID AIR",
	"Classification": "Cool",
	"HasAbility": true,
	"Size": "0.15 0.4",
	"LeftFemur": {
		"Name": "LeftFemur"
	},
	"LeftTibia": {
		"Name": "LeftTibia"
	},
	"LeftFoot": {
		"Name": "LeftFoot",
		"Children": [
			{
				"Name": "Wing",
				"LeftOrder": 20,
				"RightOrder": 11,
				"Position": "0.0 0.2",
				"Rotation": "Degrees(0.0)",
				"Size": "0.1 0.1",
				"Offset": "0.5 0.0",
				"Shape": [
					"0.201333 0.798667",
					"0.284 0.218667",
					"0.822667 0.114667",
					"0.842667 0.564"
				]
			}
		]
	},
	"RightFemur": {
		"Name": "RightFemur"
	},
	"RightTibia": {
		"Name": "RightTibia"
	},
	"RightFoot": {
		"Name": "RightFoot",
		"Children": [
			{
				"Name": "Wing",
				"LeftOrder": 21,
				"RightOrder": 18,
				"Position": "0.0 0.2",
				"Rotation": "Degrees(0.0)",
				"Size": "0.1 0.1",
				"Offset": "0.5 0.0",
				"Shape": [
					"0.197333 0.793333",
					"0.281333 0.222667",
					"0.825333 0.134667",
					"0.844 0.574667"
				]
			}
		]
	},
	"JumpImpulse": 25.0
}