{
	"DataType": "GrenadeLauncher",
	"DisplayName": "CORONA BOMB LAUNCHER",
	"Description": "A GRENADE LAUNCHER THAT SPLITS INTO MULTIPLE SMALLER EXPLOSIONS. LIKE A RUSSIAN NESTING DOLL BUT WITH GRENADES",
	"RateOfFire": 1.0,
	"MaxAmmo": 36,
	"ClipSize": 6,
	"DefaultAmmo": 15,
	"BulletCount": 1,
	"ReloadTime": 2.5,
	"PutAwayTime": 0.2,
	"TakeOutTime": 0.2,
	"ZoomLevels": [
		"1.0,0.0"
	],
	"Spread": 0.0,
	"Recoil": 5.0,
	"FireNoise": 0.2,
	"AimUpOffset": "0.125 0.225",
	"AimForwardOffset": "0.225 -0.125",
	"AimDownOffset": "-0.115 -0.25",
	"Size": "0.808 0.303",
	"StowedSize": "0.606 0.227",
	"Offset": "0.3 0.275",
	"MuzzleOffset": "0.977 0.7",
	"Rank": 0.0,
	"OptimalDistance": 4.0,
	"MaxDistance": 6.0,
	"Shape": [
		"0.375 0.892308",
		"0.026163 0.746154",
		"0.07 0.364923",
		"0.22 0.056205",
		"0.671512 0.169231",
		"0.97093 0.615385",
		"0.97093 0.769231",
		"0.680233 0.915385"
	],
	"ContactDamage": 0.0,
	"Knockback": 0.0,
	"Speed": 5.0,
	"SpeedVariance": 10.0,
	"Gravity": 12.0,
	"Lifetime": 0.75,
	"InnerExplosionRadius": 0.25,
	"OuterExplosionRadius": 1.0,
	"ExplosionDamage": 30.0,
	"ExplosionImpulse": 7.5,
	"Projectile": "CoronaProjectile",
	"ChargeRate": 2.0
}
