{
	"DataType": "Weapon",
	"DisplayName": "FIRE BIRD",
	"Description": "A STANDARD ISSUE ANCIENT MAYAN WEAPON. WERE THEY VISITED BY ALIENS? SHOOTS SMALL EXPLOSIVE SHELLS",
	"RateOfFire": 0.666667,
	"MaxAmmo": 48,
	"ClipSize": 8,
	"DefaultAmmo": 20,
	"BulletCount": 1,
	"ReloadTime": 1.5,
	"PutAwayTime": 0.1,
	"TakeOutTime": 0.1,
	"ZoomLevels": [
		"1.0,0.0"
	],
	"Spread": 2.0,
	"Recoil": 2.0,
	"FireNoise": 0.75,
	"AimUpOffset": "0.15 0.15",
	"AimForwardOffset": "0.28 -0.1",
	"AimDownOffset": "-0.05 -0.2",
	"Size": "0.433 0.2",
	"StowedSize": "0.324 0.15",
	"Offset": "0.2 0.115",
	"MuzzleOffset": "0.964 0.644",
	"Rank": 5.0,
	"OptimalDistance": 6.0,
	"MaxDistance": 10.0,
	"Shape": [
		"0.016667 0.09688",
		"0.126667 0.841111",
		"0.95 0.877222",
		"0.94 0.472778",
		"0.156667 0.053889"
	],
	"ContactDamage": 10.0,
	"Knockback": 0.0,
	"Speed": 25.0,
	"SpeedVariance": 0.0,
	"Gravity": 0.0,
	"Lifetime": 1.0,
	"InnerExplosionRadius": 0.1,
	"OuterExplosionRadius": 0.4,
	"ExplosionDamage": 30.0,
	"ExplosionImpulse": 5.0,
	"Projectile": "FireBirdProjectile"
}