{
	"DataType": "Weapon",
	"DisplayName": "MACHINE GUN",
	"Description": "A LACK OF ACCURACY AND SKILL IS NO MATCH FOR SPRAYING BULLETS IN THE GENERAL DIRECTION OF YOUR TARGET.",
	"RateOfFire": 0.2,
	"MaxAmmo": 180,
	"ClipSize": 30,
	"DefaultAmmo": 75,
	"BulletCount": 1,
	"ReloadTime": 1.5,
	"PutAwayTime": 0.1,
	"TakeOutTime": 0.1,
	"ZoomLevels": [
		"1.0,-0.18"
	],
	"Spread": 6.0,
	"Recoil": 2.0,
	"FireNoise": 0.5,
	"AimUpOffset": "0.125 0.2",
	"AimForwardOffset": "0.2 -0.135",
	"AimDownOffset": "-0.125 -0.215",
	"Size": "0.653 0.258",
	"StowedSize": "0.435 0.172",
	"Offset": "0.3 0.25",
	"MuzzleOffset": "0.984 0.752",
	"Rank": 1.0,
	"OptimalDistance": 4.5,
	"MaxDistance": 8.0,
	"Shape": [
		"0.303459 0.948",
		"0.034591 0.824",
		"0.034591 0.352",
		"0.325472 0.072",
		"0.558176 0.04",
		"0.984277 0.704",
		"0.982704 0.824",
		"0.490566 0.948"
	],
	"ContactDamage": 14.0,
	"Knockback": 0.0,
	"Speed": 20.0,
	"SpeedVariance": 0.0,
	"Gravity": 0.0,
	"Lifetime": 1.5,
	"Projectile": "Basic"
}