{
	"DataType": "Weapon",
	"DisplayName": "PISTOL",
	"Description": "REQUIRED BY VIDEO GAME LAW TO BE THE FIRST WEAPON AVAILABLE TO ALL CHARACTERS",
	"RateOfFire": 0.5,
	"MaxAmmo": 72,
	"ClipSize": 12,
	"DefaultAmmo": 30,
	"BulletCount": 1,
	"ReloadTime": 1.0,
	"PutAwayTime": 0.1,
	"TakeOutTime": 0.1,
	"ZoomLevels": [
		"1.0,0.0"
	],
	"Spread": 1.5,
	"Recoil": 0.0,
	"FireNoise": 0.5,
	"AimUpOffset": "0.15 0.15",
	"AimForwardOffset": "0.28 -0.1",
	"AimDownOffset": "-0.05 -0.2",
	"Size": "0.495 0.293",
	"StowedSize": "0.2475 0.1465",
	"Offset": "0.25 0.275",
	"MuzzleOffset": "0.958 0.832",
	"Rank": 1.0,
	"OptimalDistance": 6.0,
	"MaxDistance": 10.0,
	"Shape": [
		"0.016667 0.09688",
		"0.323333 0.87504",
		"0.97 0.90344",
		"0.97 0.76712",
		"0.25 0.0628"
	],
	"ContactDamage": 30.0,
	"Knockback": 0.0,
	"Speed": 30.0,
	"SpeedVariance": 0.0,
	"Gravity": 0.0,
	"Lifetime": 1.0,
	"Projectile": "Basic"
}