{
	"DataType": "Weapon",
	"DisplayName": "ROCKET LAUNCHER",
	"Description": "THE FIRST WEAPON YOU FIND IN A VIDEO GAME THAT YOU'RE ACTUALLY EXCITED TO USE",
	"RateOfFire": 2.0,
	"MaxAmmo": 12,
	"ClipSize": 2,
	"DefaultAmmo": 5,
	"BulletCount": 1,
	"ReloadTime": 3.0,
	"PutAwayTime": 0.2,
	"TakeOutTime": 0.2,
	"ZoomLevels": [
		"1.0,0.0"
	],
	"Spread": 1.0,
	"Recoil": 5.0,
	"FireNoise": 1.0,
	"AimUpOffset": "0.05 0.07",
	"AimForwardOffset": "0.15 -0.05",
	"AimDownOffset": "-0.05 -0.2",
	"Size": "0.857 0.3",
	"StowedSize": "0.4285 0.15",
	"Offset": "0.43 0.15",
	"MuzzleOffset": "0.986 0.567",
	"Rank": 10.0,
	"OptimalDistance": 6.0,
	"MaxDistance": 10.0,
	"Shape": [
		"0.366667 0.154036",
		"0.026667 0.372656",
		"0.02 0.724349",
		"0.98 0.743359",
		"0.976667 0.363151",
		"0.463333 0.10651"
	],
	"ContactDamage": 100.0,
	"Knockback": 0.0,
	"Speed": 10.0,
	"SpeedVariance": 0.0,
	"Gravity": 0.0,
	"Lifetime": 2.0,
	"InnerExplosionRadius": 0.25,
	"OuterExplosionRadius": 1.0,
	"ExplosionDamage": 100.0,
	"ExplosionImpulse": 10.0,
	"Projectile": "Rocket"
}