{
	"DataType": "Weapon",
	"DisplayName": "SHOTGUN",
	"Description": "PERFECT FOR SHORT RANGED COMBAT AND ENCOURAGING THE COMPLETION OF WEDDINGS THAT ONE OR MORE PARTIES IS NOT PARTICULARLY KEEN ON.",
	"RateOfFire": 1.333333,
	"MaxAmmo": 24,
	"ClipSize": 4,
	"DefaultAmmo": 10,
	"BulletCount": 12,
	"ReloadTime": 2.0,
	"PutAwayTime": 0.15,
	"TakeOutTime": 0.15,
	"ZoomLevels": [
		"0.2,-0.25"
	],
	"Spread": 15.0,
	"Recoil": 8.0,
	"FireNoise": 0.75,
	"AimUpOffset": "0.15 0.0",
	"AimForwardOffset": "0.2 -0.2",
	"AimDownOffset": "0.0 -0.3",
	"Size": "0.645 0.187",
	"StowedSize": "0.484 0.14",
	"Offset": "0.275 0.3",
	"MuzzleOffset": "0.968 0.769",
	"Rank": 5.0,
	"OptimalDistance": 2.0,
	"MaxDistance": 3.0,
	"Shape": [
		"0.015873 0.071429",
		"0.057143 0.637363",
		"0.325397 0.840659",
		"0.977778 0.835165",
		"0.97619 0.708791"
	],
	"ContactDamage": 10.0,
	"Knockback": 0.08,
	"Speed": 12.0,
	"SpeedVariance": 2.0,
	"Gravity": 0.0,
	"Lifetime": 0.4,
	"Projectile": "ShotgunShell"
}