{
	"DataType": "SniperRifle",
	"DisplayName": "SNIPER RIFLE",
	"Description": "LIKE THE PUPPETS TALKING SMACK ON THE BALCONY EXCEPT WITH BULLETS AND A LASER SIGHT",
	"RateOfFire": 0.75,
	"MaxAmmo": 24,
	"ClipSize": 4,
	"DefaultAmmo": 10,
	"BulletCount": 1,
	"ReloadTime": 3.0,
	"PutAwayTime": 0.2,
	"TakeOutTime": 0.2,
	"ZoomLevels": [
		"2.5,0.0",
		"10.0,-0.15",
		"20.0,-0.3"
	],
	"Spread": 0.0,
	"Recoil": 8.0,
	"FireNoise": 2.0,
	"AimUpOffset": "0.085 0.225",
	"AimForwardOffset": "0.225 -0.08",
	"AimDownOffset": "-0.085 -0.225",
	"Size": "0.892 0.248",
	"StowedSize": "0.446 0.124",
	"Offset": "0.25 0.2",
	"MuzzleOffset": "0.98 0.528",
	"Rank": 5.0,
	"OptimalDistance": 10.0,
	"MaxDistance": 20.0,
	"Shape": [
		"0.024123 0.11811",
		"0.029605 0.625984",
		"0.246711 0.929134",
		"0.440789 0.933071",
		"0.985746 0.602362",
		"0.986842 0.452756",
		"0.274123 0.035433"
	],
	"ContactDamage": 82.0,
	"Knockback": 5.0,
	"Speed": 75.0,
	"SpeedVariance": 0.0,
	"Gravity": 0.0,
	"Lifetime": 0.8,
	"Projectile": "Sniper",
	"LaserLength": 30.0,
	"LaserWidth": 0.05
}