{
	"DisplayName": "DEBUG MAP",
	"Description": "A MAP FOR DEBUGGING",
	"WorldBounds": "-50.0 -25.0 100.0 75.0",
	"SpawnPoints": [
		{
			"Position": "-31.0 1.0",
			"Mask": "Player|Team0"
		},
		{
			"Position": "-48.0 25.5",
			"Mask": "Weapon2"
		},
		{
			"Position": "-37.0 21.5",
			"Mask": "Player|Team0"
		},
		{
			"Position": "0.0 29.5",
			"Mask": "Weapon5"
		},
		{
			"Position": "-46.0 1.0",
			"Mask": "Player|Team0"
		},
		{
			"Position": "-22.0 7.5",
			"Mask": "Player|Team0"
		},
		{
			"Position": "-18.0 4.0",
			"Mask": "Weapon0"
		},
		{
			"Position": "-29.0 24.0",
			"Mask": "Weapon1"
		},
		{
			"Position": "-13.5 14.5",
			"Mask": "Weapon3"
		},
		{
			"Position": "13.5 14.5",
			"Mask": "Weapon4"
		},
		{
			"Position": "0.0 5.5",
			"Mask": "Weapon1"
		},
		{
			"Position": "-46.5 -22.0",
			"Mask": "Weapon4"
		},
		{
			"Position": "-46.5 -4.5",
			"Mask": "Player|Team0"
		},
		{
			"Position": "-17.5 -22.0",
			"Mask": "Weapon2"
		},
		{
			"Position": "46.5 -22.0",
			"Mask": "Weapon3"
		},
		{
			"Position": "17.5 -22.0",
			"Mask": "Weapon1"
		},
		{
			"Position": "29.0 24.0",
			"Mask": "Weapon1"
		},
		{
			"Position": "37.0 21.5",
			"Mask": "Player|Team1"
		},
		{
			"Position": "48.0 25.5",
			"Mask": "Weapon2"
		},
		{
			"Position": "46.0 1.0",
			"Mask": "Player|Team1"
		},
		{
			"Position": "31.0 1.0",
			"Mask": "Player|Team1"
		},
		{
			"Position": "22.0 7.5",
			"Mask": "Player|Team1"
		},
		{
			"Position": "18.0 4.0",
			"Mask": "Weapon0"
		},
		{
			"Position": "46.5 -4.5",
			"Mask": "Player|Team1"
		},
		{
			"Position": "-35.0 1.0",
			"Mask": "Team0|Objective|FreeForAll"
		},
		{
			"Position": "35.0 1.0",
			"Mask": "Team1|Objective|FreeForAll"
		}
	],
	"Entities": {
		"Platforms": [
			{
				"Position": "10.0 28.5",
				"Size": "3.5 0.5",
				"OneWay": true
			},
			{
				"Position": "-13.5 28.5",
				"Size": "3.5 0.5",
				"OneWay": true
			},
			{
				"Position": "-2.0 27.0",
				"Size": "4.0 1.5",
				"OneWay": true
			},
			{
				"Position": "15.0 27.0",
				"Size": "3.5 0.5",
				"OneWay": true
			},
			{
				"Position": "-18.5 27.0",
				"Size": "3.5 0.5",
				"OneWay": true
			},
			{
				"Position": "-7.5 26.5",
				"Size": "15.0 0.5",
				"OneWay": true
			},
			{
				"Position": "-26.5 25.5",
				"Size": "6.5 0.5",
				"OneWay": true
			},
			{
				"Position": "20.0 25.5",
				"Size": "6.5 0.5",
				"OneWay": true
			},
			{
				"Position": "-1.0 22.5",
				"Size": "2.0 3.0",
				"OneWay": true
			},
			{
				"Position": "-45.5 24.0",
				"Size": "3.0 0.5",
				"OneWay": true,
				"Moving": true,
				"Path": [
					{
						"Time": 0.0,
						"Value": {
							"Position": "-45.5 24.0",
							"Action": "Normal"
						}
					},
					{
						"Time": 5.0,
						"Value": {
							"Position": "-27.5 24.0",
							"Action": "Normal"
						}
					},
					{
						"Time": 10.0,
						"Value": {
							"Position": "-45.5 24.0",
							"Action": "Normal"
						}
					}
				]
			},
			{
				"Position": "42.5 24.0",
				"Size": "3.0 0.5",
				"OneWay": true,
				"Moving": true,
				"Path": [
					{
						"Time": 0.0,
						"Value": {
							"Position": "42.5 24.0",
							"Action": "Normal"
						}
					},
					{
						"Time": 5.0,
						"Value": {
							"Position": "24.5 24.0",
							"Action": "Normal"
						}
					},
					{
						"Time": 10.0,
						"Value": {
							"Position": "42.5 24.0",
							"Action": "Normal"
						}
					}
				]
			},
			{
				"Position": "46.25 23.0",
				"Size": "3.5 1.5",
				"OneWay": true
			},
			{
				"Position": "-49.75 23.0",
				"Size": "3.5 1.5",
				"OneWay": true
			},
			{
				"Position": "-2.5 22.474878",
				"Size": "5.0 1.5",
				"OneWay": true
			},
			{
				"Position": "9.0 18.5",
				"Size": "5.5 4.5",
				"OneWay": true
			},
			{
				"Position": "-31.0 18.5",
				"Size": "4.0 4.5",
				"OneWay": true
			},
			{
				"Position": "-14.5 18.5",
				"Size": "5.5 4.5",
				"OneWay": true
			},
			{
				"Position": "27.0 18.5",
				"Size": "4.0 4.5",
				"OneWay": true
			},
			{
				"Position": "-6.0 21.5",
				"Size": "12.0 1.0",
				"OneWay": true
			},
			{
				"Position": "24.500002 18.5",
				"Size": "9.0 3.0",
				"OneWay": true
			},
			{
				"Position": "17.0 20.5",
				"Size": "2.5 1.0",
				"OneWay": true
			},
			{
				"Position": "-33.5 18.5",
				"Size": "9.0 3.0",
				"OneWay": true
			},
			{
				"Position": "-19.5 20.5",
				"Size": "2.5 1.0",
				"OneWay": true
			},
			{
				"Position": "13.0 18.5",
				"Size": "3.0 1.5",
				"OneWay": true
			},
			{
				"Position": "-39.5 18.5",
				"Size": "9.0 1.5",
				"OneWay": true
			},
			{
				"Position": "-16.0 18.5",
				"Size": "3.0 1.5",
				"OneWay": true
			},
			{
				"Position": "-23.0 19.0",
				"Size": "2.5 1.0",
				"OneWay": true
			},
			{
				"Position": "20.5 19.0",
				"Size": "2.5 1.0",
				"OneWay": true
			},
			{
				"Position": "30.5 18.5",
				"Size": "9.0 1.5",
				"OneWay": true
			},
			{
				"Position": "-46.5 19.0",
				"Size": "2.5 0.5",
				"OneWay": true,
				"Moving": true,
				"Path": [
					{
						"Time": 0.0,
						"Value": {
							"Position": "-46.5 19.0",
							"Action": "Normal"
						}
					},
					{
						"Time": 2.0,
						"Value": {
							"Position": "-46.5 19.0",
							"Action": "Normal"
						}
					},
					{
						"Time": 12.0,
						"Value": {
							"Position": "-46.5 1.0",
							"Action": "Normal"
						}
					},
					{
						"Time": 14.0,
						"Value": {
							"Position": "-46.5 1.0",
							"Action": "Normal"
						}
					},
					{
						"Time": 16.0,
						"Value": {
							"Position": "-46.5 1.0",
							"Action": "Normal"
						}
					},
					{
						"Time": 26.0,
						"Value": {
							"Position": "-46.5 19.0",
							"Action": "Normal"
						}
					},
					{
						"Time": 28.0,
						"Value": {
							"Position": "-46.5 19.0",
							"Action": "Normal"
						}
					}
				]
			},
			{
				"Position": "44.0 19.0",
				"Size": "2.5 0.5",
				"OneWay": true,
				"Moving": true,
				"Path": [
					{
						"Time": 0.0,
						"Value": {
							"Position": "44.0 19.0",
							"Action": "Normal"
						}
					},
					{
						"Time": 2.0,
						"Value": {
							"Position": "44.0 19.0",
							"Action": "Normal"
						}
					},
					{
						"Time": 12.0,
						"Value": {
							"Position": "44.0 1.0",
							"Action": "Normal"
						}
					},
					{
						"Time": 14.0,
						"Value": {
							"Position": "44.0 1.0",
							"Action": "Normal"
						}
					},
					{
						"Time": 16.0,
						"Value": {
							"Position": "44.0 1.0",
							"Action": "Normal"
						}
					},
					{
						"Time": 26.0,
						"Value": {
							"Position": "44.0 19.0",
							"Action": "Normal"
						}
					},
					{
						"Time": 28.0,
						"Value": {
							"Position": "44.0 19.0",
							"Action": "Normal"
						}
					}
				]
			},
			{
				"Position": "17.0 17.5",
				"Size": "6.5 0.5",
				"OneWay": true
			},
			{
				"Position": "-23.5 17.5",
				"Size": "6.5 0.5",
				"OneWay": true
			},
			{
				"Position": "-1.0 16.5",
				"Size": "2.0 0.5",
				"OneWay": true
			},
			{
				"Position": "17.0 16.5",
				"Size": "2.5 0.5",
				"OneWay": true
			},
			{
				"Position": "-19.5 16.5",
				"Size": "2.5 0.5",
				"OneWay": true
			},
			{
				"Position": "-23.5 15.0",
				"Size": "2.5 0.5",
				"OneWay": true
			},
			{
				"Position": "21.0 15.0",
				"Size": "2.5 0.5",
				"OneWay": true
			},
			{
				"Position": "-2.0 14.0",
				"Size": "4.0 0.5",
				"OneWay": true
			},
			{
				"Position": "17.0 13.5",
				"Size": "2.5 0.5",
				"OneWay": true
			},
			{
				"Position": "-19.5 13.5",
				"Size": "2.5 0.5",
				"OneWay": true
			},
			{
				"Position": "-9.5 12.0",
				"Size": "2.5 1.0",
				"OneWay": true
			},
			{
				"Position": "7.0 12.0",
				"Size": "2.5 1.0",
				"OneWay": true
			},
			{
				"Position": "-23.5 12.0",
				"Size": "2.5 0.5",
				"OneWay": true
			},
			{
				"Position": "21.0 12.0",
				"Size": "2.5 0.5",
				"OneWay": true
			},
			{
				"Position": "-5.0 11.5",
				"Size": "10.0 1.0",
				"OneWay": true
			},
			{
				"Position": "17.0 10.5",
				"Size": "2.5 0.5",
				"OneWay": true
			},
			{
				"Position": "-19.5 10.5",
				"Size": "2.5 0.5",
				"OneWay": true
			},
			{
				"Position": "-2.0 10.0",
				"Size": "4.0 0.5",
				"OneWay": true
			},
			{
				"Position": "21.0 9.0",
				"Size": "2.5 0.5",
				"OneWay": true
			},
			{
				"Position": "-23.5 9.0",
				"Size": "2.5 0.5",
				"OneWay": true
			},
			{
				"Position": "-1.5 8.0",
				"Size": "3.0 0.5",
				"OneWay": true
			},
			{
				"Position": "-19.5 7.5",
				"Size": "2.5 0.5",
				"OneWay": true
			},
			{
				"Position": "17.0 7.5",
				"Size": "2.5 0.5",
				"OneWay": true
			},
			{
				"Position": "-23.5 6.0",
				"Size": "6.5 0.5",
				"OneWay": true
			},
			{
				"Position": "17.0 6.0",
				"Size": "6.5 0.5",
				"OneWay": true
			},
			{
				"Position": "-3.0 2.5",
				"Size": "6.0 4.0",
				"OneWay": true
			},
			{
				"Position": "17.0 0.0",
				"Size": "2.5 5.0",
				"OneWay": true
			},
			{
				"Position": "-19.5 0.0",
				"Size": "2.5 5.0",
				"OneWay": true
			},
			{
				"Position": "-1.5 2.5",
				"Size": "3.0 2.0",
				"OneWay": true
			},
			{
				"Position": "17.0 0.0",
				"Size": "5.0 3.0",
				"OneWay": true
			},
			{
				"Position": "-22.0 0.0",
				"Size": "5.0 3.0",
				"OneWay": true
			},
			{
				"Position": "-5.5 -5.0",
				"Size": "11.0 7.5",
				"OneWay": true
			},
			{
				"Position": "-24.5 0.0",
				"Size": "7.5 1.5",
				"OneWay": true
			},
			{
				"Position": "17.0 0.0",
				"Size": "7.5 1.5",
				"OneWay": true
			},
			{
				"Position": "8.0 0.5",
				"Size": "3.5 0.5",
				"OneWay": true
			},
			{
				"Position": "33.0 0.0",
				"Size": "4.0 1.0",
				"OneWay": true
			},
			{
				"Position": "-11.5 0.5",
				"Size": "3.5 0.5",
				"OneWay": true
			},
			{
				"Position": "-37.0 0.0",
				"Size": "4.0 1.0",
				"OneWay": true
			},
			{
				"Position": "-44.0 -2.0",
				"Size": "3.0 0.5",
				"OneWay": true
			},
			{
				"Position": "41.0 -2.0",
				"Size": "3.0 0.5",
				"OneWay": true
			},
			{
				"Position": "8.0 -3.5",
				"Size": "3.5 0.5",
				"OneWay": true
			},
			{
				"Position": "-11.5 -3.5",
				"Size": "3.5 0.5",
				"OneWay": true
			},
			{
				"Position": "-45.0 -4.0",
				"Size": "5.0 0.5",
				"OneWay": true
			},
			{
				"Position": "40.0 -4.5",
				"Size": "5.0 1.0",
				"OneWay": true
			},
			{
				"Position": "38.5 -10.0",
				"Size": "2.0 3.0",
				"OneWay": true
			},
			{
				"Position": "-40.5 -10.0",
				"Size": "2.0 3.0",
				"OneWay": true
			},
			{
				"Position": "37.5 -10.0",
				"Size": "4.0 1.5",
				"OneWay": true
			},
			{
				"Position": "-41.5 -10.0",
				"Size": "4.0 1.5",
				"OneWay": true
			},
			{
				"Position": "-18.0 -9.0",
				"Size": "36.0 2.0"
			},
			{
				"Position": "-12.0 -24.75",
				"Size": "24.0 10.0"
			},
			{
				"Position": "-49.75 -24.75",
				"Size": "38.0 1.75"
			},
			{
				"Position": "-49.75 -23.0",
				"Size": "1.75 35.0"
			},
			{
				"Position": "-48.0 -2.0",
				"Size": "4.0 2.0"
			},
			{
				"Position": "-41.0 -2.0",
				"Size": "24.0 2.0"
			},
			{
				"Position": "-17.0 -4.0",
				"Size": "2.0 22.5"
			},
			{
				"Position": "-15.0 16.5",
				"Size": "12.0 2.0"
			},
			{
				"Position": "3.0 16.5",
				"Size": "12.0 2.0"
			},
			{
				"Position": "15.0 -4.0",
				"Size": "2.0 22.5"
			},
			{
				"Position": "-42.5 5.5",
				"Size": "19.0 13.0"
			},
			{
				"Position": "-10.0 -7.0",
				"Size": "20.0 2.0"
			},
			{
				"Position": "-15.0 -2.0",
				"Size": "2.5 1.0"
			},
			{
				"Position": "-15.0 11.5",
				"Size": "3.5 2.0"
			},
			{
				"Position": "11.5 11.5",
				"Size": "3.5 2.0"
			},
			{
				"Position": "12.5 -2.0",
				"Size": "2.5 1.0"
			},
			{
				"Position": "-48.0 -20.5",
				"Size": "6.5 1.5"
			},
			{
				"Position": "-37.5 -7.0",
				"Size": "12.0 5.0"
			},
			{
				"Position": "-48.0 -7.0",
				"Size": "5.5 1.5"
			},
			{
				"Position": "-35.5 -23.0",
				"Size": "12.0 6.0"
			},
			{
				"Position": "-39.5 -23.0",
				"Size": "4.0 2.0"
			},
			{
				"Position": "-37.5 -21.0",
				"Size": "2.0 2.0"
			},
			{
				"Position": "-44.5 -16.5",
				"Size": "7.0 3.5"
			},
			{
				"Position": "-43.5 -13.0",
				"Size": "14.5 3.0"
			},
			{
				"Position": "-22.0 -15.0",
				"Size": "5.0 4.0"
			},
			{
				"Position": "-24.0 -15.0",
				"Size": "2.0 2.0"
			},
			{
				"Position": "-28.0 -17.0",
				"Size": "2.5 2.0"
			},
			{
				"Position": "-29.0 -11.5",
				"Size": "3.5 1.5"
			},
			{
				"Position": "-20.0 -11.0",
				"Size": "7.0 2.0"
			},
			{
				"Position": "-23.5 -23.0",
				"Size": "3.5 2.0"
			},
			{
				"Position": "-15.0 -23.0",
				"Size": "3.0 2.0"
			},
			{
				"Position": "-23.5 -21.0",
				"Size": "2.0 2.0"
			},
			{
				"Position": "-14.0 -19.0",
				"Size": "2.0 2.0"
			},
			{
				"Position": "-19.5 -19.0",
				"Size": "3.5 2.0"
			},
			{
				"Position": "-48.0 -19.040396",
				"Size": "2.0 2.0"
			},
			{
				"Position": "-45.5 -15.5",
				"Size": "1.0 0.5"
			},
			{
				"Position": "-48.0 -12.5",
				"Size": "2.0 1.0"
			},
			{
				"Position": "48.0 -24.75",
				"Size": "1.75 36.75"
			},
			{
				"Position": "12.0 -24.75",
				"Size": "36.0 1.75"
			},
			{
				"Position": "12.0 -23.0",
				"Size": "3.0 2.0"
			},
			{
				"Position": "12.0 -19.0",
				"Size": "2.0 2.0"
			},
			{
				"Position": "16.0 -19.0",
				"Size": "3.5 2.0"
			},
			{
				"Position": "20.0 -23.0",
				"Size": "3.5 2.0"
			},
			{
				"Position": "21.5 -21.0",
				"Size": "2.0 2.0"
			},
			{
				"Position": "23.5 -23.0",
				"Size": "12.0 6.0"
			},
			{
				"Position": "35.5 -21.0",
				"Size": "2.0 2.0"
			},
			{
				"Position": "35.5 -23.0",
				"Size": "4.0 2.0"
			},
			{
				"Position": "41.5 -20.5",
				"Size": "6.5 1.5"
			},
			{
				"Position": "46.0 -19.0",
				"Size": "2.0 2.0"
			},
			{
				"Position": "13.0 -11.0",
				"Size": "7.0 2.0"
			},
			{
				"Position": "17.0 -15.0",
				"Size": "5.0 4.0"
			},
			{
				"Position": "22.0 -15.0",
				"Size": "2.0 2.0"
			},
			{
				"Position": "25.5 -17.0",
				"Size": "2.0 2.0"
			},
			{
				"Position": "25.5 -11.5",
				"Size": "3.5 1.5"
			},
			{
				"Position": "29.000002 -13.0",
				"Size": "14.5 3.0"
			},
			{
				"Position": "37.5 -16.5",
				"Size": "7.0 3.5"
			},
			{
				"Position": "44.5 -15.5",
				"Size": "1.0 0.5"
			},
			{
				"Position": "46.0 -12.5",
				"Size": "2.0 1.0"
			},
			{
				"Position": "42.5 -7.0",
				"Size": "5.5 1.5"
			},
			{
				"Position": "25.5 -7.0",
				"Size": "12.0 5.0"
			},
			{
				"Position": "17.0 -2.0",
				"Size": "24.0 2.0"
			},
			{
				"Position": "44.0 -2.0",
				"Size": "4.0 2.0"
			},
			{
				"Position": "23.5 5.5",
				"Size": "19.0 13.0"
			}
		],
		"Hazards": [
			{
				"Position": "-40.5 0.0",
				"Size": "2.5 1.0",
				"Data": "Gap"
			}
		]
	},
	"Backgrounds": [
		{
			"Texture": "Underground",
			"Left": -16.0,
			"Right": 16.0,
			"Bottom": 0.0,
			"Top": 17.5,
			"Depth": 0.5,
			"ScrollX": true,
			"ScrollY": true
		}
	]
}